month,n_nodes,n_edges,n_newcomers,newcomer_pop_share,hub_threshold_deg_p5,n_hubs_p5,newcomer_hub_share_p5,newcomer_hub_rate_p5,existing_threshold_deg_p5,newcomer_hub_rate_vs_existing_p5,hub_threshold_deg_p10,n_hubs_p10,newcomer_hub_share_p10,newcomer_hub_rate_p10,existing_threshold_deg_p10,newcomer_hub_rate_vs_existing_p10,hub_threshold_deg_p20,n_hubs_p20,newcomer_hub_share_p20,newcomer_hub_rate_p20,existing_threshold_deg_p20,newcomer_hub_rate_vs_existing_p20
2014-05,2,1,0,0.0,1.0,2,0.0,,,,1.0,2,0.0,,,,1.0,2,0.0,,,
2014-06,23,16,0,0.0,3.8999999999999986,2,0.0,,,,2.6000000000000014,3,0.0,,,,1.0,23,0.0,,,
2014-07,30,21,0,0.0,3.549999999999997,2,0.0,,,,2.1000000000000014,3,0.0,,,,1.2000000000000028,6,0.0,,,
2014-09,15,13,0,0.0,3.899999999999997,1,0.0,,,,3.0,3,0.0,,,,2.200000000000001,3,0.0,,,
2014-10,4,3,0,0.0,2.6999999999999993,1,0.0,,,,2.4000000000000004,1,0.0,,,,1.8000000000000007,1,0.0,,,
2014-11,5,3,0,0.0,1.7999999999999998,1,0.0,,,,1.6,1,0.0,,,,1.2000000000000002,1,0.0,,,
2014-12,3,2,0,0.0,1.9,1,0.0,,,,1.8,1,0.0,,,,1.6,1,0.0,,,
2015-01,8,5,0,0.0,2.0,2,0.0,,,,2.0,2,0.0,,,,1.6000000000000005,2,0.0,,,
2015-02,49,40,0,0.0,4.599999999999994,3,0.0,,,,4.0,6,0.0,,,,2.0,12,0.0,,,
2015-03,41,29,0,0.0,4.0,3,0.0,,,,2.0,9,0.0,,,,2.0,9,0.0,,,
2015-04,27,19,0,0.0,3.0,3,0.0,,,,2.400000000000002,3,0.0,,,,1.8000000000000007,6,0.0,,,
2015-05,55,43,0,0.0,2.299999999999997,3,0.0,,,,2.0,16,0.0,,,,2.0,16,0.0,,,
2015-06,484,450,0,0.0,5.0,36,0.0,,,,3.0,62,0.0,,,,2.0,123,0.0,,,
2015-07,1955,2152,1811,0.9263427109974425,6.0,125,0.864,0.05963556046383214,10.849999999999994,0.016565433462175594,4.0,214,0.8551401869158879,0.10104914411927111,6.0,0.041965764770844835,2.0,618,0.8867313915857605,0.3025952512424075,4.0,0.07344008834897847
2015-08,1093,1349,995,0.9103385178408051,6.0,68,0.75,0.05125628140703518,15.299999999999983,0.008040201005025126,4.0,130,0.8,0.10452261306532663,8.299999999999997,0.023115577889447236,2.0,360,0.8611111111111112,0.31155778894472363,4.0,0.0763819095477387
2015-09,612,714,544,0.8888888888888888,6.0,36,0.75,0.04963235294117647,11.949999999999996,0.01838235294117647,4.0,67,0.7611940298507462,0.09375,7.6000000000000085,0.03860294117647059,2.0,180,0.8333333333333334,0.2757352941176471,4.0,0.06801470588235294
2015-10,558,716,498,0.8924731182795699,8.0,31,0.5806451612903226,0.03614457831325301,27.049999999999997,0.0,4.0,73,0.7808219178082192,0.1144578313253012,14.0,0.012048192771084338,2.0,205,0.8439024390243902,0.3473895582329317,8.0,0.028112449799196786
2015-11,539,720,479,0.8886827458256029,7.0,33,0.6666666666666666,0.04592901878914405,20.0,0.008350730688935281,4.0,71,0.7464788732394366,0.11064718162839249,9.200000000000003,0.033402922755741124,3.0,111,0.8198198198198198,0.18997912317327767,6.0,0.04592901878914405
2015-12,535,661,481,0.8990654205607477,7.0,31,0.7096774193548387,0.04573804573804574,12.049999999999983,0.014553014553014554,4.0,70,0.8,0.11642411642411643,9.700000000000003,0.02079002079002079,3.0,109,0.8440366972477065,0.19126819126819128,5.0,0.06652806652806653
2016-01,581,766,532,0.9156626506024096,8.0,32,0.78125,0.046992481203007516,27.59999999999988,0.0018796992481203006,5.0,62,0.7903225806451613,0.09210526315789473,9.200000000000017,0.02819548872180451,2.0,215,0.8697674418604651,0.35150375939849626,6.400000000000006,0.06015037593984962
2016-02,508,643,464,0.9133858267716536,7.649999999999977,26,0.8076923076923077,0.04525862068965517,22.700000000000003,0.004310344827586207,4.0,73,0.8356164383561644,0.1314655172413793,13.000000000000028,0.01293103448275862,3.0,103,0.8543689320388349,0.1896551724137931,5.0,0.06896551724137931
2016-03,594,783,545,0.9175084175084175,8.0,36,0.6666666666666666,0.044036697247706424,21.399999999999977,0.009174311926605505,5.0,71,0.7605633802816901,0.09908256880733946,15.0,0.009174311926605505,3.0,135,0.8296296296296296,0.20550458715596331,8.0,0.03302752293577982
2016-04,585,796,546,0.9333333333333333,8.0,31,0.7419354838709677,0.04212454212454213,26.10000000000003,0.005494505494505495,4.0,82,0.8536585365853658,0.1282051282051282,20.200000000000003,0.009157509157509158,3.0,130,0.8692307692307693,0.20695970695970695,7.400000000000002,0.04212454212454213
2016-05,567,764,531,0.9365079365079365,8.699999999999932,29,0.7586206896551724,0.04143126177024482,30.25,0.0018832391713747645,5.0,61,0.8524590163934426,0.09792843691148775,25.5,0.0018832391713747645,3.0,125,0.88,0.2071563088512241,8.0,0.04143126177024482
2016-06,556,707,518,0.9316546762589928,7.0,34,0.7647058823529411,0.05019305019305019,26.499999999999986,0.003861003861003861,4.0,63,0.8253968253968254,0.10038610038610038,19.10000000000003,0.005791505791505791,3.0,118,0.847457627118644,0.19305019305019305,6.200000000000003,0.05019305019305019
2016-07,468,572,434,0.9273504273504274,7.0,28,0.7857142857142857,0.05069124423963134,18.39999999999999,0.01152073732718894,4.0,61,0.8360655737704918,0.1175115207373272,7.699999999999999,0.04377880184331797,2.0,164,0.8780487804878049,0.3317972350230415,5.400000000000002,0.055299539170506916
2016-08,445,524,410,0.9213483146067416,8.0,24,0.7916666666666666,0.046341463414634146,27.09999999999998,0.0024390243902439024,4.0,61,0.819672131147541,0.12195121951219512,14.600000000000009,0.012195121951219513,2.0,141,0.8936170212765957,0.3073170731707317,4.0,0.08292682926829269
2016-09,447,581,407,0.9105145413870246,8.0,26,0.8461538461538461,0.05405405405405406,13.199999999999989,0.0171990171990172,5.0,50,0.84,0.10319410319410319,7.100000000000001,0.05405405405405406,3.0,101,0.8316831683168316,0.20638820638820637,4.200000000000003,0.10319410319410319
2016-10,446,588,417,0.9349775784753364,8.0,25,0.8,0.047961630695443645,26.599999999999966,0.007194244604316547,4.5,45,0.8444444444444444,0.09112709832134293,16.2,0.011990407673860911,2.0,154,0.9090909090909091,0.33573141486810554,5.800000000000004,0.0671462829736211
2016-11,601,812,564,0.9384359400998337,9.0,35,0.8571428571428571,0.05319148936170213,23.799999999999983,0.0035460992907801418,6.0,61,0.8688524590163934,0.09397163120567376,10.799999999999997,0.031914893617021274,3.0,138,0.8985507246376812,0.2198581560283688,5.800000000000001,0.09397163120567376
2016-12,663,937,622,0.9381598793363499,8.899999999999977,34,0.7941176470588235,0.04340836012861737,27.0,0.006430868167202572,5.0,79,0.8734177215189873,0.11093247588424437,15.0,0.014469453376205787,3.0,144,0.8958333333333334,0.20739549839228297,5.0,0.08038585209003216
2017-01,672,932,646,0.9613095238095238,8.0,37,0.8648648648648649,0.04953560371517028,37.75,0.0046439628482972135,5.0,69,0.9130434782608695,0.09752321981424149,15.5,0.01393188854489164,3.0,145,0.9241379310344827,0.20743034055727555,5.0,0.0804953560371517
2017-02,749,1056,718,0.9586114819759679,8.0,41,0.9024390243902439,0.05153203342618384,27.5,0.008356545961002786,5.0,86,0.9069767441860465,0.10863509749303621,12.0,0.026462395543175487,2.0,261,0.9578544061302682,0.34818941504178275,7.0,0.05153203342618384
2017-03,798,1249,769,0.9636591478696742,8.149999999999977,40,0.9,0.04681404421326398,31.799999999999972,0.011703511053315995,5.0,99,0.9393939393939394,0.12093628088426528,14.399999999999991,0.0247074122236671,3.0,181,0.9558011049723757,0.22496749024707413,4.400000000000002,0.12093628088426528
2017-04,700,1046,669,0.9557142857142857,9.0,36,0.9166666666666666,0.04932735426008968,34.0,0.008968609865470852,5.0,79,0.9240506329113924,0.10911808669656203,6.0,0.0687593423019432,3.0,157,0.9044585987261147,0.21225710014947682,4.0,0.10911808669656203
2017-05,902,1318,873,0.967849223946785,10.0,53,0.8867924528301887,0.053837342497136315,23.599999999999998,0.011454753722794959,6.0,92,0.9130434782608695,0.09621993127147767,20.599999999999998,0.013745704467353952,3.0,206,0.9320388349514563,0.21993127147766323,10.200000000000006,0.044673539518900345
2017-06,736,985,712,0.967391304347826,8.0,40,0.9,0.05056179775280899,20.199999999999974,0.009831460674157303,5.0,80,0.95,0.10674157303370786,9.7,0.037921348314606744,2.0,250,0.956,0.3356741573033708,4.0,0.10674157303370786
2017-07,855,1265,824,0.9637426900584796,9.0,46,0.9130434782608695,0.050970873786407765,23.5,0.007281553398058253,5.0,103,0.9320388349514563,0.11650485436893204,15.0,0.02063106796116505,3.0,190,0.9421052631578948,0.21723300970873785,5.0,0.09223300970873786
2017-08,746,1085,723,0.9691689008042895,9.0,40,0.85,0.04702627939142462,35.39999999999999,0.0027662517289073307,5.0,92,0.8804347826086957,0.11203319502074689,29.200000000000003,0.0027662517289073307,3.0,177,0.9265536723163842,0.2268326417704011,18.800000000000004,0.008298755186721992
2017-09,638,859,622,0.9749216300940439,7.0,37,0.8648648648648649,0.05144694533762058,93.25,0.001607717041800643,4.0,85,0.9176470588235294,0.12540192926045016,37.5,0.001607717041800643,3.0,140,0.9428571428571428,0.21221864951768488,14.0,0.012861736334405145
2017-10,570,803,550,0.9649122807017544,9.0,30,0.9,0.04909090909090909,30.950000000000127,0.0018181818181818182,5.0,67,0.9253731343283582,0.11272727272727273,20.200000000000003,0.007272727272727273,3.0,121,0.9421487603305785,0.20727272727272728,5.0,0.08727272727272728
2017-11,621,875,600,0.966183574879227,8.0,34,0.8823529411764706,0.05,32.0,0.0016666666666666668,5.0,70,0.9285714285714286,0.10833333333333334,19.0,0.011666666666666667,3.0,142,0.9436619718309859,0.22333333333333333,6.0,0.065
2017-12,657,921,633,0.9634703196347032,8.0,37,0.8918918918918919,0.052132701421800945,11.849999999999998,0.022116903633491312,5.0,70,0.8857142857142857,0.09794628751974724,10.099999999999998,0.02843601895734597,3.0,133,0.9172932330827067,0.19273301737756715,6.400000000000002,0.0631911532385466
2018-01,693,1071,671,0.9682539682539683,8.399999999999977,35,0.8857142857142857,0.046199701937406856,29.9,0.010432190760059613,5.0,75,0.8933333333333333,0.09985096870342772,26.700000000000028,0.010432190760059613,3.0,166,0.927710843373494,0.22950819672131148,6.600000000000001,0.06557377049180328
2018-02,650,955,630,0.9692307692307692,9.0,37,0.8378378378378378,0.049206349206349205,42.65000000000012,0.0031746031746031746,5.0,67,0.8955223880597015,0.09523809523809523,17.800000000000026,0.012698412698412698,3.0,139,0.935251798561151,0.20634920634920634,14.200000000000001,0.022222222222222223
2018-03,762,1133,743,0.9750656167979003,8.0,40,0.925,0.04979811574697174,73.09999999999974,0.0,5.0,82,0.9634146341463414,0.1063257065948856,18.599999999999962,0.017496635262449527,3.0,156,0.9615384615384616,0.2018842530282638,4.0,0.1063257065948856
2018-04,624,925,602,0.9647435897435898,7.850000000000023,32,0.875,0.046511627906976744,26.449999999999992,0.009966777408637873,4.0,89,0.9550561797752809,0.14119601328903655,15.700000000000006,0.016611295681063124,3.0,139,0.9496402877697842,0.21926910299003322,3.0,0.14119601328903655
2018-05,719,1077,700,0.9735744089012517,8.100000000000023,36,0.8888888888888888,0.045714285714285714,67.09999999999978,0.0014285714285714286,5.0,89,0.9325842696629213,0.11857142857142858,26.599999999999973,0.01,3.0,164,0.9512195121951219,0.22285714285714286,10.400000000000004,0.03142857142857143
2018-06,552,777,535,0.9692028985507246,11.0,29,0.8620689655172413,0.04672897196261682,29.39999999999996,0.003738317757009346,5.0,68,0.9411764705882353,0.11962616822429907,18.0,0.014953271028037384,3.0,134,0.9626865671641791,0.2411214953271028,9.400000000000006,0.05420560747663551
2018-07,584,849,568,0.9726027397260274,8.0,35,0.9142857142857143,0.056338028169014086,34.0,0.007042253521126761,5.0,69,0.9420289855072463,0.11443661971830986,11.0,0.028169014084507043,3.0,135,0.9481481481481482,0.22535211267605634,6.0,0.06514084507042253
2018-08,654,1007,636,0.9724770642201835,9.350000000000023,33,0.8484848484848485,0.0440251572327044,41.099999999999895,0.006289308176100629,5.0,81,0.9259259259259259,0.1179245283018868,22.300000000000008,0.012578616352201259,3.0,158,0.9430379746835443,0.23427672955974843,11.200000000000003,0.0330188679245283
2018-09,727,1034,714,0.9821182943603851,8.0,40,0.9,0.05042016806722689,58.199999999999875,0.0028011204481792717,5.0,77,0.948051948051948,0.10224089635854341,22.8,0.014005602240896359,3.0,148,0.9662162162162162,0.20028011204481794,17.200000000000017,0.018207282913165267
2018-10,890,1368,321,0.36067415730337077,8.0,55,0.18181818181818182,0.03115264797507788,10.0,0.003115264797507788,5.0,114,0.19298245614035087,0.06853582554517133,6.0,0.037383177570093455,3.0,216,0.18518518518518517,0.12461059190031153,4.0,0.06853582554517133
2018-11,737,1078,297,0.40298507462686567,8.0,41,0.2682926829268293,0.037037037037037035,11.0,0.010101010101010102,5.0,81,0.24691358024691357,0.06734006734006734,6.0,0.04040404040404041,3.0,155,0.23225806451612904,0.12121212121212122,3.0,0.08080808080808081
2018-12,689,1035,253,0.3671988388969521,8.0,41,0.12195121951219512,0.019762845849802372,10.25,0.011857707509881422,5.0,78,0.14102564102564102,0.043478260869565216,6.0,0.03162055335968379,3.0,155,0.16129032258064516,0.09881422924901186,4.0,0.043478260869565216
2019-01,790,1217,320,0.4050632911392405,9.0,45,0.17777777777777778,0.025,10.0,0.01875,5.0,89,0.23595505617977527,0.065625,7.0,0.0375,3.0,185,0.2864864864864865,0.165625,4.0,0.065625
2019-02,668,916,285,0.42664670658682635,8.0,35,0.11428571428571428,0.014035087719298246,12.0,0.0,5.0,69,0.2028985507246377,0.04912280701754386,6.0,0.028070175438596492,2.0,254,0.3031496062992126,0.27017543859649124,3.0,0.06666666666666667
2019-03,883,1374,407,0.4609286523216308,9.0,46,0.2391304347826087,0.02702702702702703,10.25,0.019656019656019656,5.0,106,0.25471698113207547,0.06633906633906633,7.0,0.029484029484029485,3.0,200,0.285,0.14004914004914004,3.0,0.085995085995086
2019-04,823,1264,413,0.5018226002430134,8.0,43,0.27906976744186046,0.029055690072639227,10.0,0.01937046004842615,5.0,94,0.3191489361702128,0.07263922518159806,6.0,0.0387409200968523,3.0,175,0.38857142857142857,0.16464891041162227,4.0,0.07263922518159806
2019-05,913,1514,451,0.4939759036144578,9.0,47,0.2765957446808511,0.028824833702882482,12.949999999999989,0.013303769401330377,6.0,94,0.3404255319148936,0.07095343680709534,7.0,0.03991130820399113,3.0,216,0.3287037037037037,0.1574279379157428,4.0,0.08869179600886919
2019-06,907,1429,456,0.5027563395810364,9.0,48,0.375,0.039473684210526314,10.0,0.02412280701754386,5.0,112,0.3482142857142857,0.08552631578947369,7.0,0.043859649122807015,3.0,213,0.3474178403755869,0.16228070175438597,4.0,0.08552631578947369
2019-07,846,1268,461,0.5449172576832151,9.0,45,0.4222222222222222,0.04121475054229935,10.0,0.03253796095444685,5.0,98,0.41836734693877553,0.08893709327548807,6.0,0.05856832971800434,3.0,194,0.42783505154639173,0.18004338394793926,3.0,0.11713665943600868
2019-08,878,1463,466,0.530751708428246,9.0,47,0.425531914893617,0.04291845493562232,10.0,0.030042918454935622,6.0,95,0.49473684210526314,0.10085836909871244,6.0,0.07296137339055794,3.0,225,0.4577777777777778,0.22103004291845493,3.8000000000000114,0.1630901287553648
2019-09,806,1352,412,0.511166253101737,9.75,41,0.4634146341463415,0.04611650485436893,10.0,0.03398058252427184,5.0,100,0.4,0.0970873786407767,6.0,0.06310679611650485,3.0,202,0.4158415841584158,0.20388349514563106,3.400000000000034,0.12378640776699029
2019-10,742,1344,374,0.5040431266846361,12.0,39,0.28205128205128205,0.029411764705882353,20.649999999999977,0.008021390374331552,6.0,83,0.3132530120481928,0.06951871657754011,8.300000000000011,0.045454545454545456,3.0,191,0.3769633507853403,0.1925133689839572,4.0,0.09358288770053476
2019-11,819,1406,448,0.5470085470085471,9.0,47,0.2765957446808511,0.029017857142857144,13.5,0.015625,6.0,87,0.3448275862068966,0.06696428571428571,8.0,0.029017857142857144,3.0,215,0.4186046511627907,0.20089285714285715,4.0,0.09151785714285714
2019-12,807,1313,478,0.5923172242874845,10.0,46,0.43478260869565216,0.04184100418410042,14.599999999999966,0.014644351464435146,6.0,86,0.4069767441860465,0.07322175732217573,8.0,0.04602510460251046,3.0,193,0.47668393782383417,0.19246861924686193,4.0,0.09414225941422594
2020-01,626,1027,339,0.5415335463258786,10.0,33,0.3333333333333333,0.032448377581120944,19.69999999999999,0.017699115044247787,5.0,85,0.35294117647058826,0.08849557522123894,7.400000000000034,0.04129793510324484,3.0,163,0.4662576687116564,0.22418879056047197,4.0,0.08849557522123894
2020-02,708,1114,392,0.5536723163841808,10.0,37,0.4594594594594595,0.04336734693877551,11.0,0.030612244897959183,5.0,83,0.4819277108433735,0.10204081632653061,6.0,0.06887755102040816,3.0,163,0.4539877300613497,0.18877551020408162,3.0,0.125
2020-03,759,1218,429,0.5652173913043478,10.100000000000023,38,0.34210526315789475,0.030303030303030304,12.550000000000011,0.023310023310023312,6.0,79,0.3924050632911392,0.07226107226107226,7.100000000000023,0.03496503496503497,3.0,187,0.41711229946524064,0.18181818181818182,4.0,0.10722610722610723
2020-04,821,1349,477,0.5809987819732034,9.0,43,0.2558139534883721,0.023060796645702306,15.849999999999966,0.016771488469601678,5.0,103,0.4077669902912621,0.0880503144654088,8.0,0.023060796645702306,3.0,193,0.46113989637305697,0.18658280922431866,4.0,0.0880503144654088
2020-05,831,1373,488,0.5872442839951865,10.0,44,0.4318181818181818,0.0389344262295082,12.0,0.022540983606557378,6.0,92,0.4673913043478261,0.08811475409836066,8.0,0.05122950819672131,3.0,209,0.5263157894736842,0.22540983606557377,4.0,0.11065573770491803
2020-06,1024,1713,655,0.6396484375,11.0,54,0.37037037037037035,0.030534351145038167,15.0,0.016793893129770993,6.0,113,0.4690265486725664,0.08091603053435115,10.0,0.030534351145038167,3.0,271,0.5202952029520295,0.2152671755725191,5.0,0.08091603053435115
2020-07,1024,1761,245,0.2392578125,11.0,58,0.06896551724137931,0.0163265306122449,14.0,0.012244897959183673,6.0,123,0.07317073170731707,0.036734693877551024,7.0,0.024489795918367346,3.0,277,0.08664259927797834,0.09795918367346938,4.0,0.04897959183673469
2020-08,863,1366,227,0.2630359212050985,10.899999999999977,44,0.09090909090909091,0.01762114537444934,12.0,0.004405286343612335,6.0,92,0.09782608695652174,0.039647577092511016,7.0,0.030837004405286344,3.0,225,0.14666666666666667,0.14537444933920704,4.0,0.06167400881057269
2020-09,902,1517,261,0.2893569844789357,10.949999999999932,46,0.2391304347826087,0.0421455938697318,11.0,0.034482758620689655,6.0,96,0.1875,0.06896551724137931,6.0,0.06130268199233716,3.0,237,0.15611814345991562,0.1417624521072797,4.0,0.08045977011494253
2020-10,860,1507,264,0.30697674418604654,10.0,47,0.1276595744680851,0.022727272727272728,12.0,0.011363636363636364,6.0,101,0.18811881188118812,0.07196969696969698,7.0,0.03409090909090909,3.0,235,0.2297872340425532,0.20454545454545456,4.0,0.09090909090909091
2020-11,769,1238,216,0.2808842652795839,10.0,42,0.14285714285714285,0.027777777777777776,11.0,0.023148148148148147,5.0,105,0.2,0.09722222222222222,6.0,0.046296296296296294,3.0,184,0.22282608695652173,0.18981481481481483,3.0,0.1111111111111111
2020-12,675,1017,224,0.33185185185185184,8.0,41,0.21951219512195122,0.04017857142857143,10.0,0.008928571428571428,5.0,76,0.2236842105263158,0.07589285714285714,5.0,0.06696428571428571,3.0,153,0.2549019607843137,0.17410714285714285,3.0,0.10714285714285714
