month,n_nodes,n_edges,n_newcomers_rolling,n_existing_rolling,ei_index_rolling,ei_index_event
2014-06,5,3,4,1,-0.3333333333333333,
2014-07,2,1,2,0,-1.0,
2014-09,3,2,3,0,-1.0,
2014-10,2,1,1,1,1.0,
2014-12,3,2,2,1,0.0,
2015-02,49,46,47,2,-0.7391304347826086,
2015-03,32,28,30,2,-0.2857142857142857,
2015-04,65,57,62,3,-0.40350877192982454,
2015-05,76,55,74,2,-0.5636363636363636,
2015-06,444,410,442,2,-0.6634146341463415,
2015-07,1316,1416,1312,4,-0.731638418079096,-0.2514124293785311
2015-08,795,903,790,5,-0.48172757475083056,-0.0121816168327796
2015-09,749,941,738,11,-0.5515409139213603,-0.1668437832093517
2015-10,629,756,612,17,-0.5423280423280423,-0.1719576719576719
2015-11,572,777,560,12,-0.5855855855855856,-0.1969111969111969
2015-12,508,635,486,22,-0.47086614173228347,-0.2881889763779527
2016-01,559,676,508,51,-0.2692307692307692,-0.2692307692307692
2016-02,498,588,367,131,0.047619047619047616,-0.1870748299319728
2016-03,530,676,352,178,0.038461538461538464,-0.1568047337278106
2016-04,466,580,291,175,-0.020689655172413793,-0.2137931034482758
2016-05,424,484,254,170,-0.004132231404958678,-0.2314049586776859
2016-06,459,507,263,196,0.02564102564102564,-0.3214990138067061
2016-07,364,426,205,159,0.028169014084507043,-0.3615023474178404
2016-08,400,432,218,182,-0.023148148148148147,-0.1944444444444444
2016-09,393,432,205,188,0.009259259259259259,-0.3703703703703703
2016-10,309,301,148,161,-0.07641196013289037,-0.2292358803986711
2016-11,283,269,148,135,-0.026022304832713755,-0.3011152416356877
2016-12,416,460,227,189,0.008695652173913044,-0.4739130434782608
2017-01,396,402,215,181,-0.01990049751243781,-0.4328358208955223
2017-02,340,313,203,137,0.12460063897763578,-0.6230031948881789
2017-03,360,378,202,158,0.026455026455026454,-0.4285714285714285
2017-04,312,288,168,144,-0.027777777777777776,-0.5069444444444444
2017-05,288,260,158,130,0.05384615384615385,-0.3538461538461538
2017-06,342,340,201,141,0.06470588235294118,-0.3529411764705882
2017-07,265,249,152,113,0.004016064257028112,-0.4538152610441767
2017-08,278,280,156,122,-0.03571428571428571,-0.3214285714285714
2017-09,302,312,165,137,0.04487179487179487,-0.3974358974358974
2017-10,277,290,148,129,-0.013793103448275862,-0.4827586206896552
2017-11,256,261,130,126,0.07279693486590039,-0.4482758620689655
2017-12,224,201,111,113,-0.06467661691542288,-0.3134328358208955
2018-01,238,238,116,122,-0.04201680672268908,-0.4621848739495798
2018-02,239,247,110,129,-0.15789473684210525,-0.4979757085020243
2018-03,268,277,124,144,-0.1263537906137184,-0.5306859205776173
2018-04,294,298,147,147,0.040268456375838924,-0.6442953020134228
2018-05,335,368,165,170,-0.09782608695652174,-0.4565217391304347
2018-06,238,242,109,129,0.0,-0.6528925619834711
2018-07,233,241,107,126,-0.0954356846473029,-0.4854771784232365
2018-08,284,315,131,153,-0.06666666666666667,-0.7841269841269841
2018-09,272,279,132,140,-0.1039426523297491,-0.5053763440860215
2018-10,279,287,152,127,-0.06620209059233449,-0.1358885017421602
2018-11,233,224,137,96,-0.0625,-0.2142857142857142
2018-12,332,372,162,170,-0.0967741935483871,-0.1989247311827957
2019-01,304,325,150,154,-0.10153846153846154,-0.2
2019-02,331,340,176,155,-0.011764705882352941,-0.0176470588235294
2019-03,380,399,197,183,-0.10275689223057644,-0.1278195488721804
2019-04,299,328,143,156,-0.03048780487804878,-0.0304878048780487
2019-05,366,409,183,183,-0.09046454767726161,-0.0806845965770171
2019-06,312,330,146,166,-0.012121212121212121,0.006060606060606
2019-07,323,334,173,150,0.029940119760479042,0.059880239520958
2019-08,209,215,97,112,-0.04186046511627907,-0.0232558139534883
2019-09,356,420,157,199,-0.07142857142857142,-0.0095238095238095
2019-10,319,333,139,180,-0.10510510510510511,-0.081081081081081
2019-11,351,395,169,182,-0.027848101265822784,-0.0582278481012658
2019-12,262,286,112,150,-0.1258741258741259,-0.0769230769230769
2020-01,407,511,204,203,0.03718199608610567,0.0450097847358121
2020-02,374,445,157,217,-0.13258426966292136,0.0112359550561797
2020-03,379,430,154,225,-0.17674418604651163,-0.1023255813953488
2020-04,322,376,124,198,-0.11170212765957446,0.0425531914893617
2020-05,361,413,158,203,-0.1089588377723971,0.0702179176755447
2020-06,508,665,252,256,-0.07368421052631578,0.0616541353383458
2020-07,413,481,190,223,-0.06444906444906445,-0.4386694386694387
2020-08,469,558,208,261,-0.017921146953405017,-0.1899641577060931
2020-09,391,450,173,218,-0.07111111111111111,-0.1822222222222222
2020-10,357,414,161,196,0.0,-0.0531400966183574
2020-11,326,363,138,188,-0.09641873278236915,-0.1294765840220385
2020-12,307,337,131,176,-0.032640949554896145,-0.0801186943620178
