community,fixed_cohort,toxicity_group,n_users,mean_early_toxicity,median_survival_months,retained_1m_rate,retained_3m_rate,retained_6m_rate,retained_12m_rate,ever_hub_rate,right_censored_shutdown_rate
funny,fph_pg,high_toxicity,1790,0.5102959971203438,2.0,0.5089385474860335,0.4212290502793296,0.3513966480446927,0.27430167597765365,0.13687150837988826,0.024022346368715083
funny,fph_pg,lower_toxicity,5368,0.020343417324241338,1.0,0.290424739195231,0.2099478390461997,0.17157228017883755,0.12872578241430702,0.10357675111773472,0.007451564828614009
funny,ga_td,high_toxicity,1319,0.8070525334943879,1.0,0.2934040940106141,0.22517058377558757,0.1652767247915087,0.0803639120545868,0.045489006823351025,0.034874905231235785
funny,ga_td,lower_toxicity,3957,0.09195159889476061,1.0,0.34420015163002277,0.2777356583270154,0.214051048774324,0.12130401819560273,0.08516552944149608,0.05155420773313116
funny,pg_ga,high_toxicity,1452,0.7530918441667601,1.0,0.3202479338842975,0.24793388429752067,0.20385674931129477,0.16322314049586778,0.06473829201101929,0.022727272727272728
funny,pg_ga,lower_toxicity,4353,0.06774964451782238,1.0,0.319320009189065,0.259131633356306,0.2191592005513439,0.17643004824259131,0.09464736963014013,0.027107741787273144
funny,pre_fph,high_toxicity,88,0.3673028298861714,2.0,0.5113636363636364,0.42045454545454547,0.3522727272727273,0.2840909090909091,0.22727272727272727,0.045454545454545456
funny,pre_fph,lower_toxicity,264,0.005961333393048288,1.0,0.25,0.17045454545454544,0.13257575757575757,0.09848484848484848,0.08712121212121213,0.007575757575757576
funny,td_shutdown,high_toxicity,285,0.8101522619445607,1.0,0.19298245614035087,0.08771929824561403,0.0,0.0,0.028070175438596492,0.18947368421052632
funny,td_shutdown,lower_toxicity,852,0.08104185050626263,1.0,0.24413145539906103,0.10328638497652583,0.0011737089201877935,0.0,0.057511737089201875,0.22887323943661972
gaming,fph_pg,high_toxicity,1583,0.30471516920193525,2.0,0.5041061276058117,0.39418825015792797,0.31775110549589386,0.229943145925458,0.15919140871762477,0.010739102969046115
gaming,fph_pg,lower_toxicity,4747,0.0024430798939120354,1.0,0.21803244154202656,0.14767221402991362,0.10659363808721298,0.07099220560353908,0.06846429323783443,0.0021065936380872128
gaming,ga_td,high_toxicity,516,0.6916280587582468,1.0,0.3372093023255814,0.2751937984496124,0.21124031007751937,0.1065891472868217,0.060077519379844964,0.04844961240310078
gaming,ga_td,lower_toxicity,1546,0.030069001174756634,1.0,0.17852522639068563,0.13195342820181113,0.10413971539456662,0.05886157826649418,0.055627425614489,0.018111254851228976
gaming,pg_ga,high_toxicity,552,0.5481134611631703,1.0,0.463768115942029,0.4166666666666667,0.36231884057971014,0.27717391304347827,0.12681159420289856,0.034420289855072464
gaming,pg_ga,lower_toxicity,1655,0.01072973325301753,1.0,0.2,0.15166163141993957,0.12386706948640483,0.09607250755287008,0.05377643504531722,0.010876132930513595
gaming,pre_fph,high_toxicity,192,0.2131967010535453,4.0,0.5989583333333334,0.5104166666666666,0.390625,0.24479166666666666,0.24479166666666666,0.005208333333333333
gaming,pre_fph,lower_toxicity,573,0.0024547725808342206,1.0,0.2670157068062827,0.1849912739965096,0.11518324607329843,0.07155322862129145,0.08726003490401396,0.0017452006980802793
gaming,td_shutdown,high_toxicity,72,0.7507049178086799,1.0,0.20833333333333334,0.041666666666666664,0.0,0.0,0.041666666666666664,0.3055555555555556
gaming,td_shutdown,lower_toxicity,216,0.030195771324190334,1.0,0.1111111111111111,0.032407407407407406,0.004629629629629629,0.0,0.032407407407407406,0.23148148148148148
gifs,fph_pg,high_toxicity,788,0.45903654776424957,1.0,0.47081218274111675,0.38071065989847713,0.31852791878172587,0.2398477157360406,0.13705583756345177,0.0012690355329949238
gifs,fph_pg,lower_toxicity,2363,0.00801200685070912,1.0,0.24629707998307238,0.17647058823529413,0.13753702920016928,0.09310198899703766,0.08548455353364368,0.00042319085907744394
gifs,ga_td,high_toxicity,171,0.9210385493516479,1.0,0.09941520467836257,0.08771929824561403,0.04678362573099415,0.029239766081871343,0.04093567251461988,0.0
gifs,ga_td,lower_toxicity,512,0.11201229206234883,1.0,0.25390625,0.193359375,0.142578125,0.05859375,0.037109375,0.00390625
gifs,pg_ga,high_toxicity,367,0.7101523619103005,1.0,0.37057220708446864,0.3188010899182561,0.25885558583106266,0.2016348773841962,0.05449591280653951,0.0
gifs,pg_ga,lower_toxicity,1101,0.03976912748087563,1.0,0.2561307901907357,0.2061762034514078,0.17075386012715713,0.10899182561307902,0.08719346049046321,0.0018165304268846503
gifs,pre_fph,high_toxicity,54,0.32869462810351696,1.0,0.42592592592592593,0.3888888888888889,0.3148148148148148,0.24074074074074073,0.1111111111111111,0.0
gifs,pre_fph,lower_toxicity,162,0.0036221148148225936,1.0,0.29012345679012347,0.2345679012345679,0.14814814814814814,0.08641975308641975,0.13580246913580246,0.006172839506172839
gifs,td_shutdown,high_toxicity,17,0.8539697447284946,1.0,0.11764705882352941,0.0,0.0,0.0,0.058823529411764705,0.11764705882352941
gifs,td_shutdown,lower_toxicity,51,0.03817286214015517,1.0,0.09803921568627451,0.0196078431372549,0.0,0.0,0.058823529411764705,0.0196078431372549
pics,fph_pg,high_toxicity,1051,0.42410011980815626,1.0,0.4804947668886774,0.390104662226451,0.340627973358706,0.2521408182683159,0.13035204567078973,0.004757373929590866
pics,fph_pg,lower_toxicity,3153,0.0050749839361674525,1.0,0.23057405645417064,0.16428797970187123,0.13066920393276246,0.09736758642562639,0.08943862987630828,0.0019029495718363464
pics,ga_td,high_toxicity,477,0.7952486923699746,1.0,0.31446540880503143,0.2431865828092243,0.16142557651991615,0.0649895178197065,0.039832285115303984,0.012578616352201259
pics,ga_td,lower_toxicity,1431,0.0799389172867241,1.0,0.3165618448637317,0.2487770789657582,0.18238993710691823,0.08525506638714186,0.09224318658280922,0.01607267645003494
pics,pg_ga,high_toxicity,555,0.667313428361837,1.0,0.42162162162162165,0.36396396396396397,0.32432432432432434,0.25405405405405407,0.06306306306306306,0.016216216216216217
pics,pg_ga,lower_toxicity,1663,0.03398596600323921,1.0,0.2627781118460613,0.2200841852074564,0.19603126879134095,0.13950691521346964,0.10222489476849068,0.012627781118460614
pics,pre_fph,high_toxicity,54,0.20751994982934238,1.0,0.48148148148148145,0.3148148148148148,0.2777777777777778,0.24074074074074073,0.16666666666666666,0.018518518518518517
pics,pre_fph,lower_toxicity,160,0.0015401310234015651,1.0,0.25625,0.18125,0.11875,0.06875,0.1,0.00625
pics,td_shutdown,high_toxicity,98,0.7908411351424187,1.0,0.19387755102040816,0.030612244897959183,0.0,0.0,0.02040816326530612,0.1836734693877551
pics,td_shutdown,lower_toxicity,291,0.045251996508100197,1.0,0.14776632302405499,0.030927835051546393,0.0,0.0,0.044673539518900345,0.16151202749140894
technology,fph_pg,high_toxicity,2307,0.3432593659077563,1.0,0.4763762462071955,0.37147811009969656,0.30862592110966625,0.22540095361941917,0.12136974425661032,0.009102730819245773
technology,fph_pg,lower_toxicity,6919,0.0036088550440978354,1.0,0.17589247001011707,0.11938141349906056,0.09423327070385894,0.0653273594450065,0.07544442838560486,0.000867177337765573
technology,ga_td,high_toxicity,745,0.613741103586464,1.0,0.35838926174496644,0.276510067114094,0.21476510067114093,0.12080536912751678,0.052348993288590606,0.032214765100671144
technology,ga_td,lower_toxicity,2233,0.017302316241196092,1.0,0.17196596506941333,0.12360053739364084,0.09001343484102105,0.04791759964173757,0.0703090013434841,0.009404388714733543
technology,pg_ga,high_toxicity,1344,0.5016896880448518,1.0,0.3586309523809524,0.2931547619047619,0.24702380952380953,0.1875,0.08258928571428571,0.00818452380952381
technology,pg_ga,lower_toxicity,4032,0.005669511182949368,1.0,0.11879960317460317,0.08779761904761904,0.07341269841269842,0.05257936507936508,0.05233134920634921,0.00248015873015873
technology,pre_fph,high_toxicity,149,0.27537077046238256,5.0,0.610738255033557,0.5234899328859061,0.44966442953020136,0.3288590604026846,0.18120805369127516,0.006711409395973154
technology,pre_fph,lower_toxicity,447,0.004149654857337136,1.0,0.3624161073825503,0.26174496644295303,0.19015659955257272,0.1342281879194631,0.14317673378076062,0.006711409395973154
technology,td_shutdown,high_toxicity,93,0.8481186091584285,1.0,0.11827956989247312,0.03225806451612903,0.0,0.0,0.010752688172043012,0.23655913978494625
technology,td_shutdown,lower_toxicity,276,0.06196170893004088,1.0,0.16304347826086957,0.05434782608695652,0.0,0.0,0.04710144927536232,0.16666666666666666
videos,fph_pg,high_toxicity,1630,0.5187383539209172,1.0,0.49877300613496933,0.403680981595092,0.32883435582822085,0.23006134969325154,0.1165644171779141,0.013496932515337423
videos,fph_pg,lower_toxicity,4890,0.018195291540763898,1.0,0.2903885480572597,0.20531697341513291,0.1591002044989775,0.11226993865030675,0.07648261758691206,0.005521472392638037
videos,ga_td,high_toxicity,793,0.8165808939597435,1.0,0.2421185372005044,0.18915510718789408,0.14754098360655737,0.05422446406052964,0.05422446406052964,0.027742749054224466
videos,ga_td,lower_toxicity,2378,0.08572465212341644,1.0,0.31244743481917575,0.24558452481076534,0.18040370058873004,0.08788898233809925,0.0815811606391926,0.03490328006728343
videos,pg_ga,high_toxicity,902,0.7014915481492106,1.0,0.3713968957871397,0.3004434589800443,0.26053215077605324,0.20509977827050999,0.08758314855875832,0.02993348115299335
videos,pg_ga,lower_toxicity,2703,0.04005581848734671,1.0,0.24713281539030707,0.18682944876063634,0.16315205327413984,0.12763596004439512,0.06992230854605994,0.01701812800591935
videos,pre_fph,high_toxicity,100,0.39885064002792087,3.0,0.57,0.49,0.38,0.31,0.24,0.03
videos,pre_fph,lower_toxicity,297,0.009944668731682519,1.0,0.3333333333333333,0.25252525252525254,0.1750841750841751,0.12121212121212122,0.11447811447811448,0.010101010101010102
videos,td_shutdown,high_toxicity,178,0.8654924093337214,1.0,0.10112359550561797,0.0449438202247191,0.0,0.0,0.03932584269662921,0.1404494382022472
videos,td_shutdown,lower_toxicity,533,0.1001043095685844,1.0,0.22889305816135083,0.09193245778611632,0.001876172607879925,0.0,0.06566604127579738,0.21388367729831145
