community,event_key,event_label,event_month,baseline_months,event_window_months,baseline_median_monthly_first_users,observed_first_users_event_plus_2m,expected_first_users_event_plus_2m,excess_first_users,proxy_noise_upper_bound
funny,fph,FPH,2015-06,"2014-12,2015-01,2015-02,2015-03,2015-04,2015-05","2015-06,2015-07,2015-08",41.5,3778,124.5,3653.5,0.03295394388565376
funny,pg,Pizzagate,2016-11,"2016-05,2016-06,2016-07,2016-08,2016-09,2016-10","2016-11,2016-12,2017-01",173.5,909,520.5,388.5,0.5726072607260726
funny,ga,GreatAwakening,2018-09,"2018-03,2018-04,2018-05,2018-06,2018-07,2018-08","2018-09,2018-10,2018-11",201.0,951,603.0,348.0,0.6340694006309149
funny,td,The_Donald,2020-06,"2019-12,2020-01,2020-02,2020-03,2020-04,2020-05","2020-06,2020-07,2020-08",210.5,764,631.5,132.5,0.8265706806282722
gaming,fph,FPH,2015-06,"2014-12,2015-01,2015-02,2015-03,2015-04,2015-05","2015-06,2015-07,2015-08",118.5,3608,355.5,3252.5,0.09853104212860309
gaming,pg,Pizzagate,2016-11,"2016-05,2016-06,2016-07,2016-08,2016-09,2016-10","2016-11,2016-12,2017-01",155.0,355,465.0,0.0,1.0
gaming,ga,GreatAwakening,2018-09,"2018-03,2018-04,2018-05,2018-06,2018-07,2018-08","2018-09,2018-10,2018-11",97.5,463,292.5,170.5,0.6317494600431965
gaming,td,The_Donald,2020-06,"2019-12,2020-01,2020-02,2020-03,2020-04,2020-05","2020-06,2020-07,2020-08",74.0,209,222.0,0.0,1.0
gifs,fph,FPH,2015-06,"2014-12,2015-01,2015-02,2015-03,2015-04,2015-05","2015-06,2015-07,2015-08",27.0,1584,81.0,1503.0,0.051136363636363646
gifs,pg,Pizzagate,2016-11,"2016-05,2016-06,2016-07,2016-08,2016-09,2016-10","2016-11,2016-12,2017-01",71.0,258,213.0,45.0,0.8255813953488372
gifs,ga,GreatAwakening,2018-09,"2018-03,2018-04,2018-05,2018-06,2018-07,2018-08","2018-09,2018-10,2018-11",46.5,148,139.5,8.5,0.9425675675675675
gifs,td,The_Donald,2020-06,"2019-12,2020-01,2020-02,2020-03,2020-04,2020-05","2020-06,2020-07,2020-08",27.0,62,81.0,0.0,1.0
pics,fph,FPH,2015-06,"2014-12,2015-01,2015-02,2015-03,2015-04,2015-05","2015-06,2015-07,2015-08",25.5,2203,76.5,2126.5,0.03472537448933277
pics,pg,Pizzagate,2016-11,"2016-05,2016-06,2016-07,2016-08,2016-09,2016-10","2016-11,2016-12,2017-01",114.5,311,343.5,0.0,1.0
pics,ga,GreatAwakening,2018-09,"2018-03,2018-04,2018-05,2018-06,2018-07,2018-08","2018-09,2018-10,2018-11",88.0,271,264.0,7.0,0.974169741697417
pics,td,The_Donald,2020-06,"2019-12,2020-01,2020-02,2020-03,2020-04,2020-05","2020-06,2020-07,2020-08",76.0,267,228.0,39.0,0.8539325842696629
technology,fph,FPH,2015-06,"2014-12,2015-01,2015-02,2015-03,2015-04,2015-05","2015-06,2015-07,2015-08",85.5,3132,256.5,2875.5,0.0818965517241379
technology,pg,Pizzagate,2016-11,"2016-05,2016-06,2016-07,2016-08,2016-09,2016-10","2016-11,2016-12,2017-01",411.0,1055,1233.0,0.0,1.0
technology,ga,GreatAwakening,2018-09,"2018-03,2018-04,2018-05,2018-06,2018-07,2018-08","2018-09,2018-10,2018-11",179.0,679,537.0,142.0,0.7908689248895434
technology,td,The_Donald,2020-06,"2019-12,2020-01,2020-02,2020-03,2020-04,2020-05","2020-06,2020-07,2020-08",102.5,221,307.5,0.0,1.0
videos,fph,FPH,2015-06,"2014-12,2015-01,2015-02,2015-03,2015-04,2015-05","2015-06,2015-07,2015-08",66.5,2770,199.5,2570.5,0.07202166064981952
videos,pg,Pizzagate,2016-11,"2016-05,2016-06,2016-07,2016-08,2016-09,2016-10","2016-11,2016-12,2017-01",198.0,619,594.0,25.0,0.9596122778675282
videos,ga,GreatAwakening,2018-09,"2018-03,2018-04,2018-05,2018-06,2018-07,2018-08","2018-09,2018-10,2018-11",113.5,436,340.5,95.5,0.7809633027522935
videos,td,The_Donald,2020-06,"2019-12,2020-01,2020-02,2020-03,2020-04,2020-05","2020-06,2020-07,2020-08",154.0,501,462.0,39.0,0.9221556886227544
