community,metric,source_definition,model,n_breaks,n_obs,break_months,sse,rmse,aicc,bic,delta_bic_vs_no_break,bic_selected,dist_to_ga_ban_months,near_ga_ban_pm_window,slopes
funny,toxicity_mean,event_based,0_break,0,82,,0.14259859065907218,0.04170140528998294,-516.912255188105,-512.2507154277536,0.0,False,,False,0.0026498719
funny,toxicity_mean,event_based,1_break,1,82,2015-02,0.08607164229075444,0.032398366845837974,-551.6726775210865,-540.4285549689757,-28.17783954122217,False,43,False,-0.011602129;0.0023034466
funny,toxicity_mean,event_based,2_break,2,82,2015-01;2017-05,0.055236973578463966,0.025954221795416215,-580.8604401108545,-563.5792888724665,-51.3285734447129,True,16,False,-0.013519528;0.0049486182;0.00077496331
funny,ei_index,event_based,0_break,0,66,,2.4557919495677467,0.19289626469386245,-213.02908327309643,-208.8402499795198,0.0,False,,False,0.0023257427
funny,ei_index,event_based,1_break,1,66,2019-01,1.2190984091516657,0.13590874886279206,-252.44184891475106,-242.49357520461894,-33.65332522509914,False,4,False,-0.0078058757;-0.011819488
funny,ei_index,event_based,2_break,2,66,2018-10;2020-07,0.48077199845386764,0.08534883841621979,-306.32679822269006,-291.33587607595234,-82.49562609643255,True,1,True,-0.010253122;0.017964711;0.060436122
funny,existing_gini,event_based,0_break,0,79,,2.365415319024794,0.1730374701144379,-273.01314985656234,-268.43214888847035,0.0,False,,False,0.0037124775
funny,existing_gini,event_based,1_break,1,79,2015-07,0.3149553495374662,0.0631409263190177,-425.6350899552708,-414.60976850115486,-146.1776196126845,False,38,False,0.013153514;-0.0022846242
funny,existing_gini,event_based,2_break,2,79,2015-07;2018-08,0.15539299609625998,0.044350873165988174,-474.2112725539153,-457.31283259132204,-188.88068370285168,True,1,True,0.013153514;0.0031283794;-0.001386488
funny,reputation_mean,event_based,0_break,0,75,,18.92433243202978,0.5023190544136901,-99.11130252575762,-94.64299296535168,0.0,False,,False,0.028796562
funny,reputation_mean,event_based,1_break,1,75,2015-08,10.661282202206747,0.37702841983430985,-135.44564131253102,-124.72776596224078,-30.0847729968891,False,37,False,-0.0069522905;0.017742465
funny,reputation_mean,event_based,2_break,2,75,2015-07;2018-07,8.819783959298496,0.34292436404739934,-142.35498718529718,-125.99690045882488,-31.3539074934732,True,2,True,-0.029514164;0.030119707;0.03997893
funny,degree_assortativity,event_based,0_break,0,78,,1.7035993163308414,0.14778706599711772,-294.1093143766374,-289.5558967232583,0.0,False,,False,0.0007736178
funny,degree_assortativity,event_based,1_break,1,78,2015-01,0.7904593768404387,0.10066824014989742,-347.33095415069533,-336.3807433505807,-46.824846627322415,True,44,False,-0.085559789;-0.0013934533
funny,degree_assortativity,event_based,2_break,2,78,2015-01;2018-07,0.7271572658489786,0.09655324463396286,-346.5881072080739,-329.8213931162963,-40.265496393038006,False,2,True,-0.085559789;-3.4078872e-05;0.0027273494
gaming,toxicity_mean,event_based,0_break,0,80,,0.07368471958601194,0.030348953768213317,-555.0430733302093,-550.4348642167057,0.0,False,,False,0.0027769306
gaming,toxicity_mean,event_based,1_break,1,80,2018-05,0.048536386865192196,0.02463137908877419,-581.7866413781709,-570.6873190156123,-20.25245479890657,True,4,False,0.0030044322;-0.00016009643
gaming,toxicity_mean,event_based,2_break,2,80,2016-09;2018-05,0.04252694051244188,0.023056165258028567,-585.1433625172314,-568.1153184539248,-17.680454237219124,False,4,False,0.003952479;0.0050980202;-0.00016009643
gaming,ei_index,event_based,0_break,0,66,,2.674671170838108,0.2013090181046899,-207.39419134711207,-203.20535805353543,0.0,False,,False,0.0050345509
gaming,ei_index,event_based,1_break,1,66,2018-10,0.8903536095365616,0.11614734695678339,-273.18222732490983,-263.2339536147777,-60.02859556124227,False,1,True,-0.010086895;-0.00523305
gaming,ei_index,event_based,2_break,2,66,2018-10;2020-07,0.4704552556884145,0.08442813473406212,-307.75848916643696,-292.76756701969924,-89.56220896616381,True,1,True,-0.010086895;0.010932071;0.027867722
gaming,existing_gini,event_based,0_break,0,78,,1.4385295145530588,0.1358038515065518,-307.30081761345593,-302.7473999600768,0.0,False,,False,0.0020323744
gaming,existing_gini,event_based,1_break,1,78,2015-07,0.479256634623375,0.07838568637515912,-386.36044131281994,-375.4102305127053,-72.66283055262852,False,38,False,0.033207478;-0.0017220583
gaming,existing_gini,event_based,2_break,2,78,2015-02;2015-09,0.39487762229605194,0.07115148360491265,-394.21232352643483,-377.44560943465723,-74.69820947458044,True,36,False,-0.007148585;0.036300666;-0.0017148325
gaming,reputation_mean,event_based,0_break,0,80,,99.62372430834658,1.1159285612682974,21.705739949402005,26.31394906290561,0.0,False,,False,0.010311662
gaming,reputation_mean,event_based,1_break,1,80,2016-10,39.567592993072,0.7032744218392988,-45.51048600619605,-34.41116364363745,-60.72511270654306,False,23,False,0.17784077;-0.0019980954
gaming,reputation_mean,event_based,2_break,2,80,2015-08;2016-12,30.05810823645175,0.6129652134955513,-60.28336580579677,-43.255321742490224,-69.56927080539583,True,21,False,0.11448784;-0.01646766;0.0019111281
gaming,degree_assortativity,event_based,0_break,0,76,,0.4869783161536792,0.08004754476606217,-379.65606215055635,-375.1589790316275,0.0,False,,False,-0.0019372248
gaming,degree_assortativity,event_based,1_break,1,76,2015-03,0.3941879355789495,0.07201863205366313,-389.0290802107533,-378.2325563664645,-3.0735773348370117,True,42,False,-0.0050408091;-0.002785079
gaming,degree_assortativity,event_based,2_break,2,76,2015-03;2020-06,0.36510927258046,0.06931139427293816,-387.5609332190299,-371.0643202280825,4.094658803544974,False,21,False,-0.0050408091;-0.0028159448;-0.034829367
gifs,toxicity_mean,event_based,0_break,0,81,,0.17499335485731773,0.046480230080776785,-492.9801248945238,-488.34507273902506,0.0,False,,False,0.0032149067
gifs,toxicity_mean,event_based,1_break,1,81,2020-03,0.14513468155926387,0.04232949553313478,-501.4879250038097,-490.31567923044753,-1.9706064914224726,True,18,False,0.0037713146;-0.002307539
gifs,toxicity_mean,event_based,2_break,2,81,2014-11;2019-07,0.13709883863266145,0.04114095592866329,-498.90168776390226,-481.74609452652277,6.598978212502288,False,10,False,-0.0072392716;0.003346368;-0.0037627252
gifs,ei_index,event_based,0_break,0,66,,6.549631937454281,0.3150188050532636,-148.28575233259556,-144.09691903901893,0.0,False,,False,0.0064860459
gifs,ei_index,event_based,1_break,1,66,2017-02,3.4026381417740987,0.2270575331501107,-184.69684335695194,-174.74856964681982,-30.65165060780089,False,19,False,0.021336386;0.020954006
gifs,ei_index,event_based,2_break,2,66,2017-02;2020-07,1.9890577669408402,0.17360080326151442,-212.60526836883227,-197.61434622209453,-53.5174271830756,True,19,False,0.021336386;0.029865711;0.060714286
gifs,existing_gini,event_based,0_break,0,76,,2.7520948211932406,0.19029391467692539,-248.0318098112912,-243.53472669236237,0.0,False,,False,0.001383564
gifs,existing_gini,event_based,1_break,1,76,2015-07,1.1913203304048474,0.1252009085643029,-304.9738627855992,-294.1773389413104,-50.64261224894801,False,38,False,0.01973496;-0.0034229759
gifs,existing_gini,event_based,2_break,2,76,2015-07;2018-06,0.9553394540922031,0.11211715290220944,-314.4588101088158,-297.9621971178684,-54.427470425506044,True,3,True,0.01973496;-0.0098428819;-0.0070247951
gifs,reputation_mean,event_based,0_break,0,81,,45.37664120644457,0.7484687348133807,-42.78174097125943,-38.146688815760704,0.0,False,,False,-0.0056071611
gifs,reputation_mean,event_based,1_break,1,81,2014-11,32.951115905304846,0.6378118061509147,-62.053346241435804,-50.881100468073605,-12.7344116523129,False,46,False,0.65829274;-0.0052950899
gifs,reputation_mean,event_based,2_break,2,81,2014-11;2020-07,27.204683881444392,0.5795345501630139,-70.37585956841392,-53.2202663310344,-15.073577515273698,True,22,False,0.65829274;-0.0098116982;0.44811413
gifs,degree_assortativity,event_based,0_break,0,73,,1.2792086161494107,0.13237600122634335,-291.0564725117328,-286.6469822008646,0.0,False,,False,-0.0030207346
gifs,degree_assortativity,event_based,1_break,1,73,2015-09,0.86418002799334,0.10880295297119115,-312.9641309447355,-302.4073561270532,-15.760373926188606,False,36,False,0.037884401;-0.0038746346
gifs,degree_assortativity,event_based,2_break,2,73,2015-09;2019-05,0.7142722184658111,0.09891688904271011,-319.51739176300543,-303.4437162338183,-16.79673403295368,True,8,False,0.037884401;-0.004817529;0.0107862
pics,toxicity_mean,event_based,0_break,0,80,,0.11607179053694755,0.038090646905924876,-518.6899982473669,-514.0817891338634,0.0,False,,False,0.0034907705
pics,toxicity_mean,event_based,1_break,1,80,2018-04,0.06222348684002903,0.02788895095733009,-561.9131398495751,-550.8138174870165,-36.73202835315317,False,5,False,0.0045325177;-0.00035544926
pics,toxicity_mean,event_based,2_break,2,80,2015-06;2018-04,0.05100501643992116,0.02525000406928709,-570.600464922059,-553.5724208587525,-39.49063172488911,True,5,False,0.0015460328;0.0032580094;-0.00035544926
pics,ei_index,event_based,0_break,0,66,,6.789095623289017,0.3207258723604143,-145.91576592654914,-141.7269326329725,0.0,False,,False,0.0017746469
pics,ei_index,event_based,1_break,1,66,2018-10,2.598253134670788,0.19841237798442965,-202.4978160096834,-192.54954229955126,-50.82260966657876,False,1,True,-0.023694064;-0.00087400617
pics,ei_index,event_based,2_break,2,66,2016-03;2018-10,1.869495172535819,0.168302360150893,-216.69678059243574,-201.70585844569803,-59.97892581272552,True,1,True,0.080768456;-0.031873432;-0.00087400617
pics,existing_gini,event_based,0_break,0,75,,2.2543284564303003,0.17337160307387137,-258.68103235533124,-254.2127227949253,0.0,False,,False,0.0013690302
pics,existing_gini,event_based,1_break,1,75,2015-07,0.40892223771326247,0.07383966754288307,-380.00931346205886,-369.2914381117686,-115.07871531684333,False,38,False,0.024593529;-0.0036684734
pics,existing_gini,event_based,2_break,2,75,2015-07;2017-03,0.28937016471368526,0.06211496488648397,-398.6334326104546,-382.27534588398225,-128.06262308905696,True,18,False,0.024593529;-1.305963e-05;-0.00079337939
pics,reputation_mean,event_based,0_break,0,80,,92.82678995993626,1.0771884117921076,16.052536025436783,20.66074513894039,0.0,False,,False,-0.0033787008
pics,reputation_mean,event_based,1_break,1,80,2015-01,77.02735957719854,0.9812451246834206,7.781534271073748,18.880856633632344,-1.779888505308044,False,44,False,0.60426403;-0.0055278167
pics,reputation_mean,event_based,2_break,2,80,2014-12;2015-06,59.510394760193535,0.8624847445041676,-5.641881828227235,11.386162235079308,-9.27458290386108,True,39,False,-0.16358554;-1.0076447;-0.010320009
pics,degree_assortativity,event_based,0_break,0,73,,0.4356673113878785,0.07725312525379013,-369.6860859473513,-365.2765956364831,0.0,False,,False,-0.0011897357
pics,degree_assortativity,event_based,1_break,1,73,2015-06,0.3576567585160613,0.06999576880715683,-377.3652683302133,-366.8084935125311,-1.5318978760479922,True,39,False,-0.00096269341;-0.0020650847
pics,degree_assortativity,event_based,2_break,2,73,2015-06;2016-03,0.3326491726448411,0.0675043552775388,-375.3022214410218,-359.22854591183466,6.048049724648422,False,30,False,-0.00096269341;-0.019797973;-0.0016603716
technology,toxicity_mean,event_based,0_break,0,84,,0.056392534119156915,0.025910223694416944,-609.5756172078761,-604.8621317583377,0.0,False,,False,0.0023658841
technology,toxicity_mean,event_based,1_break,1,84,2019-02,0.04440744398597443,0.02299260853953019,-623.0246262990371,-611.6397730740513,-6.777641315713595,True,5,False,0.0029795168;0.0023159641
technology,toxicity_mean,event_based,2_break,2,84,2015-02;2019-07,0.03999669092079773,0.02182088637957792,-624.6611297455455,-607.134595354799,-2.272463596461307,False,10,False,0.0023701507;0.0024127681;0.0036658996
technology,ei_index,event_based,0_break,0,66,,2.654581360935046,0.2005515637214955,-207.8917972408422,-203.70296394726557,0.0,False,,False,0.0048539758
technology,ei_index,event_based,1_break,1,66,2018-10,0.9497484490746988,0.11995885968232324,-268.92004888703957,-258.97177517690744,-55.26881122964187,False,1,True,-0.010604969;-0.002145829
technology,ei_index,event_based,2_break,2,66,2018-10;2020-07,0.39949720229006275,0.07780095059500108,-318.5490992949816,-303.5581771482439,-99.85521320097831,True,1,True,-0.010604969;0.014769978;0.069616803
technology,existing_gini,event_based,0_break,0,79,,1.8410881805684727,0.15265946966396132,-292.81029846380846,-288.2292974957165,0.0,False,,False,0.0019356195
technology,existing_gini,event_based,1_break,1,79,2015-07,0.41871988052412806,0.0728028272267235,-403.13815945404315,-392.1128379999272,-103.88354050421071,False,38,False,0.022194959;-0.0029822183
technology,existing_gini,event_based,2_break,2,79,2015-07;2018-10,0.24354390581538088,0.055523276657881114,-438.71342275494146,-421.8149827923482,-133.5856852966317,True,1,True,0.022194959;0.0015025529;0.0011341248
technology,reputation_mean,event_based,0_break,0,77,,34.740942910925774,0.6717001390243044,-57.12109983711027,-52.595651155565065,0.0,False,,False,0.0012207125
technology,reputation_mean,event_based,1_break,1,77,2018-07,27.04197034981425,0.5926165877930332,-69.728908090736,-58.85495140400279,-6.259300248437725,False,2,True,0.018490292;0.03764304
technology,reputation_mean,event_based,2_break,2,77,2018-03;2020-06,21.447130590851774,0.5277633593927827,-80.30487386222315,-63.67207754621721,-11.076426390652145,True,6,False,0.023509228;-0.023516971;-0.10980522
technology,degree_assortativity,event_based,0_break,0,78,,0.9680160010455187,0.11140225110771157,-338.1988081050334,-333.64539045165424,0.0,False,,False,-0.00055465353
technology,degree_assortativity,event_based,1_break,1,78,2015-07,0.2658579762547867,0.05838180875075802,-432.32381200658705,-421.3736012064724,-87.72821075481818,True,38,False,0.028338905;-0.0037089414
technology,degree_assortativity,event_based,2_break,2,78,2015-07;2017-03,0.24140113848593953,0.05563170310933666,-432.5973617837073,-415.8306476919297,-82.18525724027546,False,18,False,0.028338905;-0.00086230814;-0.0025570528
videos,toxicity_mean,event_based,0_break,0,84,,0.11718529316354087,0.037350542350167784,-548.136370106621,-543.4228846570826,0.0,False,,False,0.0030386218
videos,toxicity_mean,event_based,1_break,1,84,2015-02,0.06955390453916625,0.028775383109270893,-585.3342509948235,-573.9493977698377,-30.526513112755083,False,43,False,0.0018467652;0.002250259
videos,toxicity_mean,event_based,2_break,2,84,2015-02;2018-05,0.056017726039719204,0.02582397511904467,-596.3639276633216,-578.8373932725751,-35.41450861549254,True,4,False,0.0018467652;0.0025745446;0.00013290553
videos,ei_index,event_based,0_break,0,66,,2.3062179724762415,0.18692965669649728,-217.1765466484195,-212.98771335484287,0.0,False,,False,0.0040822605
videos,ei_index,event_based,1_break,1,66,2018-10,0.6585108662134573,0.09988712312841214,-293.0903139008855,-283.1420401907534,-70.15432683591052,False,1,True,-0.011656761;0.00048059928
videos,ei_index,event_based,2_break,2,66,2018-10;2020-07,0.43915486207034043,0.0815712053761639,-312.3025062149967,-297.311584068259,-84.32387071341611,True,1,True,-0.011656761;0.010164792;0.060094245
videos,existing_gini,event_based,0_break,0,76,,2.0175965901545325,0.1629334942688731,-271.62641859068066,-267.1293354717518,0.0,False,,False,0.0013955632
videos,existing_gini,event_based,1_break,1,76,2015-07,0.32797647305727706,0.06569231240143997,-403.0044095303615,-392.2078856860727,-125.0785502143209,False,38,False,0.030866288;-0.0035337003
videos,existing_gini,event_based,2_break,2,76,2015-07;2018-10,0.17905560825031339,0.04853859130010739,-441.71095354894726,-425.2143405579999,-158.0850050862481,True,1,True,0.030866288;9.7778758e-05;0.0016296256
videos,reputation_mean,event_based,0_break,0,71,,43.621544651325,0.7838290329118739,-30.40966749203699,-26.060778326189656,0.0,False,,False,0.0072544457
videos,reputation_mean,event_based,1_break,1,71,2016-06,27.909736471491435,0.6269727903826139,-55.3699263619189,-44.97960389978924,-18.918825573599584,False,27,False,0.21798455;0.00072631287
videos,reputation_mean,event_based,2_break,2,71,2015-11;2017-08,17.696798448120802,0.49925012004795616,-80.31744475944818,-64.53858638827896,-38.4778080620893,True,13,False,0.17828368;-0.11144725;-0.022303826
videos,degree_assortativity,event_based,0_break,0,74,,1.5802819400490884,0.14613405267772023,-280.46916052262674,-276.03004442072546,0.0,False,,False,-0.00011848365
videos,degree_assortativity,event_based,1_break,1,74,2015-05,0.5771680162290799,0.08831516170442909,-348.2904820070946,-337.65250948225025,-61.62246506152479,True,40,False,0.026961513;-0.0031112929
videos,degree_assortativity,event_based,2_break,2,74,2015-05;2019-12,0.5527284440077557,0.08642513116797743,-344.1591781537115,-327.9420420234627,-51.911997602737245,False,15,False,0.026961513;-0.0032029903;-0.014452169
global,toxicity_mean,event_based,0_break,0,85,,0.05144407106506318,0.024601308206502585,-625.6961204529673,-620.9571594034013,0.0,False,,False,0.0029651884
global,toxicity_mean,event_based,1_break,1,85,2018-05,0.025568935702441998,0.017343904066386653,-678.5079177736578,-667.0541551620923,-46.09699575869104,False,4,False,0.0037363808;0.00038108325
global,toxicity_mean,event_based,2_break,2,85,2015-01;2018-05,0.018630953154842558,0.014804988489513199,-698.2797492912041,-680.6332760813868,-59.67611667798553,True,4,False,-0.0011451006;0.003390188;0.00038108325
global,ei_index,event_based,0_break,0,66,,2.884976802231195,0.20907359883728907,-202.3986240822284,-198.20979078865176,0.0,False,,False,0.0040928705
global,ei_index,event_based,1_break,1,66,2018-10,0.8221217258336381,0.11160819766199144,-278.4444224293675,-268.49614871923535,-70.28635793058359,False,1,True,-0.013226811;-0.0018630968
global,ei_index,event_based,2_break,2,66,2018-10;2020-07,0.2906573094809786,0.06636187631840797,-339.54117938746515,-324.55025724072743,-126.34046645207567,True,1,True,-0.013226811;0.015312272;0.058775452
global,existing_gini,event_based,0_break,0,80,,2.000763717039462,0.158144068693686,-290.92396932284504,-286.3157602093414,0.0,False,,False,0.0028166315
global,existing_gini,event_based,1_break,1,80,2015-07,0.15975778412510866,0.04468749603148355,-486.4790367626095,-475.37971440005094,-189.06395419070952,False,38,False,0.022272209;-0.0029356751
global,existing_gini,event_based,2_break,2,80,2014-12;2015-07,0.1243314036757043,0.03942261465131789,-499.3183352127395,-482.29029114943296,-195.97453094009154,True,38,False,0.015099195;0.055484746;-0.0029356751
global,reputation_mean,event_based,0_break,0,81,,36.51964390029575,0.6714609454303497,-60.37066068048683,-55.7356085249881,0.0,False,,False,0.012424003
global,reputation_mean,event_based,1_break,1,81,2016-05,17.044671015748186,0.45872435866373945,-115.44753556563047,-104.27528979226827,-48.539681267280166,False,28,False,0.12272666;-0.0028859548
global,reputation_mean,event_based,2_break,2,81,2015-01;2015-08,13.205965097001611,0.40377791685011993,-128.91622259536865,-111.76062935798913,-56.02502083300103,True,37,False,0.34350546;0.054581679;-0.0067550928
global,degree_assortativity,event_based,0_break,0,80,,1.343844848190467,0.1296073323634926,-322.76350300984757,-318.15529389634395,0.0,False,,False,0.00016336583
global,degree_assortativity,event_based,1_break,1,80,2015-01,0.5469012778228728,0.08268171486360155,-388.03027773498405,-376.9309553724255,-58.77566147608155,True,44,False,-0.0032070847;-0.0024644716
global,degree_assortativity,event_based,2_break,2,80,2015-01;2015-07,0.5153880718443453,0.08026425666543181,-385.56077172170205,-368.5327276583955,-50.37743376205157,False,38,False,-0.0032070847;-0.0014781295;-0.0030141799
