metric,n_obs,best_break_month,pre_slope,post_slope,sse_ratio,ci_low_month,ci_high_month,bootstrap_stability_pm3,community,dist_to_ga_ban_months,near_ga_ban_pm_window
toxicity_mean,82,2015-02,-0.01160212870984923,0.002303446609133668,0.6035939197781863,2015-02,2015-02,1.0,funny,43,False
ei_index,66,2019-01,-0.007805875681601744,-0.011819487813164824,0.4964176258360338,2019-01,2019-01,1.0,funny,4,False
existing_gini,79,2015-07,0.013153513909397082,-0.0022846241724738038,0.13315012674700819,2015-07,2015-07,1.0,funny,38,False
reputation_mean,75,2015-08,-0.006952290527065766,0.017742464518666155,0.5633637139116375,2015-07,2015-08,1.0,funny,37,False
degree_assortativity,78,2015-01,-0.08555978884249514,-0.001393453306221294,0.46399371569536974,2015-01,2015-01,1.0,funny,44,False
toxicity_mean,80,2018-05,0.003004432202390051,-0.00016009643063724546,0.6587035566924541,2018-03,2019-05,0.905,gaming,4,False
ei_index,66,2018-10,-0.010086895292386591,-0.0052330499565599025,0.3328833911413377,2018-10,2018-10,1.0,gaming,1,True
existing_gini,78,2015-07,0.03320747754512442,-0.001722058335532174,0.3331573177852223,2015-06,2016-02,0.78,gaming,38,False
reputation_mean,80,2016-10,0.17784076614074323,-0.0019980953621949573,0.39717038554597567,2016-10,2016-10,1.0,gaming,23,False
degree_assortativity,76,2015-03,-0.005040809142864511,-0.0027850789518902323,0.8094568536282688,2015-03,2017-09,0.7,gaming,42,False
toxicity_mean,81,2020-03,0.0037713146472366193,-0.0023075390026588987,0.8293725306175233,2016-10,2020-06,0.465,gifs,18,False
ei_index,66,2017-02,0.021336386070962422,0.02095400572365566,0.5195159322336883,2017-01,2017-03,0.995,gifs,19,False
existing_gini,76,2015-07,0.019734959700936656,-0.0034229758783862405,0.4328776469585159,2015-07,2015-10,0.97,gifs,38,False
reputation_mean,81,2014-11,0.6582927447560195,-0.005295089911050875,0.7261691264320596,2014-11,2014-12,0.965,gifs,46,False
degree_assortativity,73,2015-09,0.03788440083376777,-0.003874634571016258,0.675558323391096,2015-06,2015-11,0.975,gifs,36,False
toxicity_mean,80,2018-04,0.004532517746101235,-0.00035544926242956975,0.5360775994941016,2018-01,2019-06,0.745,pics,5,False
ei_index,66,2018-10,-0.02369406351198182,-0.0008740061725957714,0.3827097567690539,2018-10,2018-10,1.0,pics,1,True
existing_gini,75,2015-07,0.024593529135283017,-0.0036684733581935406,0.1813942580314075,2015-07,2015-07,1.0,pics,38,False
reputation_mean,80,2015-01,0.6042640346245312,-0.005527816669981147,0.8297966525659596,2014-12,2016-02,0.89,pics,44,False
degree_assortativity,73,2015-06,-0.0009626934098784704,-0.0020650846922881214,0.8209400824144832,2015-06,2018-04,0.67,pics,39,False
toxicity_mean,84,2019-02,0.0029795168234163327,0.0023159641457345895,0.7874702685313255,2016-08,2019-05,0.76,technology,5,False
ei_index,66,2018-10,-0.010604968985893349,-0.0021458289711882455,0.35777711056486916,2018-10,2018-10,1.0,technology,1,True
existing_gini,79,2015-07,0.022194959475387292,-0.002982218274189514,0.22743064940802563,2015-07,2015-07,1.0,technology,38,False
reputation_mean,77,2018-07,0.01849029210700305,0.03764304047216491,0.7783890730642704,2018-04,2018-10,0.92,technology,2,True
degree_assortativity,78,2015-07,0.028338904536416475,-0.003708941376040414,0.2746421298487248,2015-05,2016-02,0.79,technology,38,False
toxicity_mean,84,2015-02,0.0018467651838945116,0.002250259017023187,0.5935378293767509,2015-01,2015-03,0.975,videos,43,False
ei_index,66,2018-10,-0.011656761417004034,0.00048059927899044827,0.28553713225398136,2018-10,2018-10,1.0,videos,1,True
existing_gini,76,2015-07,0.03086628775135758,-0.003533700317230306,0.16255800324888364,2015-07,2015-07,1.0,videos,38,False
reputation_mean,71,2016-06,0.21798454558037383,0.0007263128693707451,0.6398154098984589,2015-10,2016-07,0.905,videos,27,False
degree_assortativity,74,2015-05,0.026961513295745834,-0.0031112929122154766,0.3652310398555534,2015-05,2015-06,0.985,videos,40,False
toxicity_mean,85,2018-05,0.0037363807861866254,0.0003810832455201806,0.497023955784993,2017-12,2019-06,0.61,global,4,False
ei_index,66,2018-10,-0.013226810709999606,-0.0018630967707650558,0.28496649442651406,2018-10,2018-10,1.0,global,1,True
existing_gini,80,2015-07,0.022272209238804148,-0.0029356750560009287,0.07984840127024238,2015-07,2015-07,1.0,global,38,False
reputation_mean,81,2016-05,0.12272665685598953,-0.0028859547963579653,0.46672610122603503,2015-07,2016-08,0.835,global,28,False
degree_assortativity,80,2015-01,-0.0032070847200810215,-0.002464471592988518,0.40696757409108203,2015-01,2015-01,1.0,global,44,False
