metric,month,observed,fit_bic_selected,fit_no_break,fit_one_break,bic_selected_model,bic_selected_break_months,one_break_months
toxicity_mean,2013-11,0.04799278757293,0.04254532350963596,0.03743315560417015,0.017821871561899807,2_break,2015-01;2018-05,2018-05
toxicity_mean,2013-12,0.0882138212877584,0.04140022290742092,0.04039834399969544,0.021558252348086435,2_break,2015-01;2018-05,2018-05
toxicity_mean,2014-01,0.0006368530448526,0.04025512230520587,0.04336353239522074,0.02529463313427306,2_break,2015-01;2018-05,2018-05
toxicity_mean,2014-03,0.0029063803667667503,0.03796492110077578,0.049293909186271335,0.03276739470664631,2_break,2015-01;2018-05,2018-05
toxicity_mean,2014-04,0.0028086294769309,0.03681982049856074,0.05225909758179663,0.036503775492832936,2_break,2015-01;2018-05,2018-05
toxicity_mean,2014-05,0.06569608434195585,0.03567471989634569,0.05522428597732193,0.04024015627901956,2_break,2015-01;2018-05,2018-05
toxicity_mean,2014-06,0.053614653964170776,0.03452961929413065,0.05818947437284723,0.043976537065206184,2_break,2015-01;2018-05,2018-05
toxicity_mean,2014-07,0.051112642581035594,0.0333845186919156,0.061154662768372524,0.04771291785139281,2_break,2015-01;2018-05,2018-05
toxicity_mean,2014-08,0.022710266446023964,0.03223941808970056,0.06411985116389782,0.05144929863757944,2_break,2015-01;2018-05,2018-05
toxicity_mean,2014-09,0.041365937130098084,0.031094317487485514,0.06708503955942312,0.055185679423766065,2_break,2015-01;2018-05,2018-05
toxicity_mean,2014-10,0.017375825240113763,0.02994921688527047,0.07005022795494842,0.058922060209952686,2_break,2015-01;2018-05,2018-05
toxicity_mean,2014-11,0.03878941189125824,0.028804116283055424,0.0730154163504737,0.06265844099613932,2_break,2015-01;2018-05,2018-05
toxicity_mean,2014-12,0.019097059286448465,0.02765901568084038,0.07598060474599902,0.06639482178232595,2_break,2015-01;2018-05,2018-05
toxicity_mean,2015-01,0.055700670349439284,0.07958609945912015,0.0789457931415243,0.07013120256851256,2_break,2015-01;2018-05,2018-05
toxicity_mean,2015-02,0.08394811682833657,0.08297628743919713,0.08191098153704959,0.07386758335469919,2_break,2015-01;2018-05,2018-05
toxicity_mean,2015-03,0.07594019142612589,0.0863664754192741,0.08487616993257491,0.07760396414088581,2_break,2015-01;2018-05,2018-05
toxicity_mean,2015-04,0.07427989672681114,0.08975666339935107,0.0878413583281002,0.08134034492707244,2_break,2015-01;2018-05,2018-05
toxicity_mean,2015-05,0.07899534829848893,0.09314685137942805,0.0908065467236255,0.08507672571325907,2_break,2015-01;2018-05,2018-05
toxicity_mean,2015-06,0.09339042236705282,0.09653703935950503,0.0937717351191508,0.0888131064994457,2_break,2015-01;2018-05,2018-05
toxicity_mean,2015-07,0.08358416626575206,0.09992722733958201,0.09673692351467608,0.09254948728563232,2_break,2015-01;2018-05,2018-05
toxicity_mean,2015-08,0.10986107993461482,0.10331741531965899,0.0997021119102014,0.09628586807181894,2_break,2015-01;2018-05,2018-05
toxicity_mean,2015-09,0.12122163010542934,0.10670760329973597,0.10266730030572668,0.10002224885800556,2_break,2015-01;2018-05,2018-05
toxicity_mean,2015-10,0.11940314146379234,0.11009779127981295,0.10563248870125197,0.10375862964419219,2_break,2015-01;2018-05,2018-05
toxicity_mean,2015-11,0.14630183609872605,0.1134879792598899,0.10859767709677728,0.10749501043037882,2_break,2015-01;2018-05,2018-05
toxicity_mean,2015-12,0.13461007216065865,0.11687816723996688,0.11156286549230257,0.11123139121656545,2_break,2015-01;2018-05,2018-05
toxicity_mean,2016-01,0.12723996270279073,0.12026835522004387,0.11452805388782789,0.11496777200275207,2_break,2015-01;2018-05,2018-05
toxicity_mean,2016-02,0.12585031173841968,0.12365854320012085,0.11749324228335317,0.1187041527889387,2_break,2015-01;2018-05,2018-05
toxicity_mean,2016-03,0.13374209855680805,0.12704873118019783,0.12045843067887846,0.12244053357512531,2_break,2015-01;2018-05,2018-05
toxicity_mean,2016-04,0.14497079597881365,0.1304389191602748,0.12342361907440377,0.12617691436131195,2_break,2015-01;2018-05,2018-05
toxicity_mean,2016-05,0.14453785881954215,0.1338291071403518,0.12638880746992906,0.12991329514749855,2_break,2015-01;2018-05,2018-05
toxicity_mean,2016-06,0.14738438857884875,0.13721929512042874,0.12935399586545435,0.1336496759336852,2_break,2015-01;2018-05,2018-05
toxicity_mean,2016-07,0.15455937518062246,0.14060948310050572,0.13231918426097966,0.1373860567198718,2_break,2015-01;2018-05,2018-05
toxicity_mean,2016-08,0.14816901804779206,0.1439996710805827,0.13528437265650495,0.14112243750605846,2_break,2015-01;2018-05,2018-05
toxicity_mean,2016-09,0.14253394798752103,0.14738985906065968,0.13824956105203026,0.14485881829224506,2_break,2015-01;2018-05,2018-05
toxicity_mean,2016-10,0.14356531155501986,0.15078004704073666,0.14121474944755555,0.14859519907843172,2_break,2015-01;2018-05,2018-05
toxicity_mean,2016-11,0.14094076249106774,0.15417023502081365,0.14417993784308084,0.15233157986461832,2_break,2015-01;2018-05,2018-05
toxicity_mean,2016-12,0.15182674184315947,0.15756042300089063,0.14714512623860615,0.15606796065080497,2_break,2015-01;2018-05,2018-05
toxicity_mean,2017-01,0.1522032533564282,0.1609506109809676,0.15011031463413144,0.15980434143699157,2_break,2015-01;2018-05,2018-05
toxicity_mean,2017-02,0.15668270256870628,0.1643407989610446,0.15307550302965672,0.16354072222317823,2_break,2015-01;2018-05,2018-05
toxicity_mean,2017-03,0.16836439790426913,0.16773098694112154,0.15604069142518204,0.16727710300936482,2_break,2015-01;2018-05,2018-05
toxicity_mean,2017-04,0.16207299289388297,0.17112117492119852,0.15900587982070732,0.17101348379555142,2_break,2015-01;2018-05,2018-05
toxicity_mean,2017-05,0.17189439515503693,0.1745113629012755,0.16197106821623264,0.17474986458173808,2_break,2015-01;2018-05,2018-05
toxicity_mean,2017-06,0.18145684875269996,0.17790155088135248,0.16493625661175793,0.17848624536792468,2_break,2015-01;2018-05,2018-05
toxicity_mean,2017-07,0.1817304492568276,0.18129173886142946,0.1679014450072832,0.18222262615411133,2_break,2015-01;2018-05,2018-05
toxicity_mean,2017-08,0.17670605222651473,0.18468192684150644,0.17086663340280853,0.18595900694029793,2_break,2015-01;2018-05,2018-05
toxicity_mean,2017-09,0.1720545278505481,0.18807211482158342,0.1738318217983338,0.1896953877264846,2_break,2015-01;2018-05,2018-05
toxicity_mean,2017-10,0.18512631237642874,0.19146230280166038,0.17679701019385913,0.1934317685126712,2_break,2015-01;2018-05,2018-05
toxicity_mean,2017-11,0.1923303255679343,0.19485249078173736,0.17976219858938441,0.19716814929885784,2_break,2015-01;2018-05,2018-05
toxicity_mean,2017-12,0.21186032940949726,0.19824267876181434,0.1827273869849097,0.20090453008504444,2_break,2015-01;2018-05,2018-05
toxicity_mean,2018-01,0.21544501806980307,0.20163286674189132,0.18569257538043502,0.2046409108712311,2_break,2015-01;2018-05,2018-05
toxicity_mean,2018-02,0.19587582063627254,0.2050230547219683,0.1886577637759603,0.2083772916574177,2_break,2015-01;2018-05,2018-05
toxicity_mean,2018-03,0.20915034526011222,0.20841324270204528,0.19162295217148562,0.21211367244360435,2_break,2015-01;2018-05,2018-05
toxicity_mean,2018-04,0.21227968603425393,0.21180343068212226,0.1945881405670109,0.21585005322979095,2_break,2015-01;2018-05,2018-05
toxicity_mean,2018-05,0.2481778913648792,0.23567368754936377,0.1975533289625362,0.23567368754936377,2_break,2015-01;2018-05,2018-05
toxicity_mean,2018-06,0.22500479891876443,0.23605477079488396,0.2005185173580615,0.23605477079488396,2_break,2015-01;2018-05,2018-05
toxicity_mean,2018-07,0.23731506652446777,0.23643585404040413,0.2034837057535868,0.23643585404040413,2_break,2015-01;2018-05,2018-05
toxicity_mean,2018-08,0.2254265729895494,0.23681693728592432,0.20644889414911208,0.23681693728592432,2_break,2015-01;2018-05,2018-05
toxicity_mean,2018-09,0.2492082315823595,0.2371980205314445,0.2094140825446374,0.2371980205314445,2_break,2015-01;2018-05,2018-05
toxicity_mean,2018-10,0.22838066634562867,0.23757910377696467,0.21237927094016268,0.23757910377696467,2_break,2015-01;2018-05,2018-05
toxicity_mean,2018-11,0.22951174738221378,0.23796018702248486,0.21534445933568797,0.23796018702248486,2_break,2015-01;2018-05,2018-05
toxicity_mean,2018-12,0.24172669230759303,0.23834127026800506,0.21830964773121328,0.23834127026800506,2_break,2015-01;2018-05,2018-05
toxicity_mean,2019-01,0.2263277460314246,0.23872235351352522,0.22127483612673857,0.23872235351352522,2_break,2015-01;2018-05,2018-05
toxicity_mean,2019-02,0.23028106983027674,0.2391034367590454,0.22424002452226388,0.2391034367590454,2_break,2015-01;2018-05,2018-05
toxicity_mean,2019-03,0.24312700139906163,0.23948452000456558,0.22720521291778917,0.23948452000456558,2_break,2015-01;2018-05,2018-05
toxicity_mean,2019-04,0.24509905562493098,0.23986560325008577,0.23017040131331445,0.23986560325008577,2_break,2015-01;2018-05,2018-05
toxicity_mean,2019-05,0.2418736389441936,0.24024668649560593,0.23313558970883977,0.24024668649560593,2_break,2015-01;2018-05,2018-05
toxicity_mean,2019-06,0.25152259309336433,0.24062776974112612,0.23610077810436506,0.24062776974112612,2_break,2015-01;2018-05,2018-05
toxicity_mean,2019-07,0.24431160217422046,0.24100885298664632,0.23906596649989037,0.24100885298664632,2_break,2015-01;2018-05,2018-05
toxicity_mean,2019-08,0.2467702280217169,0.24138993623216648,0.24203115489541566,0.24138993623216648,2_break,2015-01;2018-05,2018-05
toxicity_mean,2019-09,0.2566612455177057,0.24177101947768667,0.24499634329094094,0.24177101947768667,2_break,2015-01;2018-05,2018-05
toxicity_mean,2019-10,0.26037004605999875,0.24215210272320684,0.24796153168646626,0.24215210272320684,2_break,2015-01;2018-05,2018-05
toxicity_mean,2019-11,0.2335387367114172,0.24253318596872703,0.2509267200819915,0.24253318596872703,2_break,2015-01;2018-05,2018-05
toxicity_mean,2019-12,0.2304241819743258,0.24291426921424722,0.2538919084775168,0.24291426921424722,2_break,2015-01;2018-05,2018-05
toxicity_mean,2020-01,0.2334658434933666,0.24329535245976738,0.25685709687304215,0.24329535245976738,2_break,2015-01;2018-05,2018-05
toxicity_mean,2020-02,0.24871155792305463,0.24367643570528758,0.25982228526856743,0.24367643570528758,2_break,2015-01;2018-05,2018-05
toxicity_mean,2020-03,0.24321140661233143,0.24405751895080774,0.2627874736640927,0.24405751895080774,2_break,2015-01;2018-05,2018-05
toxicity_mean,2020-04,0.23991435333521607,0.24443860219632793,0.265752662059618,0.24443860219632793,2_break,2015-01;2018-05,2018-05
toxicity_mean,2020-05,0.23061224423577897,0.24481968544184812,0.2687178504551433,0.24481968544184812,2_break,2015-01;2018-05,2018-05
toxicity_mean,2020-06,0.2750915197218542,0.2452007686873683,0.27168303885066863,0.2452007686873683,2_break,2015-01;2018-05,2018-05
toxicity_mean,2020-07,0.2614435226954844,0.24558185193288848,0.2746482272461939,0.24558185193288848,2_break,2015-01;2018-05,2018-05
toxicity_mean,2020-08,0.26183511783296703,0.24596293517840864,0.2776134156417192,0.24596293517840864,2_break,2015-01;2018-05,2018-05
toxicity_mean,2020-09,0.20910282105468572,0.24634401842392883,0.2805786040372445,0.24634401842392883,2_break,2015-01;2018-05,2018-05
toxicity_mean,2020-10,0.240997924983157,0.246725101669449,0.2835437924327698,0.246725101669449,2_break,2015-01;2018-05,2018-05
toxicity_mean,2020-11,0.24848427571105067,0.2471061849149692,0.2865089808282951,0.2471061849149692,2_break,2015-01;2018-05,2018-05
toxicity_mean,2020-12,0.24264589096060785,0.24748726816048938,0.2894741692238204,0.24748726816048938,2_break,2015-01;2018-05,2018-05
ei_index,2015-07,-0.34437065276831863,-0.12849892413892464,-0.3835129600728465,-0.12849892413892464,2_break,2018-10;2020-07,2018-10
ei_index,2015-08,-0.1661088147395884,-0.14172573484892426,-0.37942008961839907,-0.14172573484892426,2_break,2018-10;2020-07,2018-10
ei_index,2015-09,-0.21862230230718568,-0.15495254555892385,-0.3753272191639516,-0.15495254555892385,2_break,2018-10;2020-07,2018-10
ei_index,2015-10,-0.1649887891735156,-0.16817935626892344,-0.37123434870950417,-0.16817935626892344,2_break,2018-10;2020-07,2018-10
ei_index,2015-11,-0.20048303384653834,-0.18140616697892306,-0.3671414782550567,-0.18140616697892306,2_break,2018-10;2020-07,2018-10
ei_index,2015-12,-0.22804961126391352,-0.19463297768892268,-0.36304860780060927,-0.19463297768892268,2_break,2018-10;2020-07,2018-10
ei_index,2016-01,-0.22295397754477916,-0.20785978839892227,-0.3589557373461618,-0.20785978839892227,2_break,2018-10;2020-07,2018-10
ei_index,2016-02,-0.11584986201196358,-0.22108659910892187,-0.35486286689171437,-0.22108659910892187,2_break,2018-10;2020-07,2018-10
ei_index,2016-03,-0.13448301241126906,-0.2343134098189215,-0.3507699964372669,-0.2343134098189215,2_break,2018-10;2020-07,2018-10
ei_index,2016-04,-0.20585773105516278,-0.2475402205289211,-0.34667712598281947,-0.2475402205289211,2_break,2018-10;2020-07,2018-10
ei_index,2016-05,-0.15775706925314903,-0.2607670312389207,-0.342584255528372,-0.2607670312389207,2_break,2018-10;2020-07,2018-10
ei_index,2016-06,-0.27759946671993757,-0.2739938419489203,-0.33849138507392457,-0.2739938419489203,2_break,2018-10;2020-07,2018-10
ei_index,2016-07,-0.27621753800048615,-0.28722065265891994,-0.3343985146194771,-0.28722065265891994,2_break,2018-10;2020-07,2018-10
ei_index,2016-08,-0.2576916774861096,-0.3004474633689195,-0.33030564416502967,-0.3004474633689195,2_break,2018-10;2020-07,2018-10
ei_index,2016-09,-0.21018502857475851,-0.3136742740789191,-0.3262127737105822,-0.3136742740789191,2_break,2018-10;2020-07,2018-10
ei_index,2016-10,-0.1337545687537914,-0.32690108478891877,-0.3221199032561347,-0.32690108478891877,2_break,2018-10;2020-07,2018-10
ei_index,2016-11,-0.25828445789956866,-0.3401278954989183,-0.3180270328016873,-0.3401278954989183,2_break,2018-10;2020-07,2018-10
ei_index,2016-12,-0.30424238427760014,-0.35335470620891796,-0.3139341623472398,-0.35335470620891796,2_break,2018-10;2020-07,2018-10
ei_index,2017-01,-0.3232957567922875,-0.36658151691891755,-0.3098412918927924,-0.36658151691891755,2_break,2018-10;2020-07,2018-10
ei_index,2017-02,-0.5240049719259029,-0.37980832762891714,-0.3057484214383449,-0.37980832762891714,2_break,2018-10;2020-07,2018-10
ei_index,2017-03,-0.530549025109673,-0.3930351383389168,-0.3016555509838975,-0.3930351383389168,2_break,2018-10;2020-07,2018-10
ei_index,2017-04,-0.49137610059813985,-0.4062619490489163,-0.29756268052945,-0.4062619490489163,2_break,2018-10;2020-07,2018-10
ei_index,2017-05,-0.4228897546351907,-0.419488759758916,-0.29346981007500256,-0.419488759758916,2_break,2018-10;2020-07,2018-10
ei_index,2017-06,-0.49537188734950366,-0.4327155704689156,-0.2893769396205551,-0.4327155704689156,2_break,2018-10;2020-07,2018-10
ei_index,2017-07,-0.4493877387432265,-0.44594238117891516,-0.28528406916610766,-0.44594238117891516,2_break,2018-10;2020-07,2018-10
ei_index,2017-08,-0.5102626260178611,-0.4591691918889148,-0.2811911987116602,-0.4591691918889148,2_break,2018-10;2020-07,2018-10
ei_index,2017-09,-0.4552282422108582,-0.47239600259891434,-0.27709832825721276,-0.47239600259891434,2_break,2018-10;2020-07,2018-10
ei_index,2017-10,-0.41669514869149976,-0.485622813308914,-0.2730054578027653,-0.485622813308914,2_break,2018-10;2020-07,2018-10
ei_index,2017-11,-0.48620979639676837,-0.49884962401891364,-0.26891258734831786,-0.49884962401891364,2_break,2018-10;2020-07,2018-10
ei_index,2017-12,-0.4955187741463843,-0.5120764347289132,-0.2648197168938704,-0.5120764347289132,2_break,2018-10;2020-07,2018-10
ei_index,2018-01,-0.5845323062459281,-0.5253032454389128,-0.26072684643942295,-0.5253032454389128,2_break,2018-10;2020-07,2018-10
ei_index,2018-02,-0.5631253608711074,-0.5385300561489125,-0.2566339759849755,-0.5385300561489125,2_break,2018-10;2020-07,2018-10
ei_index,2018-03,-0.6289940981473827,-0.551756866858912,-0.25254110553052805,-0.551756866858912,2_break,2018-10;2020-07,2018-10
ei_index,2018-04,-0.6636935246646601,-0.5649836775689117,-0.2484482350760806,-0.5649836775689117,2_break,2018-10;2020-07,2018-10
ei_index,2018-05,-0.6391100801988334,-0.5782104882789112,-0.24435536462163315,-0.5782104882789112,2_break,2018-10;2020-07,2018-10
ei_index,2018-06,-0.5261861160119382,-0.5914372989889108,-0.2402624941671857,-0.5914372989889108,2_break,2018-10;2020-07,2018-10
ei_index,2018-07,-0.5599155683252386,-0.6046641096989105,-0.23616962371273825,-0.6046641096989105,2_break,2018-10;2020-07,2018-10
ei_index,2018-08,-0.6391380384607347,-0.61789092040891,-0.2320767532582908,-0.61789092040891,2_break,2018-10;2020-07,2018-10
ei_index,2018-09,-0.5295398838970092,-0.6311177311189097,-0.22798388280384335,-0.6311177311189097,2_break,2018-10;2020-07,2018-10
ei_index,2018-10,-0.20693910863357456,-0.16084943619803993,-0.2238910123493959,-0.0394880183685843,2_break,2018-10;2020-07,2018-10
ei_index,2018-11,-0.20147455648282664,-0.14553716417845097,-0.21979814189494845,-0.04135111513934936,2_break,2018-10;2020-07,2018-10
ei_index,2018-12,-0.1379742161015256,-0.13022489215886202,-0.21570527144050097,-0.04321421191011442,2_break,2018-10;2020-07,2018-10
ei_index,2019-01,-0.12050997455915213,-0.11491262013927306,-0.21161240098605352,-0.045077308680879474,2_break,2018-10;2020-07,2018-10
ei_index,2019-02,-0.07551176553729973,-0.0996003481196841,-0.20751953053160607,-0.04694040545164453,2_break,2018-10;2020-07,2018-10
ei_index,2019-03,-0.087716884814799,-0.08428807610009503,-0.20342666007715862,-0.048803502222409575,2_break,2018-10;2020-07,2018-10
ei_index,2019-04,0.04165945027844905,-0.06897580408050608,-0.19933378962271117,-0.05066659899317463,2_break,2018-10;2020-07,2018-10
ei_index,2019-05,-0.07999112773087588,-0.05366353206091712,-0.19524091916826372,-0.05252969576393969,2_break,2018-10;2020-07,2018-10
ei_index,2019-06,0.014955579677175064,-0.03835126004132816,-0.19114804871381627,-0.05439279253470475,2_break,2018-10;2020-07,2018-10
ei_index,2019-07,0.030035250444928847,-0.023038988021739204,-0.18705517825936882,-0.056255889305469806,2_break,2018-10;2020-07,2018-10
ei_index,2019-08,0.021383589347281063,-0.007726716002150247,-0.18296230780492137,-0.05811898607623486,2_break,2018-10;2020-07,2018-10
ei_index,2019-09,-0.05685578306466594,0.0075855560174387104,-0.17886943735047392,-0.05998208284699992,2_break,2018-10;2020-07,2018-10
ei_index,2019-10,0.0015125879056322362,0.022897828037027668,-0.17477656689602647,-0.06184517961776498,2_break,2018-10;2020-07,2018-10
ei_index,2019-11,0.04878213271068436,0.038210100056616625,-0.17068369644157902,-0.06370827638853004,2_break,2018-10;2020-07,2018-10
ei_index,2019-12,0.047138473111302925,0.05352237207620569,-0.16659082598713157,-0.06557137315929508,2_break,2018-10;2020-07,2018-10
ei_index,2020-01,0.07070253578900777,0.06883464409579465,-0.16249795553268412,-0.06743446993006014,2_break,2018-10;2020-07,2018-10
ei_index,2020-02,0.0841297240154102,0.08414691611538361,-0.15840508507823667,-0.0692975667008252,2_break,2018-10;2020-07,2018-10
ei_index,2020-03,0.1026815693729441,0.09945918813497256,-0.1543122146237892,-0.07116066347159025,2_break,2018-10;2020-07,2018-10
ei_index,2020-04,0.050100069236856275,0.11477146015456152,-0.15021934416934174,-0.07302376024235531,2_break,2018-10;2020-07,2018-10
ei_index,2020-05,0.11986681566701396,0.13008373217415048,-0.1461264737148943,-0.07488685701312037,2_break,2018-10;2020-07,2018-10
ei_index,2020-06,0.17176460332287516,0.14539600419373944,-0.14203360326044684,-0.07674995378388542,2_break,2018-10;2020-07,2018-10
ei_index,2020-07,-0.45917824280673775,-0.40658236687542404,-0.1379407328059994,-0.07861305055465047,2_break,2018-10;2020-07,2018-10
ei_index,2020-08,-0.33585031803230964,-0.3478069152215979,-0.13384786235155194,-0.08047614732541553,2_break,2018-10;2020-07,2018-10
ei_index,2020-09,-0.21962819524581625,-0.2890314635677713,-0.1297549918971045,-0.08233924409618058,2_break,2018-10;2020-07,2018-10
ei_index,2020-10,-0.2202773987153304,-0.23025601191394518,-0.12566212144265704,-0.08420234086694564,2_break,2018-10;2020-07,2018-10
ei_index,2020-11,-0.18449460072380228,-0.1714805602601186,-0.12156925098820959,-0.0860654376377107,2_break,2018-10;2020-07,2018-10
ei_index,2020-12,-0.13843367092115574,-0.11270510860629201,-0.11747638053376214,-0.08792853440847576,2_break,2018-10;2020-07,2018-10
existing_gini,2014-05,0.0833333333333333,0.11546639238264131,0.44366455227900414,0.07906762210426475,2_break,2014-12;2015-07,2015-07
existing_gini,2014-06,0.20331035923141186,0.13056558721763398,0.4464811837342901,0.1013398313430689,2_break,2014-12;2015-07,2015-07
existing_gini,2014-07,0.1033272283272283,0.14566478205262665,0.44929781518957596,0.12361204058187306,2_break,2014-12;2015-07,2015-07
existing_gini,2014-08,0.1666666666666666,0.1607639768876193,0.4521144466448619,0.14588424982067721,2_break,2014-12;2015-07,2015-07
existing_gini,2014-09,0.19156378600823043,0.17586317172261196,0.4549310781001478,0.16815645905948134,2_break,2014-12;2015-07,2015-07
existing_gini,2014-10,0.14027777777777778,0.19096236655760462,0.45774770955543376,0.19042866829828548,2_break,2014-12;2015-07,2015-07
existing_gini,2014-11,0.2368686868686868,0.2060615613925973,0.46056434101071964,0.21270087753708966,2_break,2014-12;2015-07,2015-07
existing_gini,2014-12,0.09047619047619045,0.12045574939607134,0.46338097246600557,0.2349730867758938,2_break,2014-12;2015-07,2015-07
existing_gini,2015-01,0.10642857142857143,0.17594049540583567,0.4661976039212915,0.2572452960146979,2_break,2014-12;2015-07,2015-07
existing_gini,2015-02,0.3481436322203086,0.2314252414156,0.4690142353765774,0.2795175052535021,2_break,2014-12;2015-07,2015-07
existing_gini,2015-03,0.3260640050107833,0.28690998742536433,0.4718308668318633,0.30178971449230624,2_break,2014-12;2015-07,2015-07
existing_gini,2015-04,0.3284816836053693,0.3423947334351287,0.47464749828714925,0.32406192373111037,2_break,2014-12;2015-07,2015-07
existing_gini,2015-05,0.3688069365349247,0.397879479444893,0.4774641297424352,0.34633413296991455,2_break,2014-12;2015-07,2015-07
existing_gini,2015-06,0.43996889270140177,0.45336422545465727,0.48028076119772106,0.3686063422087187,2_break,2014-12;2015-07,2015-07
existing_gini,2015-07,0.6765140616989216,0.7205609822114387,0.483097392653007,0.7205609822114387,2_break,2014-12;2015-07,2015-07
existing_gini,2015-08,0.7094921449343614,0.7176253071554378,0.48591402410829293,0.7176253071554378,2_break,2014-12;2015-07,2015-07
existing_gini,2015-09,0.6914922464369955,0.7146896320994368,0.48873065556357886,0.7146896320994368,2_break,2014-12;2015-07,2015-07
existing_gini,2015-10,0.6936883881546999,0.7117539570434359,0.49154728701886474,0.7117539570434359,2_break,2014-12;2015-07,2015-07
existing_gini,2015-11,0.6774290179820491,0.708818281987435,0.4943639184741507,0.708818281987435,2_break,2014-12;2015-07,2015-07
existing_gini,2015-12,0.6790870893213219,0.7058826069314341,0.4971805499294366,0.7058826069314341,2_break,2014-12;2015-07,2015-07
existing_gini,2016-01,0.7079419810996718,0.7029469318754331,0.4999971813847225,0.7029469318754331,2_break,2014-12;2015-07,2015-07
existing_gini,2016-02,0.6970402078699113,0.7000112568194322,0.5028138128400085,0.7000112568194322,2_break,2014-12;2015-07,2015-07
existing_gini,2016-03,0.7039868746038321,0.6970755817634313,0.5056304442952944,0.6970755817634313,2_break,2014-12;2015-07,2015-07
existing_gini,2016-04,0.7121035960519889,0.6941399067074303,0.5084470757505802,0.6941399067074303,2_break,2014-12;2015-07,2015-07
existing_gini,2016-05,0.7066992030149519,0.6912042316514294,0.5112637072058662,0.6912042316514294,2_break,2014-12;2015-07,2015-07
existing_gini,2016-06,0.7066392294186844,0.6882685565954285,0.5140803386611521,0.6882685565954285,2_break,2014-12;2015-07,2015-07
existing_gini,2016-07,0.6592531752962831,0.6853328815394276,0.516896970116438,0.6853328815394276,2_break,2014-12;2015-07,2015-07
existing_gini,2016-08,0.6990175058274571,0.6823972064834266,0.519713601571724,0.6823972064834266,2_break,2014-12;2015-07,2015-07
existing_gini,2016-09,0.6702278878206721,0.6794615314274257,0.5225302330270098,0.6794615314274257,2_break,2014-12;2015-07,2015-07
existing_gini,2016-10,0.7086951425108564,0.6765258563714248,0.5253468644822957,0.6765258563714248,2_break,2014-12;2015-07,2015-07
existing_gini,2016-11,0.6919712478559822,0.6735901813154239,0.5281634959375817,0.6735901813154239,2_break,2014-12;2015-07,2015-07
existing_gini,2016-12,0.6963399642485748,0.6706545062594229,0.5309801273928676,0.6706545062594229,2_break,2014-12;2015-07,2015-07
existing_gini,2017-01,0.7188731481407818,0.667718831203422,0.5337967588481536,0.667718831203422,2_break,2014-12;2015-07,2015-07
existing_gini,2017-02,0.6280562522723975,0.6647831561474211,0.5366133903034395,0.6647831561474211,2_break,2014-12;2015-07,2015-07
existing_gini,2017-03,0.648505319991903,0.6618474810914201,0.5394300217587253,0.6618474810914201,2_break,2014-12;2015-07,2015-07
existing_gini,2017-04,0.632510797782761,0.6589118060354192,0.5422466532140113,0.6589118060354192,2_break,2014-12;2015-07,2015-07
existing_gini,2017-05,0.6603139890209456,0.6559761309794183,0.5450632846692972,0.6559761309794183,2_break,2014-12;2015-07,2015-07
existing_gini,2017-06,0.6314012788892005,0.6530404559234173,0.5478799161245831,0.6530404559234173,2_break,2014-12;2015-07,2015-07
existing_gini,2017-07,0.6912411559989048,0.6501047808674164,0.5506965475798691,0.6501047808674164,2_break,2014-12;2015-07,2015-07
existing_gini,2017-08,0.6457540540162928,0.6471691058114155,0.553513179035155,0.6471691058114155,2_break,2014-12;2015-07,2015-07
existing_gini,2017-09,0.6989629336904412,0.6442334307554146,0.5563298104904408,0.6442334307554146,2_break,2014-12;2015-07,2015-07
existing_gini,2017-10,0.656099454016379,0.6412977556994136,0.5591464419457268,0.6412977556994136,2_break,2014-12;2015-07,2015-07
existing_gini,2017-11,0.6815332354769804,0.6383620806434127,0.5619630734010127,0.6383620806434127,2_break,2014-12;2015-07,2015-07
existing_gini,2017-12,0.6033037421187936,0.6354264055874118,0.5647797048562986,0.6354264055874118,2_break,2014-12;2015-07,2015-07
existing_gini,2018-01,0.6945133760393895,0.6324907305314109,0.5675963363115846,0.6324907305314109,2_break,2014-12;2015-07,2015-07
existing_gini,2018-02,0.6201282773761808,0.6295550554754099,0.5704129677668704,0.6295550554754099,2_break,2014-12;2015-07,2015-07
existing_gini,2018-03,0.6198556249534274,0.626619380419409,0.5732295992221563,0.626619380419409,2_break,2014-12;2015-07,2015-07
existing_gini,2018-04,0.5988984561682843,0.6236837053634081,0.5760462306774423,0.6236837053634081,2_break,2014-12;2015-07,2015-07
existing_gini,2018-05,0.6459343792684903,0.6207480303074071,0.5788628621327282,0.6207480303074071,2_break,2014-12;2015-07,2015-07
existing_gini,2018-06,0.6938076360611172,0.6178123552514062,0.5816794935880141,0.6178123552514062,2_break,2014-12;2015-07,2015-07
existing_gini,2018-07,0.6867793288749171,0.6148766801954053,0.5844961250433001,0.6148766801954053,2_break,2014-12;2015-07,2015-07
existing_gini,2018-08,0.6517924594080056,0.6119410051394043,0.5873127564985859,0.6119410051394043,2_break,2014-12;2015-07,2015-07
existing_gini,2018-09,0.6789985404608506,0.6090053300834034,0.5901293879538719,0.6090053300834034,2_break,2014-12;2015-07,2015-07
existing_gini,2018-10,0.5459655806505249,0.6060696550274025,0.5929460194091578,0.6060696550274025,2_break,2014-12;2015-07,2015-07
existing_gini,2018-11,0.5407004479265155,0.6031339799714015,0.5957626508644438,0.6031339799714015,2_break,2014-12;2015-07,2015-07
existing_gini,2018-12,0.5304531077642295,0.6001983049154006,0.5985792823197297,0.6001983049154006,2_break,2014-12;2015-07,2015-07
existing_gini,2019-01,0.5488524089563668,0.5972626298593997,0.6013959137750156,0.5972626298593997,2_break,2014-12;2015-07,2015-07
existing_gini,2019-02,0.5443374322886926,0.5943269548033988,0.6042125452303015,0.5943269548033988,2_break,2014-12;2015-07,2015-07
existing_gini,2019-03,0.563423864529064,0.5913912797473979,0.6070291766855874,0.5913912797473979,2_break,2014-12;2015-07,2015-07
existing_gini,2019-04,0.5519767033201423,0.5884556046913969,0.6098458081408733,0.5884556046913969,2_break,2014-12;2015-07,2015-07
existing_gini,2019-05,0.5512331057632204,0.585519929635396,0.6126624395961593,0.585519929635396,2_break,2014-12;2015-07,2015-07
existing_gini,2019-06,0.5601265225326061,0.5825842545793951,0.6154790710514452,0.5825842545793951,2_break,2014-12;2015-07,2015-07
existing_gini,2019-07,0.5643613635219462,0.5796485795233941,0.618295702506731,0.5796485795233941,2_break,2014-12;2015-07,2015-07
existing_gini,2019-08,0.5533468159499411,0.5767129044673932,0.621112333962017,0.5767129044673932,2_break,2014-12;2015-07,2015-07
existing_gini,2019-09,0.5631843433800438,0.5737772294113923,0.6239289654173029,0.5737772294113923,2_break,2014-12;2015-07,2015-07
existing_gini,2019-10,0.5648635903167095,0.5708415543553913,0.6267455968725888,0.5708415543553913,2_break,2014-12;2015-07,2015-07
existing_gini,2019-11,0.5697559094141624,0.5679058792993904,0.6295622283278748,0.5679058792993904,2_break,2014-12;2015-07,2015-07
existing_gini,2019-12,0.5600231840649413,0.5649702042433895,0.6323788597831607,0.5649702042433895,2_break,2014-12;2015-07,2015-07
existing_gini,2020-01,0.5879721136971545,0.5620345291873885,0.6351954912384465,0.5620345291873885,2_break,2014-12;2015-07,2015-07
existing_gini,2020-02,0.5733983887014502,0.5590988541313876,0.6380121226937325,0.5590988541313876,2_break,2014-12;2015-07,2015-07
existing_gini,2020-03,0.5906842721706147,0.5561631790753867,0.6408287541490184,0.5561631790753867,2_break,2014-12;2015-07,2015-07
existing_gini,2020-04,0.5963267153750006,0.5532275040193858,0.6436453856043043,0.5532275040193858,2_break,2014-12;2015-07,2015-07
existing_gini,2020-05,0.5999488890216602,0.5502918289633849,0.6464620170595903,0.5502918289633849,2_break,2014-12;2015-07,2015-07
existing_gini,2020-06,0.6470343289799878,0.5473561539073839,0.6492786485148762,0.5473561539073839,2_break,2014-12;2015-07,2015-07
existing_gini,2020-07,0.5305057291764609,0.544420478851383,0.652095279970162,0.544420478851383,2_break,2014-12;2015-07,2015-07
existing_gini,2020-08,0.5133960592261756,0.5414848037953821,0.654911911425448,0.5414848037953821,2_break,2014-12;2015-07,2015-07
existing_gini,2020-09,0.4835942196653898,0.5385491287393811,0.6577285428807339,0.5385491287393811,2_break,2014-12;2015-07,2015-07
existing_gini,2020-10,0.5244877960505724,0.5356134536833802,0.6605451743360199,0.5356134536833802,2_break,2014-12;2015-07,2015-07
existing_gini,2020-11,0.551277428460789,0.5326777786273793,0.6633618057913058,0.5326777786273793,2_break,2014-12;2015-07,2015-07
existing_gini,2020-12,0.4738891057549297,0.5297421035713783,0.6661784372465918,0.5297421035713783,2_break,2014-12;2015-07,2015-07
reputation_mean,2014-04,1.4437912260005814,1.835539544989689,3.9211559851444813,2.5179278581184703,2_break,2015-01;2015-08,2016-05
reputation_mean,2014-05,1.7899063192926459,2.1790450013436766,3.933579988598352,2.64065451497446,2_break,2015-01;2015-08,2016-05
reputation_mean,2014-06,3.468740545036863,2.522550457697664,3.9460039920522223,2.7633811718304493,2_break,2015-01;2015-08,2016-05
reputation_mean,2014-07,3.8458964236071447,2.8660559140516515,3.958427995506093,2.886107828686439,2_break,2015-01;2015-08,2016-05
reputation_mean,2014-08,2.1807014054120493,3.209561370405639,3.9708519989599633,3.0088344855424283,2_break,2015-01;2015-08,2016-05
reputation_mean,2014-09,3.39764148653585,3.5530668267596264,3.983276002413834,3.131561142398418,2_break,2015-01;2015-08,2016-05
reputation_mean,2014-10,4.524244438927741,3.8965722831136143,3.995700005867705,3.2542877992544073,2_break,2015-01;2015-08,2016-05
reputation_mean,2014-11,2.848063562942495,4.240077739467601,4.008124009321575,3.377014456110397,2_break,2015-01;2015-08,2016-05
reputation_mean,2014-12,5.387066925895392,4.583583195821589,4.020548012775445,3.4997411129663867,2_break,2015-01;2015-08,2016-05
reputation_mean,2015-01,3.051622392877815,3.4449857737318137,4.032972016229317,3.622467769822376,2_break,2015-01;2015-08,2016-05
reputation_mean,2015-02,3.45707918379223,3.4995674529797207,4.045396019683187,3.7451944266783657,2_break,2015-01;2015-08,2016-05
reputation_mean,2015-03,4.0625101176716205,3.5541491322276273,4.057820023137057,3.8679210835343554,2_break,2015-01;2015-08,2016-05
reputation_mean,2015-04,3.7767530123539372,3.608730811475534,4.070244026590927,3.9906477403903446,2_break,2015-01;2015-08,2016-05
reputation_mean,2015-05,3.815379326501335,3.663312490723441,4.082668030044799,4.113374397246334,2_break,2015-01;2015-08,2016-05
reputation_mean,2015-06,3.448871585065849,3.7178941699713475,4.095092033498669,4.236101054102324,2_break,2015-01;2015-08,2016-05
reputation_mean,2015-07,3.6489000620659593,3.772475849219254,4.107516036952539,4.358827710958313,2_break,2015-01;2015-08,2016-05
reputation_mean,2015-08,4.652473910068262,4.888782013838011,4.11994004040641,4.481554367814303,2_break,2015-01;2015-08,2016-05
reputation_mean,2015-09,4.901361239368243,4.882026921085027,4.132364043860281,4.604281024670293,2_break,2015-01;2015-08,2016-05
reputation_mean,2015-10,4.780969305402872,4.875271828332043,4.144788047314151,4.727007681526282,2_break,2015-01;2015-08,2016-05
reputation_mean,2015-11,5.364888371705921,4.868516735579059,4.157212050768022,4.849734338382271,2_break,2015-01;2015-08,2016-05
reputation_mean,2015-12,5.316277146455847,4.861761642826075,4.169636054221892,4.9724609952382615,2_break,2015-01;2015-08,2016-05
reputation_mean,2016-01,4.8778044358617185,4.8550065500730915,4.182060057675763,5.09518765209425,2_break,2015-01;2015-08,2016-05
reputation_mean,2016-02,5.392594031158208,4.848251457320107,4.194484061129633,5.21791430895024,2_break,2015-01;2015-08,2016-05
reputation_mean,2016-03,5.210560164742199,4.841496364567123,4.206908064583504,5.34064096580623,2_break,2015-01;2015-08,2016-05
reputation_mean,2016-04,5.122096891015872,4.834741271814139,4.2193320680373745,5.4633676226622185,2_break,2015-01;2015-08,2016-05
reputation_mean,2016-05,5.004098654857768,4.827986179061155,4.231756071491245,4.688313979712071,2_break,2015-01;2015-08,2016-05
reputation_mean,2016-06,4.68813809478934,4.821231086308171,4.244180074945116,4.685428024915713,2_break,2015-01;2015-08,2016-05
reputation_mean,2016-07,4.987748873168264,4.814475993555187,4.256604078398986,4.682542070119355,2_break,2015-01;2015-08,2016-05
reputation_mean,2016-08,4.555727322966313,4.807720900802203,4.2690280818528565,4.679656115322997,2_break,2015-01;2015-08,2016-05
reputation_mean,2016-09,4.908304072382776,4.800965808049219,4.281452085306727,4.676770160526639,2_break,2015-01;2015-08,2016-05
reputation_mean,2016-10,5.14963348904757,4.794210715296235,4.293876088760598,4.673884205730281,2_break,2015-01;2015-08,2016-05
reputation_mean,2016-11,5.031257963478802,4.787455622543251,4.306300092214468,4.670998250933923,2_break,2015-01;2015-08,2016-05
reputation_mean,2016-12,4.572592212725518,4.780700529790267,4.318724095668339,4.668112296137565,2_break,2015-01;2015-08,2016-05
reputation_mean,2017-01,4.321979417714544,4.773945437037283,4.33114809912221,4.665226341341207,2_break,2015-01;2015-08,2016-05
reputation_mean,2017-02,4.563413912681571,4.7671903442843,4.34357210257608,4.662340386544849,2_break,2015-01;2015-08,2016-05
reputation_mean,2017-03,4.721038180449895,4.760435251531316,4.35599610602995,4.659454431748491,2_break,2015-01;2015-08,2016-05
reputation_mean,2017-04,4.798911353665571,4.753680158778332,4.3684201094838215,4.656568476952134,2_break,2015-01;2015-08,2016-05
reputation_mean,2017-05,4.358698275080097,4.746925066025348,4.380844112937692,4.653682522155775,2_break,2015-01;2015-08,2016-05
reputation_mean,2017-06,4.225064465809289,4.740169973272364,4.393268116391562,4.650796567359418,2_break,2015-01;2015-08,2016-05
reputation_mean,2017-07,4.389954899139298,4.73341488051938,4.405692119845432,4.647910612563059,2_break,2015-01;2015-08,2016-05
reputation_mean,2017-08,4.636284282558527,4.726659787766396,4.418116123299304,4.645024657766702,2_break,2015-01;2015-08,2016-05
reputation_mean,2017-09,4.752949281727636,4.719904695013412,4.430540126753174,4.642138702970343,2_break,2015-01;2015-08,2016-05
reputation_mean,2017-10,5.103009637976068,4.713149602260428,4.442964130207044,4.639252748173986,2_break,2015-01;2015-08,2016-05
reputation_mean,2017-11,4.595621803631109,4.706394509507444,4.455388133660915,4.636366793377627,2_break,2015-01;2015-08,2016-05
reputation_mean,2017-12,4.532188361030248,4.69963941675446,4.467812137114786,4.63348083858127,2_break,2015-01;2015-08,2016-05
reputation_mean,2018-01,4.579790371328114,4.692884324001476,4.480236140568656,4.630594883784911,2_break,2015-01;2015-08,2016-05
reputation_mean,2018-02,5.1030336280697215,4.686129231248492,4.492660144022526,4.627708928988554,2_break,2015-01;2015-08,2016-05
reputation_mean,2018-03,4.7071977339686715,4.679374138495508,4.505084147476397,4.624822974192196,2_break,2015-01;2015-08,2016-05
reputation_mean,2018-04,4.781343687687184,4.6726190457425245,4.517508150930268,4.621937019395838,2_break,2015-01;2015-08,2016-05
reputation_mean,2018-05,4.34634488585726,4.6658639529895405,4.529932154384138,4.61905106459948,2_break,2015-01;2015-08,2016-05
reputation_mean,2018-06,4.494369752880061,4.6591088602365565,4.542356157838009,4.616165109803122,2_break,2015-01;2015-08,2016-05
reputation_mean,2018-07,4.577807247205714,4.652353767483572,4.5547801612918795,4.613279155006764,2_break,2015-01;2015-08,2016-05
reputation_mean,2018-08,4.4549750757717685,4.645598674730588,4.56720416474575,4.610393200210406,2_break,2015-01;2015-08,2016-05
reputation_mean,2018-09,4.4323820853288565,4.638843581977604,4.579628168199621,4.607507245414048,2_break,2015-01;2015-08,2016-05
reputation_mean,2018-10,4.317124515218187,4.63208848922462,4.592052171653491,4.60462129061769,2_break,2015-01;2015-08,2016-05
reputation_mean,2018-11,4.4828638381952315,4.625333396471636,4.6044761751073615,4.601735335821332,2_break,2015-01;2015-08,2016-05
reputation_mean,2018-12,4.446503644025621,4.618578303718652,4.616900178561232,4.598849381024974,2_break,2015-01;2015-08,2016-05
reputation_mean,2019-01,4.586915165736863,4.611823210965668,4.629324182015103,4.595963426228616,2_break,2015-01;2015-08,2016-05
reputation_mean,2019-02,4.976241844603341,4.605068118212684,4.641748185468973,4.593077471432258,2_break,2015-01;2015-08,2016-05
reputation_mean,2019-03,4.496700779527385,4.5983130254597,4.654172188922844,4.5901915166359,2_break,2015-01;2015-08,2016-05
reputation_mean,2019-04,4.709026679028408,4.591557932706716,4.666596192376715,4.587305561839543,2_break,2015-01;2015-08,2016-05
reputation_mean,2019-05,4.610582910401767,4.584802839953733,4.679020195830585,4.584419607043184,2_break,2015-01;2015-08,2016-05
reputation_mean,2019-06,4.610740594580176,4.578047747200749,4.691444199284455,4.581533652246827,2_break,2015-01;2015-08,2016-05
reputation_mean,2019-07,4.297950951167142,4.571292654447765,4.703868202738326,4.578647697450468,2_break,2015-01;2015-08,2016-05
reputation_mean,2019-08,4.202808910993395,4.564537561694781,4.716292206192197,4.575761742654111,2_break,2015-01;2015-08,2016-05
reputation_mean,2019-09,4.227682673405966,4.557782468941797,4.728716209646067,4.572875787857752,2_break,2015-01;2015-08,2016-05
reputation_mean,2019-10,4.241574897962068,4.551027376188813,4.741140213099937,4.569989833061395,2_break,2015-01;2015-08,2016-05
reputation_mean,2019-11,4.215118371370477,4.544272283435829,4.753564216553809,4.567103878265036,2_break,2015-01;2015-08,2016-05
reputation_mean,2019-12,4.522040837261418,4.537517190682845,4.765988220007679,4.564217923468679,2_break,2015-01;2015-08,2016-05
reputation_mean,2020-01,4.126966484876305,4.530762097929861,4.778412223461549,4.56133196867232,2_break,2015-01;2015-08,2016-05
reputation_mean,2020-02,4.3120450791275005,4.524007005176877,4.79083622691542,4.558446013875963,2_break,2015-01;2015-08,2016-05
reputation_mean,2020-03,4.216463112526344,4.517251912423893,4.803260230369291,4.555560059079605,2_break,2015-01;2015-08,2016-05
reputation_mean,2020-04,4.179973775030802,4.510496819670909,4.815684233823161,4.552674104283247,2_break,2015-01;2015-08,2016-05
reputation_mean,2020-05,4.49907013356789,4.503741726917925,4.828108237277031,4.549788149486889,2_break,2015-01;2015-08,2016-05
reputation_mean,2020-06,4.452901204329173,4.496986634164941,4.840532240730902,4.546902194690531,2_break,2015-01;2015-08,2016-05
reputation_mean,2020-07,4.744718801432261,4.490231541411958,4.852956244184773,4.544016239894173,2_break,2015-01;2015-08,2016-05
reputation_mean,2020-08,4.8442666434425545,4.4834764486589735,4.865380247638643,4.541130285097815,2_break,2015-01;2015-08,2016-05
reputation_mean,2020-09,5.071140604229757,4.4767213559059895,4.877804251092513,4.538244330301457,2_break,2015-01;2015-08,2016-05
reputation_mean,2020-10,4.804017133027557,4.4699662631530055,4.890228254546384,4.535358375505099,2_break,2015-01;2015-08,2016-05
reputation_mean,2020-11,4.813327386409207,4.4632111704000215,4.902652258000255,4.532472420708741,2_break,2015-01;2015-08,2016-05
reputation_mean,2020-12,5.718586483030418,4.456456077647037,4.915076261454125,4.529586465912383,2_break,2015-01;2015-08,2016-05
degree_assortativity,2014-05,-1.0,-0.6206968269603756,-0.3766745065075077,-0.6206968269603756,1_break,2015-01,2015-01
degree_assortativity,2014-06,-0.5231694186193101,-0.6239039116804567,-0.37651114067558206,-0.6239039116804567,1_break,2015-01,2015-01
degree_assortativity,2014-07,-0.32064523895509806,-0.6271109964005377,-0.3763477748436564,-0.6271109964005377,1_break,2015-01,2015-01
degree_assortativity,2014-08,-0.4999999999999988,-0.6303180811206187,-0.3761844090117308,-0.6303180811206187,1_break,2015-01,2015-01
degree_assortativity,2014-09,-0.5057356230072461,-0.6335251658406997,-0.3760210431798051,-0.6335251658406997,1_break,2015-01,2015-01
degree_assortativity,2014-10,-0.8938356164383562,-0.6367322505607808,-0.37585767734787945,-0.6367322505607808,1_break,2015-01,2015-01
degree_assortativity,2014-11,-0.5119870908252652,-0.6399393352808618,-0.3756943115159538,-0.6399393352808618,1_break,2015-01,2015-01
degree_assortativity,2014-12,-0.8000000000000008,-0.6431464200009428,-0.3755309456840281,-0.6431464200009428,1_break,2015-01,2015-01
degree_assortativity,2015-01,-0.14550264550264616,-0.25365502933599454,-0.37536757985210245,-0.25365502933599454,1_break,2015-01,2015-01
degree_assortativity,2015-02,-0.4123912277916825,-0.25611950092898306,-0.37520421402017684,-0.25611950092898306,1_break,2015-01,2015-01
degree_assortativity,2015-03,-0.42931262482619825,-0.25858397252197163,-0.3750408481882512,-0.25858397252197163,1_break,2015-01,2015-01
degree_assortativity,2015-04,-0.3973188978528998,-0.2610484441149601,-0.3748774823563255,-0.2610484441149601,1_break,2015-01,2015-01
degree_assortativity,2015-05,-0.32489058286669165,-0.26351291570794866,-0.37471411652439984,-0.26351291570794866,1_break,2015-01,2015-01
degree_assortativity,2015-06,-0.21474868429962823,-0.2659773873009372,-0.3745507506924742,-0.2659773873009372,1_break,2015-01,2015-01
degree_assortativity,2015-07,-0.14581109154674873,-0.2684418588939257,-0.37438738486054857,-0.2684418588939257,1_break,2015-01,2015-01
degree_assortativity,2015-08,-0.21685289605931443,-0.2709063304869142,-0.3742240190286229,-0.2709063304869142,1_break,2015-01,2015-01
degree_assortativity,2015-09,-0.2361857243699171,-0.2733708020799027,-0.37406065319669723,-0.2733708020799027,1_break,2015-01,2015-01
degree_assortativity,2015-10,-0.2935524456045792,-0.27583527367289123,-0.37389728736477157,-0.27583527367289123,1_break,2015-01,2015-01
degree_assortativity,2015-11,-0.2793511715907142,-0.27829974526587975,-0.3737339215328459,-0.27829974526587975,1_break,2015-01,2015-01
degree_assortativity,2015-12,-0.2809587882817836,-0.28076421685886827,-0.3735705557009203,-0.28076421685886827,1_break,2015-01,2015-01
degree_assortativity,2016-01,-0.23299637624898983,-0.2832286884518568,-0.3734071898689946,-0.2832286884518568,1_break,2015-01,2015-01
degree_assortativity,2016-02,-0.2694641541738128,-0.2856931600448453,-0.37324382403706896,-0.2856931600448453,1_break,2015-01,2015-01
degree_assortativity,2016-03,-0.2719314003691197,-0.2881576316378338,-0.3730804582051433,-0.2881576316378338,1_break,2015-01,2015-01
degree_assortativity,2016-04,-0.2601904729309669,-0.2906221032308223,-0.37291709237321763,-0.2906221032308223,1_break,2015-01,2015-01
degree_assortativity,2016-05,-0.2621730447111637,-0.29308657482381084,-0.37275372654129196,-0.29308657482381084,1_break,2015-01,2015-01
degree_assortativity,2016-06,-0.27753978851386624,-0.29555104641679936,-0.37259036070936635,-0.29555104641679936,1_break,2015-01,2015-01
degree_assortativity,2016-07,-0.26111928479737295,-0.29801551800978787,-0.3724269948774407,-0.29801551800978787,1_break,2015-01,2015-01
degree_assortativity,2016-08,-0.26788075224114233,-0.3004799896027764,-0.372263629045515,-0.3004799896027764,1_break,2015-01,2015-01
degree_assortativity,2016-09,-0.2904903474137736,-0.3029444611957649,-0.37210026321358936,-0.3029444611957649,1_break,2015-01,2015-01
degree_assortativity,2016-10,-0.2882230875972777,-0.3054089327887534,-0.3719368973816637,-0.3054089327887534,1_break,2015-01,2015-01
degree_assortativity,2016-11,-0.2732647910003547,-0.30787340438174193,-0.3717735315497381,-0.30787340438174193,1_break,2015-01,2015-01
degree_assortativity,2016-12,-0.2698847681019913,-0.3103378759747305,-0.3716101657178124,-0.3103378759747305,1_break,2015-01,2015-01
degree_assortativity,2017-01,-0.2790045560338201,-0.31280234756771896,-0.37144679988588675,-0.31280234756771896,1_break,2015-01,2015-01
degree_assortativity,2017-02,-0.28519669688789634,-0.31526681916070753,-0.3712834340539611,-0.31526681916070753,1_break,2015-01,2015-01
degree_assortativity,2017-03,-0.346263107871648,-0.317731290753696,-0.3711200682220354,-0.317731290753696,1_break,2015-01,2015-01
degree_assortativity,2017-04,-0.30497686989836353,-0.32019576234668456,-0.37095670239010975,-0.32019576234668456,1_break,2015-01,2015-01
degree_assortativity,2017-05,-0.32543212071602273,-0.3226602339396731,-0.37079333655818414,-0.3226602339396731,1_break,2015-01,2015-01
degree_assortativity,2017-06,-0.3235325141594779,-0.3251247055326616,-0.3706299707262585,-0.3251247055326616,1_break,2015-01,2015-01
degree_assortativity,2017-07,-0.33366742090992024,-0.3275891771256501,-0.3704666048943328,-0.3275891771256501,1_break,2015-01,2015-01
degree_assortativity,2017-08,-0.3365768520918817,-0.3300536487186386,-0.37030323906240714,-0.3300536487186386,1_break,2015-01,2015-01
degree_assortativity,2017-09,-0.32236531699048915,-0.33251812031162714,-0.3701398732304815,-0.33251812031162714,1_break,2015-01,2015-01
degree_assortativity,2017-10,-0.3104869652048133,-0.33498259190461566,-0.36997650739855586,-0.33498259190461566,1_break,2015-01,2015-01
degree_assortativity,2017-11,-0.36696832094353976,-0.33744706349760417,-0.3698131415666302,-0.33744706349760417,1_break,2015-01,2015-01
degree_assortativity,2017-12,-0.31727262799625433,-0.3399115350905927,-0.36964977573470453,-0.3399115350905927,1_break,2015-01,2015-01
degree_assortativity,2018-01,-0.35685824704289515,-0.3423760066835812,-0.36948640990277887,-0.3423760066835812,1_break,2015-01,2015-01
degree_assortativity,2018-02,-0.3457565253519013,-0.3448404782765697,-0.3693230440708532,-0.3448404782765697,1_break,2015-01,2015-01
degree_assortativity,2018-03,-0.37678337848212845,-0.34730494986955823,-0.36915967823892754,-0.34730494986955823,1_break,2015-01,2015-01
degree_assortativity,2018-04,-0.4019307443459628,-0.34976942146254675,-0.3689963124070019,-0.34976942146254675,1_break,2015-01,2015-01
degree_assortativity,2018-05,-0.3779492106461964,-0.35223389305553526,-0.36883294657507626,-0.35223389305553526,1_break,2015-01,2015-01
degree_assortativity,2018-06,-0.3550587434807506,-0.3546983646485238,-0.3686695807431506,-0.3546983646485238,1_break,2015-01,2015-01
degree_assortativity,2018-07,-0.3930798343664646,-0.3571628362415123,-0.3685062149112249,-0.3571628362415123,1_break,2015-01,2015-01
degree_assortativity,2018-08,-0.3701268824589148,-0.3596273078345008,-0.36834284907929926,-0.3596273078345008,1_break,2015-01,2015-01
degree_assortativity,2018-09,-0.38626047773743255,-0.3620917794274894,-0.36817948324737365,-0.3620917794274894,1_break,2015-01,2015-01
degree_assortativity,2018-10,-0.3769067765305179,-0.36455625102047784,-0.368016117415448,-0.36455625102047784,1_break,2015-01,2015-01
degree_assortativity,2018-11,-0.37975942074942104,-0.3670207226134664,-0.3678527515835223,-0.3670207226134664,1_break,2015-01,2015-01
degree_assortativity,2018-12,-0.36596174577077584,-0.36948519420645487,-0.36768938575159665,-0.36948519420645487,1_break,2015-01,2015-01
degree_assortativity,2019-01,-0.3680213414760683,-0.37194966579944344,-0.367526019919671,-0.37194966579944344,1_break,2015-01,2015-01
degree_assortativity,2019-02,-0.357916997014642,-0.3744141373924319,-0.3673626540877454,-0.3744141373924319,1_break,2015-01,2015-01
degree_assortativity,2019-03,-0.34831505746948266,-0.37687860898542047,-0.3671992882558197,-0.37687860898542047,1_break,2015-01,2015-01
degree_assortativity,2019-04,-0.38102812240988965,-0.379343080578409,-0.36703592242389405,-0.379343080578409,1_break,2015-01,2015-01
degree_assortativity,2019-05,-0.42611049576031385,-0.3818075521713975,-0.3668725565919684,-0.3818075521713975,1_break,2015-01,2015-01
degree_assortativity,2019-06,-0.44076965479421304,-0.384272023764386,-0.3667091907600427,-0.384272023764386,1_break,2015-01,2015-01
degree_assortativity,2019-07,-0.3737357440645039,-0.38673649535737453,-0.36654582492811705,-0.38673649535737453,1_break,2015-01,2015-01
degree_assortativity,2019-08,-0.44341907618860826,-0.38920096695036305,-0.36638245909619144,-0.38920096695036305,1_break,2015-01,2015-01
degree_assortativity,2019-09,-0.4114414926679397,-0.39166543854335156,-0.36621909326426577,-0.39166543854335156,1_break,2015-01,2015-01
degree_assortativity,2019-10,-0.4018918958960374,-0.3941299101363401,-0.3660557274323401,-0.3941299101363401,1_break,2015-01,2015-01
degree_assortativity,2019-11,-0.4422605814127513,-0.3965943817293286,-0.36589236160041444,-0.3965943817293286,1_break,2015-01,2015-01
degree_assortativity,2019-12,-0.3865027281318767,-0.3990588533223171,-0.3657289957684888,-0.3990588533223171,1_break,2015-01,2015-01
degree_assortativity,2020-01,-0.4363605035450093,-0.4015233249153056,-0.36556562993656316,-0.4015233249153056,1_break,2015-01,2015-01
degree_assortativity,2020-02,-0.37083315225746444,-0.40398779650829414,-0.3654022641046375,-0.40398779650829414,1_break,2015-01,2015-01
degree_assortativity,2020-03,-0.3642047971979652,-0.40645226810128265,-0.36523889827271183,-0.40645226810128265,1_break,2015-01,2015-01
degree_assortativity,2020-04,-0.43300797987679224,-0.4089167396942712,-0.36507553244078617,-0.4089167396942712,1_break,2015-01,2015-01
degree_assortativity,2020-05,-0.43084904084652004,-0.4113812112872597,-0.3649121666088605,-0.4113812112872597,1_break,2015-01,2015-01
degree_assortativity,2020-06,-0.4083619598075605,-0.41384568288024826,-0.36474880077693483,-0.41384568288024826,1_break,2015-01,2015-01
degree_assortativity,2020-07,-0.3803023766925366,-0.4163101544732367,-0.3645854349450092,-0.4163101544732367,1_break,2015-01,2015-01
degree_assortativity,2020-08,-0.38503792753010263,-0.4187746260662253,-0.36442206911308356,-0.4187746260662253,1_break,2015-01,2015-01
degree_assortativity,2020-09,-0.3758400899341339,-0.42123909765921375,-0.3642587032811579,-0.42123909765921375,1_break,2015-01,2015-01
degree_assortativity,2020-10,-0.4109256472004794,-0.4237035692522023,-0.3640953374492322,-0.4237035692522023,1_break,2015-01,2015-01
degree_assortativity,2020-11,-0.46497982635250984,-0.4261680408451908,-0.36393197161730656,-0.4261680408451908,1_break,2015-01,2015-01
degree_assortativity,2020-12,-0.380024609982744,-0.42863251243817935,-0.36376860578538095,-0.42863251243817935,1_break,2015-01,2015-01
