community,comparison_scope,n_voat_months,n_reddit_months,n_paired_months,voat_mean_toxigen_probability,reddit_mean_toxigen_probability,toxicity_ratio_voat_over_reddit,geometric_mean_monthly_ratio,lag1_log_ratio_autocorrelation,block_length,bootstrap_iterations,mbb_ratio_ci_low,mbb_ratio_ci_high,hac_lags,hac_log_ratio_se,hac_geometric_ratio_ci_low,hac_geometric_ratio_ci_high
funny,all_available_months,82,85,,0.20450349373575819,0.12706234546779183,1.6094736248009556,,,6,5000,1.287390212842447,1.8793944386997998,6,,,
funny,overlapping_months_paired,80,80,80.0,0.20555288002669503,0.1270081951771256,1.6184221792934779,1.3398086906232747,0.6941964722758794,6,5000,1.275997949557316,1.9338550297028227,6,0.2172961163704476,0.8751449698777615,2.0511885336213362
gaming,all_available_months,80,85,,0.13515167850541687,0.0941821782857774,1.4350026827296938,,,6,5000,1.0650879305094783,1.8100437447265159,6,,,
gaming,overlapping_months_paired,80,80,80.0,0.13515167850541687,0.09411022442797227,1.4360998427844136,1.031308849384382,0.7521071842437315,6,5000,1.066836300645219,1.850988216313496,6,0.2884808027688898,0.5859134125068414,1.8152817807462618
gifs,all_available_months,81,85,,0.19000542447519025,0.13702913861242022,1.3866059905157158,,,6,5000,1.1037018858205823,1.6805691687003954,6,,,
gifs,overlapping_months_paired,81,81,81.0,0.19000542447519025,0.13754919335292135,1.3813634223770228,0.9928203899268233,0.36488296723761215,6,5000,1.094420420294437,1.6873002556341834,6,0.27361601607918434,0.5807220449471507,1.697356481006595
pics,all_available_months,80,85,,0.17267924650098282,0.1243056960008313,1.3891499107154994,,,6,5000,1.0471076568623998,1.7470309601739153,6,,,
pics,overlapping_months_paired,80,80,80.0,0.17267924650098282,0.12491157827624047,1.3824118539204167,0.8525592993973906,0.8762617132176003,6,5000,1.0337895933273686,1.7577746071879057,6,0.4021177205736257,0.3876514132249756,1.8750282707395522
technology,all_available_months,84,85,,0.13092025536991442,0.13301805804561173,0.9842291888295499,,,6,5000,0.7657783125440825,1.2180180948233597,6,,,
technology,overlapping_months_paired,82,82,82.0,0.13396913818764397,0.1339137292279916,1.0004137660863588,0.7561889069401649,0.7848929233085632,6,5000,0.8250652080497471,1.166638105828204,6,0.23394049857461893,0.47807913354507936,1.196081616738127
videos,all_available_months,84,85,,0.1886422860629589,0.13689518864375055,1.3780052310959774,,,6,5000,1.0994981806481006,1.6707510450102043,6,,,
videos,overlapping_months_paired,82,82,82.0,0.19236854154376898,0.13711723723297098,1.4029493696472493,1.0725014874515304,0.6894304711784695,6,5000,1.1086173602185327,1.7259994515478623,6,0.2576594726078678,0.6472585000559216,1.7771252760471523
