comparison,community,series,n_months,mean_difference,median_difference,sd_difference,lag1_autocorrelation,effective_n_ar1,block_length,bootstrap_iterations,mbb_mean_ci_low,mbb_mean_ci_high,hac_lags,hac_se,hac_mean_ci_low,hac_mean_ci_high
activity_weighted_minus_equal_user,funny,all,82,-0.01667141002143048,-0.01809222183806966,0.016058522155548136,0.0075240318897570905,80.77527365019202,6,5000,-0.021335592673447562,-0.013614143322523073,6,0.002172622328051628,-0.020929671536419236,-0.012413148506441724
activity_weighted_minus_equal_user,funny,existing,82,-0.03417368665934488,-0.026064993527873136,0.038896898781616715,0.33067760973646704,41.245479445978845,6,5000,-0.05040633020241595,-0.022965127483374523,6,0.007363730788459793,-0.04860633379657481,-0.01974103952211495
activity_weighted_minus_equal_user,funny,newcomer,67,-0.004067829978384793,-0.004210160565164267,0.014273609689414638,0.305134127632797,35.67143978760569,6,5000,-0.00837223551647207,-0.00010522946146836368,6,0.0022682309548108744,-0.008513480958433005,0.0003778210016634198
activity_weighted_minus_equal_user,gaming,all,80,-0.030911116812604788,-0.028589902601972972,0.02128236662567633,0.578356642055254,21.37125902777987,6,5000,-0.04031171101222432,-0.022923454871797918,6,0.00478400344789748,-0.04028759127239929,-0.021534642352810288
activity_weighted_minus_equal_user,gaming,existing,80,-0.03941272061972443,-0.03893989368929507,0.031695488102971604,0.4255696084488958,32.235838258427435,6,5000,-0.05218946838561718,-0.029372759971598265,6,0.006176808964000073,-0.051519043728548736,-0.027306397510900124
activity_weighted_minus_equal_user,gaming,newcomer,67,-0.02728322314079481,-0.02463127028466562,0.02008291841636307,0.22610855546401765,42.288854892043425,6,5000,-0.034295085916348195,-0.023213030994951412,6,0.002935107694149598,-0.033035928512074424,-0.021530517769515194
activity_weighted_minus_equal_user,gifs,all,81,-0.028149609257138712,-0.027344755356445594,0.021963422122865617,0.4830393061290097,28.235135798826633,6,5000,-0.03592849093807351,-0.021469093759148877,6,0.003996248620127425,-0.03598211262585635,-0.02031710588842107
activity_weighted_minus_equal_user,gifs,existing,81,-0.03584276377683688,-0.028147456801591475,0.04376483074689378,0.25780297930750506,47.79600594458011,6,5000,-0.05052228675178074,-0.025370969292598113,6,0.006607837289041709,-0.04879388687905942,-0.02289164067461434
activity_weighted_minus_equal_user,gifs,newcomer,66,-0.01895652368467457,-0.015562389263384893,0.02566429698747781,0.13196456699113246,50.6114239342918,6,5000,-0.025984849647820097,-0.014149286387817213,6,0.002973871439797499,-0.024785204601329942,-0.013127842768019196
activity_weighted_minus_equal_user,global,all,85,-0.022485568519897137,-0.025136993449135392,0.013150957291875187,0.7749494034302581,10.777378031992841,6,5000,-0.028464849996532326,-0.017287615910720252,6,0.0031257859475012843,-0.028611996400381062,-0.01635914063941321
activity_weighted_minus_equal_user,global,existing,85,-0.03680624249417433,-0.038246068898229874,0.024010897719915443,0.7276020145609853,13.402293217515178,6,5000,-0.04827478969870257,-0.02767959213579152,6,0.0056085180323855975,-0.04779873584429355,-0.025813749144055112
activity_weighted_minus_equal_user,global,newcomer,67,-0.012490111549369295,-0.0142647155817969,0.010623609553595155,0.2255223617609702,42.341130101823296,6,5000,-0.01586949914513743,-0.009759901208009712,6,0.0015702491054431957,-0.015567743242794196,-0.009412479855944393
activity_weighted_minus_equal_user,pics,all,80,-0.03202872646033715,-0.0341077810015252,0.017461545270419845,0.5147693858931508,25.626639599439414,6,5000,-0.0387087802803941,-0.025176907470694766,6,0.0037598214603916753,-0.039397841111005624,-0.024659611809668677
activity_weighted_minus_equal_user,pics,existing,80,-0.04218194056780217,-0.03837077458366061,0.034334479536757535,0.132364250497909,61.29729009869995,6,5000,-0.05203096021631898,-0.0329288609867934,6,0.00506016127921002,-0.052099674431017935,-0.0322642067045864
activity_weighted_minus_equal_user,pics,newcomer,67,-0.02135278140577122,-0.01916675872267909,0.020121567208705643,0.2415494429910501,40.92965254543307,6,5000,-0.02682815293475136,-0.016205373427039454,6,0.002691232931283301,-0.026627501025094646,-0.016078061786447793
activity_weighted_minus_equal_user,technology,all,84,-0.023765071482986407,-0.02181285953552021,0.02009035296929325,0.6484422678629373,17.914397170728613,6,5000,-0.031566432753494175,-0.015846883273775324,6,0.0044286578338417325,-0.03244508133716737,-0.01508506162880544
activity_weighted_minus_equal_user,technology,existing,84,-0.04595292121398277,-0.051135953991767534,0.02873548921753001,0.46350837188952443,30.792647057492733,6,5000,-0.056707764038432654,-0.035459731243701734,6,0.005870444546281826,-0.05745878109793473,-0.03444706133003081
activity_weighted_minus_equal_user,technology,newcomer,67,-0.007681571102758135,-0.006854467041931045,0.0165649537223289,-0.11515166838975832,84.43838239051385,6,5000,-0.010763760632905916,-0.002986943993283923,6,0.0021617524025986158,-0.011918527955344354,-0.0034446142501719174
activity_weighted_minus_equal_user,videos,all,84,-0.0324758454172215,-0.033108380424685946,0.022852329319583635,0.693803499215177,15.185058997600791,6,5000,-0.042524692022405934,-0.023847173559066886,6,0.0051858500683395255,-0.042639924780391546,-0.022311766054051448
activity_weighted_minus_equal_user,videos,existing,84,-0.051393350130879686,-0.051720790780182574,0.03779187906031624,0.42959130880596624,33.516103354264374,6,5000,-0.06654565310304689,-0.039113961040353466,6,0.007460417696341581,-0.06601550012533447,-0.03677120013642491
activity_weighted_minus_equal_user,videos,newcomer,67,-0.020158453210972496,-0.01804196702213734,0.02032974255466151,0.19040482543682463,45.56674799753778,6,5000,-0.026961012851439228,-0.014494583080402315,6,0.0033509493663555303,-0.02672619328304665,-0.013590713138898342
newcomer_minus_existing,funny,activity_weighted,67,0.058694828264603954,0.05617620769838774,0.035984249761055714,0.7378832579917806,10.105294261735597,6,5000,0.04414117537909359,0.07811801188578466,6,0.00898838113266998,0.04107792496525146,0.07631173156395646
newcomer_minus_existing,funny,equal_user,67,0.022426579700873302,0.023382111167321556,0.03645133580459546,-0.15135387554987353,90.89855882135117,6,5000,0.015625809204477425,0.03137374070070484,6,0.004184789885975457,0.014224542241493929,0.030628617160252676
newcomer_minus_existing,gaming,activity_weighted,67,0.023951871874817593,0.023341352821430295,0.03744754470731736,0.10360354713294659,54.420414376266564,6,5000,0.014274912403616717,0.034820261883771464,6,0.005042641571715692,0.014068476007310385,0.0338352677423248
newcomer_minus_existing,gaming,equal_user,67,0.004541459641993392,0.006541660384776188,0.04878876634225527,0.07574128943508084,57.56526612487776,6,5000,-0.010009731600033484,0.017252872361436605,6,0.006793322073854878,-0.008773206958143117,0.0178561262421299
newcomer_minus_existing,gifs,activity_weighted,66,0.057576040226719694,0.05762278877664363,0.07492836077579608,0.04163559797597091,60.72377965623738,6,5000,0.03473119972648566,0.07761069056746621,6,0.01130861475439367,0.03541156259306983,0.07974051786036956
newcomer_minus_existing,gifs,equal_user,66,0.03414654621000232,0.03292814549399391,0.08661626342399094,0.052936552811544406,59.36367898667251,6,5000,0.011142108211957423,0.05575841631447784,6,0.011338659255289926,0.011923182436662315,0.05636990998334233
newcomer_minus_existing,global,activity_weighted,67,0.04327999797250991,0.04617905063013519,0.020440319832232327,0.6558080762084572,13.927253541871318,6,5000,0.03550800066873496,0.05232859952146868,6,0.0043053355530452385,0.0348416953471814,0.05171830059783841
newcomer_minus_existing,global,equal_user,67,0.0100138416489053,0.0111550333007229,0.02225032418624415,0.3731794399080744,30.58375060507056,6,5000,0.0022554760827796483,0.019170490127130516,6,0.004272045242228411,0.0016407868338119223,0.01838689646399868
newcomer_minus_existing,pics,activity_weighted,67,0.04889449444009681,0.05023027234558694,0.04628068637981503,0.17269199942088603,47.26700281589166,6,5000,0.03804872914445158,0.06301067478201515,6,0.006573467753542505,0.03601073438961808,0.061778254490575536
newcomer_minus_existing,pics,equal_user,67,0.020808654992075584,0.011608997981509106,0.061751901507825106,0.08797061062464745,56.16509167749049,6,5000,0.008146887075647879,0.03823927153112859,6,0.007399216038259713,0.006306458043255404,0.03531085194089577
newcomer_minus_existing,technology,activity_weighted,67,0.03983132600461978,0.03705834748651468,0.038606905841582,0.20068190433640437,44.60324771785366,6,5000,0.0271146289184976,0.04951911037494451,6,0.006238184796265957,0.027604708475033168,0.05205794353420638
newcomer_minus_existing,technology,equal_user,67,-0.008869115697943358,-0.00990926562352859,0.04725664770495981,0.07856015815619911,57.239708825396704,6,5000,-0.022519708222643858,5.5025330184258396e-05,6,0.006790315990588132,-0.022177890483142518,0.004439659087255802
newcomer_minus_existing,videos,activity_weighted,67,0.05253319420774624,0.056505199526559996,0.04243860877263158,0.5958902562061463,16.96567337816416,6,5000,0.03352098548048293,0.0715719373074206,6,0.00989603075857894,0.03313733033103093,0.07192905808446155
newcomer_minus_existing,videos,equal_user,67,0.010219722465412109,0.008910419006586207,0.049671961970629425,0.358909085822182,31.60850986872743,6,5000,-0.00877818048785493,0.031001605227499153,6,0.010538302178318743,-0.010434970262292627,0.030874415193116844
