platform,community,month,active_users,toxicity_mean,toxicity_std,vader_mean,vader_std,textblob_mean,textblob_std,subjectivity_mean,subjectivity_std,total_activity,reputation_mean,reputation_std
reddit,gifs,2014-01,70424,0.12711172165427542,0.26294225849037833,0.06672055678318181,0.34328055019881837,0.0601604246970302,0.25076164501916504,0.3275658588124808,0.30391744246555263,148830,2.748444323184809,4.564502367077188
reddit,gifs,2014-02,68478,0.12539977326565843,0.2592722424121619,0.06473013035121086,0.3485909608251596,0.060546771918573536,0.2507561146466255,0.3256967122004938,0.3007991402080573,143185,3.3251181678783364,5.9579986841548385
reddit,gifs,2014-03,71038,0.13706626440202982,0.2704816897009825,0.06216445514699053,0.3481008756316808,0.06194501829894965,0.2518840122699076,0.3289921956360125,0.3014559459565238,153577,3.4789267866026776,6.9998718029396425
reddit,gifs,2014-04,73062,0.14198727161540078,0.2768605179877891,0.05869964623126377,0.3544418998476059,0.05909814111970193,0.2541658745861819,0.3317037902073186,0.30219726764452776,156783,3.537008435232687,8.015386430047302
reddit,gifs,2014-05,74097,0.13915376698212958,0.27264299742340253,0.05396114798206971,0.3497627419350498,0.057072352131487966,0.25233739347848627,0.32618254356838117,0.3033694347748951,158083,3.4812327091788853,6.961663987758109
reddit,gifs,2014-06,71748,0.14081021060765028,0.2734883933610749,0.04770010716816841,0.3531268146955906,0.05460824099456544,0.24955583440885368,0.3317044996360507,0.2992463075974351,156303,3.5846997263246205,6.701062482680037
reddit,gifs,2014-07,75783,0.1332990116355715,0.2660885628038909,0.05291776879690772,0.3496744636414514,0.056439685390523166,0.24909573744146585,0.32808339505934203,0.29919118207528156,167542,3.5296172681022626,6.240830176408386
reddit,gifs,2014-08,75993,0.1357639471243084,0.2677535118706651,0.048248169790507445,0.3471383722714846,0.054998767800681754,0.2468946746904489,0.3251783071230423,0.3006585453129448,167958,3.6026335775315674,6.718794944379123
reddit,gifs,2014-09,78188,0.13873686509617858,0.2703502721202244,0.050395054384953175,0.351298959788355,0.054946547360739825,0.24623514513480763,0.3298327499819397,0.29881852952306415,172995,3.640229415016267,6.83521259449701
reddit,gifs,2014-10,86875,0.1356089883942382,0.26733239845871876,0.052383865283275606,0.34421136472160957,0.05564646934799702,0.24846148429828752,0.325632701688735,0.3001773716840565,192899,3.5370977099747463,6.475851210044895
reddit,gifs,2014-11,81171,0.13218405633562097,0.265528445300988,0.05515814040414995,0.34425123733920304,0.05972016583732779,0.24939216383413745,0.32437999751524377,0.3001539987086967,173463,3.6218881702635852,6.704931138459527
reddit,gifs,2014-12,88923,0.13734819957594302,0.26975155997492845,0.05223081326334359,0.3491749163897228,0.057269479118403854,0.2499285935935776,0.32898031155162155,0.30174159978433895,193308,3.5164045409335687,6.647534763272419
reddit,gifs,2015-01,97319,0.14335009858902653,0.27236860268416846,0.042339041748167675,0.35229022318338693,0.05424697375571223,0.24561790028863023,0.3313331220415708,0.2966873012677087,219775,3.5627026450994235,6.426838930275128
reddit,gifs,2015-02,86974,0.1395262160672161,0.2709122078306984,0.05452482059207385,0.3480033726740823,0.05681340295566542,0.24739966714963227,0.32947265665521375,0.2992872472121118,191983,3.8151885001197128,6.708460099965062
reddit,gifs,2015-03,102610,0.13802915304332417,0.26881634950166206,0.05476049506519352,0.3489977331821583,0.0584716485504454,0.24874224222197683,0.3307025957602159,0.29806947697435915,235285,3.634344635395772,7.1628353536257325
reddit,gifs,2015-04,102269,0.14141833630521156,0.2692591196185464,0.047704382542951125,0.35409092000479303,0.05389637178429437,0.24310893906439338,0.3331231748965916,0.29530783307789504,236783,3.818848108380505,7.876850830497538
reddit,gifs,2015-05,101659,0.138853218708911,0.26904399991431216,0.05044556175292095,0.34771530420582747,0.05485320981825587,0.24531044517914224,0.33018682517534637,0.2973386399642171,231024,3.7827482413708373,7.117684126751208
reddit,gifs,2015-06,97111,0.13582048420657536,0.2669107369722272,0.05988947488675218,0.3446242238169968,0.05878074247298855,0.24551335642495994,0.3264872535383894,0.29901172891270045,217706,3.784133625196838,7.480258854628244
reddit,gifs,2015-07,107683,0.13308219281114345,0.26394317621263147,0.057880665188879965,0.35017858682421965,0.05884923808722151,0.24666450248451163,0.33239525096660416,0.2968698917572701,248582,3.6765430072481404,7.172927434708608
reddit,gifs,2015-08,108967,0.14299347638384735,0.27146976527614397,0.05318255858028081,0.34866657218179276,0.05690644527541292,0.2455503352549042,0.3289177148275324,0.296650765299218,253277,3.7743796142641752,7.673660691792135
reddit,gifs,2015-09,104943,0.14310338586655225,0.2717735966658133,0.05033920469891641,0.3472811213131118,0.0534494110977576,0.24063466606578315,0.32736924527566424,0.2948884518720958,245661,3.8863779718476885,8.009344633994527
reddit,gifs,2015-10,118235,0.13383617077280932,0.2627385176773683,0.057898564768249616,0.3431145476827537,0.056431500799192624,0.24384361692095938,0.32923753884541385,0.29582281446648606,282426,3.8258530885782815,8.001264106391918
reddit,gifs,2015-11,122906,0.13548334576827165,0.2631358772100802,0.052037490405206534,0.34334102588312354,0.05708639426489718,0.24174726916494885,0.3287809708652369,0.2942733670708997,296702,3.9634674821926383,8.188163708337758
reddit,gifs,2015-12,125196,0.1372207622783008,0.2654950921505756,0.06007832882651614,0.3450650958197753,0.059651524517464805,0.2437758656635032,0.32856048275404415,0.2962955714096573,297792,3.9338628289448216,7.69672186101048
reddit,gifs,2016-01,127362,0.13395989159983715,0.26200209713066036,0.057397456368231396,0.3438324408588563,0.057631767495702035,0.24295597781712663,0.3299420539503821,0.2933432603193949,310296,3.9720071626022833,8.118641896178145
reddit,gifs,2016-02,118435,0.13874420717234126,0.2661929528208691,0.057909084448769764,0.3435471662038767,0.058864978392057614,0.2425216055990737,0.3290992999469744,0.29618801135433026,286034,4.169924875288973,8.940907047596337
reddit,gifs,2016-03,123322,0.13630213230361188,0.26300187316440093,0.05363203421954263,0.34550133022692414,0.05638462520827637,0.241534782328534,0.3303382803915949,0.29433993529144165,300838,4.052789211260344,9.489739760166136
reddit,gifs,2016-04,118961,0.13775769478757835,0.2669728490422156,0.05987714250008916,0.3500078782774121,0.06067004086159694,0.2441934827330677,0.33397428270243557,0.2959742395057471,280880,4.026698177100791,9.059113759731463
reddit,gifs,2016-05,128550,0.14547582127677566,0.27126674352382896,0.04447612737433636,0.35163206949701015,0.05547905005682951,0.24366309400102956,0.3362073160427682,0.2945057142679868,316901,4.0373369992601065,9.517121874859393
reddit,gifs,2016-06,117208,0.1416623565987872,0.2704449374918462,0.05505695180576621,0.3476169905493892,0.05945668994529587,0.24561134606359145,0.3278797600701273,0.29710095037707646,271110,3.9867616603402998,9.686940144156265
reddit,gifs,2016-07,120671,0.1385529752993986,0.2688412534253477,0.05709533623619846,0.3482545447600576,0.06124531750311213,0.24732112024122407,0.3300341529351712,0.29810495412080923,275613,3.7869816389754307,8.18443049156497
reddit,gifs,2016-08,135642,0.1435356925910636,0.26938315313979855,0.05550273312732773,0.3517831384765773,0.058524820757604165,0.24487184561052958,0.3353069137241339,0.29474294223176534,332247,3.928873803404614,8.86636891453071
reddit,gifs,2016-09,128072,0.13793793487921857,0.2665438213410263,0.05199124341461676,0.34592828616930865,0.05710694776077013,0.24265154832198157,0.32892403214448257,0.29508968320840456,303775,3.9857539628989236,8.604364905146243
reddit,gifs,2016-10,128495,0.13571105826699378,0.2657612765463227,0.05683757648548483,0.3433916082344958,0.059400134539765365,0.24571296316071267,0.32899194768890677,0.29858990566574967,296393,3.864294376269649,8.21024237136365
reddit,gifs,2016-11,143207,0.1394140705442468,0.26619774889012093,0.05251320473864042,0.3457597543373025,0.056655761923732215,0.24472570713974331,0.3298568337875364,0.296140388448225,340044,3.8699026557609177,8.616331171165008
reddit,gifs,2016-12,144176,0.13747003631270655,0.268320105326736,0.06002610150365145,0.34927007047280917,0.06065165750395111,0.24799792329037074,0.332693753396679,0.2997626948571905,327400,3.800082962806412,8.811875954182824
reddit,gifs,2017-01,152894,0.14377307552342633,0.26992110349364057,0.05558523077452925,0.35190600823404716,0.06185666297179878,0.24699370536190804,0.33586844770324126,0.2958589988975529,366685,3.826266015464566,8.93097748969841
reddit,gifs,2017-02,143015,0.14505848401540294,0.2725717149403299,0.057124900250780326,0.352755457307314,0.060718694117250616,0.24927380343000088,0.33514695999453936,0.2981888269183133,332001,4.065631864451057,9.568673744894046
reddit,gifs,2017-03,149026,0.1392791268043195,0.26786440967770514,0.0559885533793875,0.3468482447794328,0.06122981145460228,0.24854488288196303,0.32995228822705414,0.29867877007706745,347325,3.8572187464381886,9.271051756310904
reddit,gifs,2017-04,137331,0.13457251817600283,0.2665554703086451,0.06018023036877235,0.3482202686079023,0.06088240235854397,0.24968389747261527,0.32924636452487904,0.30046077589620157,304368,3.8607195040745346,9.205774479371158
reddit,gifs,2017-05,139786,0.14706201191420243,0.27668565678335716,0.05514139599439067,0.35566355011515954,0.05882224785469765,0.24934358510609977,0.3344974111025729,0.2999654671334321,312134,3.6939438193090846,9.425315837437344
reddit,gifs,2017-06,132261,0.137347275019707,0.26885999322515136,0.05461442889098032,0.3480494017445745,0.05912173260572546,0.24706622416186697,0.3261136371289106,0.30060766741068345,290970,3.7310155164591094,11.985091618029223
reddit,gifs,2017-07,146021,0.1390326703859092,0.26586733576673033,0.05535645148156958,0.3542886820542827,0.060897813937132214,0.24840724492562222,0.33942124766658366,0.2976997251358623,342696,3.7993455586080476,11.052166048779592
reddit,gifs,2017-08,135064,0.14037992453545792,0.27188116305521787,0.05616348800992391,0.35227293468098075,0.06318228635041855,0.25028776621801857,0.32948726935649486,0.2990892305884798,295078,3.6483446166614177,11.239577799554587
reddit,gifs,2017-09,137282,0.14268455771776703,0.2741745536155459,0.05273924711682692,0.3553747318956902,0.06070467397449514,0.25065884547118183,0.33032876405769224,0.29948492090041434,300476,3.639289775385039,9.682887135981293
reddit,gifs,2017-10,142329,0.13607978696186526,0.26707701598487116,0.061069332255892866,0.3539425640806136,0.06630635355714955,0.2501723785295812,0.33361156585199964,0.2985712937829575,317672,3.646556782746556,9.367519529416555
reddit,gifs,2017-11,136264,0.13841260881111195,0.27180874629026747,0.06010999842419911,0.35053050924039114,0.06179689794985479,0.24928647188865738,0.32706153961534684,0.30068867380047914,288556,3.5905163658690755,9.296244613034553
reddit,gifs,2017-12,138072,0.1325283447280822,0.2661392010628201,0.06572244815676627,0.3525367500622356,0.06635068223694407,0.2509369890995577,0.3296891552719829,0.30153310351212653,292586,3.5153057388102815,9.094661421759616
reddit,gifs,2018-01,138780,0.12830085579021824,0.26138070355867454,0.06399390737152608,0.3504436124720528,0.06585703743329756,0.24946915932143346,0.32818033548968206,0.30165395544575746,293354,3.4278800765877246,7.955496904891313
reddit,gifs,2018-02,141234,0.1325198656217766,0.26652857949909053,0.06673350911332224,0.35148963177057546,0.06615821484779855,0.2497917285351255,0.33006275159855425,0.3007330265456077,298816,3.5699855486996714,8.135253321621493
reddit,gifs,2018-03,136691,0.13572734681689283,0.2686728576776259,0.058230176726612466,0.3506227838809991,0.06369392935813643,0.24883085383091239,0.3245297037243685,0.30264509606060713,290275,3.531061202216149,8.220292439978525
reddit,gifs,2018-04,153078,0.1389808681378583,0.2688094808515622,0.054412998795914526,0.3555461342933701,0.05854494039652375,0.2475372716217285,0.33158665342641397,0.2986994681152971,336800,3.5169988445343856,8.288591803394016
reddit,gifs,2018-05,156657,0.13450173716212707,0.26569191324757174,0.05731729221237731,0.34587089193809895,0.062269673025360635,0.24715322627539338,0.32376413677271537,0.2996924657568458,348107,3.6324438318183785,8.850429502887753
reddit,gifs,2018-06,159398,0.1330206580191049,0.2647231788569078,0.07170884460909896,0.35189624526554003,0.06641413864315698,0.24971686245026287,0.33340578330910053,0.3007520408606739,349017,3.6184562882747118,8.690894675702404
reddit,gifs,2018-07,159974,0.13552908305075473,0.26747370634694373,0.05327789007871925,0.3500565540406823,0.061209719244231076,0.2491638692866424,0.3248799784954482,0.2998872219822181,348993,3.554507608939632,8.957479953585421
reddit,gifs,2018-08,159705,0.1251169568131346,0.2574266957704866,0.07518185220182143,0.3500318118505652,0.07038267619591927,0.2495850224214046,0.3268669544470612,0.3012577684290733,344139,3.5560797487943008,9.774573771086365
reddit,gifs,2018-09,156053,0.13695687207479482,0.267740254023512,0.05987647935630652,0.35548736081308474,0.06489324606920219,0.25191478248107596,0.334067336818694,0.30162631429301207,339600,3.6209507581891307,8.7691380785716
reddit,gifs,2018-10,148268,0.1406629414341003,0.27393173737582016,0.059509196498235245,0.3565272930978524,0.0652267966864956,0.2539507059864021,0.3319062278735389,0.3025328710233472,307471,3.4737180142943207,8.068657400930315
reddit,gifs,2018-11,160648,0.1356593145431729,0.26511923526568854,0.05389000205637145,0.35770537403285885,0.06109370463373911,0.24565512478700666,0.33549001164179443,0.2977663724813448,351996,3.5475355870022165,8.096200907766166
reddit,gifs,2018-12,156227,0.12801074455423656,0.2604829187149707,0.06472058634077192,0.3541476055997918,0.06540060113334435,0.2472995416816846,0.3319552439901697,0.30012627165185435,331782,3.481168750456415,8.048106977465508
reddit,gifs,2019-01,166998,0.12919115431732325,0.26263768509430485,0.06406446828611452,0.3489929559291225,0.06493779374326004,0.2478329904440851,0.3242069787157705,0.3002540320919265,350375,3.377961060001107,8.14619783876037
reddit,gifs,2019-02,143539,0.12707434753363825,0.2635730842492426,0.06877808213747441,0.34993396060814735,0.06856267138880155,0.2545305832950273,0.323062538303964,0.3070133151347468,288697,3.488560585775908,8.950031149789744
reddit,gifs,2019-03,140129,0.13459535316999305,0.27258034329254666,0.0535562684154005,0.35196020361672037,0.05951258820743634,0.25217782313052967,0.3186100574144847,0.3066003202792324,265355,3.2760956831845593,8.000888596867982
reddit,gifs,2019-04,126336,0.12602826876659504,0.26368748405224124,0.06176116004401713,0.3546324363193814,0.06499617315774066,0.2569460854103248,0.3233897231329476,0.307805848760038,237155,3.1258472915025513,6.880223228310118
reddit,gifs,2019-05,121627,0.12602298965267217,0.2633831799174839,0.06620872826083243,0.3623740243573999,0.07004578833661575,0.25853495932906445,0.331131989585029,0.30681615497603804,235250,3.153682998989922,6.968193070422806
reddit,gifs,2019-06,104162,0.1382335437321592,0.27552563357650595,0.05889015695250523,0.35677080582946036,0.06310168376348187,0.253776231739522,0.3244914955057327,0.3068909883683687,194791,3.165658746169399,7.209883128832926
reddit,gifs,2019-07,100294,0.137383967984733,0.2746966232799906,0.06007686544679822,0.3586500197989715,0.06542872942453352,0.2585058604493124,0.3320606033768287,0.3074300581649597,189628,3.1385900534781994,6.626790883542518
reddit,gifs,2019-08,103122,0.14210731365018556,0.2797158566537838,0.0460280456499013,0.3632163025945406,0.059247927422733035,0.25241366865611087,0.32728339019403424,0.30660049064960887,188740,2.987141873689076,6.269908343651992
reddit,gifs,2019-09,91704,0.13428681829109107,0.27355563075108114,0.061511364501920726,0.3577910747009001,0.06370705642554103,0.25422096433444263,0.3266846169683223,0.30783899836388806,168954,3.0512496949311556,6.007053247447282
reddit,gifs,2019-10,106950,0.14218527156326735,0.27658961556142625,0.05029571196985699,0.3687586064279641,0.059115102462315994,0.25260839669507346,0.33995806563917597,0.30264850954317446,212595,3.1478130775191824,6.3089079877557435
reddit,gifs,2019-11,87839,0.139011014682221,0.27779523131104866,0.059956623185983236,0.3597530827185118,0.06357809207264675,0.2555863414302669,0.32800310276968603,0.3087567404051125,163916,3.1424065536816252,6.555059560983135
reddit,gifs,2019-12,92245,0.13918717702925307,0.27899765177419583,0.06733764568163911,0.36303478789567356,0.06674878504324838,0.2578344223037474,0.3313689867746936,0.3079980104430774,169604,3.006592486508439,5.757283767045024
reddit,gifs,2020-01,106140,0.127425051698449,0.26705649803158116,0.07051735948111576,0.3604301231564376,0.06816453633925955,0.25667526429823434,0.33381252108443277,0.3066269356206909,203555,3.0126544909541293,5.39751269802114
reddit,gifs,2020-02,102345,0.1315950301347818,0.27072386312425645,0.0644860693897149,0.3595667432918188,0.06494478866121883,0.2537936989239899,0.330599613842066,0.305890045689881,196738,3.190239511098626,6.055878745170257
reddit,gifs,2020-03,102161,0.13247492014810508,0.272520409646527,0.064114169778795,0.3578317369796021,0.06742390898981027,0.2576261103200112,0.3292395771837622,0.3060384811582901,190695,3.068147064594729,6.337810171422255
reddit,gifs,2020-04,104652,0.1378453221454845,0.2744098292815429,0.06828846104175887,0.36726626850244504,0.07043759712061382,0.258739766358189,0.341552421619249,0.3040706338662978,201956,3.148798087736994,6.161794874167691
reddit,gifs,2020-05,91049,0.14875331328824187,0.28273892504545267,0.0479764872415648,0.3741079187814799,0.06432441261360657,0.25582574696829924,0.3432807467912963,0.3038774483843734,178387,3.2516839404058695,6.257541284278559
reddit,gifs,2020-06,150181,0.18052376031235567,0.29757388571244764,0.0021611088361495304,0.3960260203664111,0.04657236503446839,0.25137879275965563,0.36172759391808007,0.29072730791920504,343359,3.5348845857637667,7.897867771155303
reddit,gifs,2020-07,92151,0.15214990353707378,0.2883970784584714,0.04434689495230986,0.378295250595253,0.058389466381309846,0.2583758898723363,0.33930864690751356,0.3045485693333535,166688,3.2919120092983007,7.526720170628304
reddit,gifs,2020-08,76429,0.12651887656962718,0.2660148268634143,0.056252218416395425,0.3766653172651836,0.06387248888540903,0.2580206296081164,0.34294357255232616,0.30515365681444945,135903,2.9990326228882216,6.924003273427469
reddit,gifs,2020-09,74996,0.13975000275648305,0.2767387492770511,0.0474215282949093,0.3722357896323815,0.05952323011229449,0.2538318886819435,0.341924171566893,0.30469463811618586,133293,2.9276246921825315,5.686403798675213
reddit,gifs,2020-10,88663,0.13892479181192144,0.2765449297713715,0.05673072896413468,0.37589287154021045,0.06803147288128185,0.2627868413544556,0.34733543164158864,0.3077752137412456,159884,2.9553553657785603,5.348338274927041
reddit,gifs,2020-11,64319,0.13025205083546693,0.27325145406746687,0.06279994538719327,0.3767627621686059,0.06830638988160928,0.2581757519195472,0.335972213498907,0.3092195634897217,105963,2.7973986373004553,7.507656685008478
reddit,gifs,2020-12,58362,0.13463375956329285,0.2797476680963644,0.07832709646029745,0.38157698037342674,0.07183493030885314,0.2717219247256854,0.34548373562214585,0.3144014131939596,94767,2.6782770416964703,6.363484135263559
reddit,gifs,2021-01,249,0.11641436114712772,0.2814694680418727,0.1716582329317269,0.39357361689756676,0.12826219985073256,0.30688486763667183,0.35700947030063496,0.3293800503872252,267,,
voat,gifs,2014-04,1,0.0014637043932452798,,0.8225,,0.0,,0.0,,1,1.4437912260005814,
voat,gifs,2014-05,8,0.15970174917747498,0.3247233621831438,0.08510125,0.4029156150729863,0.21104166666666668,0.32895811657461416,0.24458333333333332,0.3795943427915715,13,2.3743804190312776,2.1456483834301077
voat,gifs,2014-06,11,0.0311944825060147,0.06760506308477743,0.0851875,0.18957741352479202,0.02317167207792208,0.10316292571671422,0.24075426887926887,0.2620918331773024,25,3.2776406981546042,2.149964418332002
voat,gifs,2014-07,8,0.001329074199020397,0.0007831208841104923,0.10249791666666667,0.33196405935189566,0.11994877754820937,0.1511648241381308,0.2668221036118763,0.25052112934633375,15,4.233279968756693,2.798962634887951
voat,gifs,2014-08,1,0.0025140380021184683,,0.0,,0.0,,0.0,,1,1.6559238888784378,
voat,gifs,2014-09,7,0.07379678683168354,0.12722663955589392,0.050272500000000005,0.14935557810278352,0.01403769841269841,0.11867143565134057,0.20423280423280424,0.19158635420222417,20,4.211937885965336,4.085999384992668
voat,gifs,2014-10,1,0.0007272927032317966,,0.0537,,-0.3,,0.45,,2,6.903390802192776,
voat,gifs,2014-11,1,0.19031167030334473,,0.0,,0.0,,0.0,,1,1.8559528975568267,
voat,gifs,2014-12,4,0.0013187853716469058,0.0005323562145179592,0.22796666666666668,0.2054391015470143,-0.12411616161616161,0.2519765503379476,0.439520202020202,0.3732443683899911,9,3.135224351133946,1.7997929199711902
voat,gifs,2015-01,6,0.18642140614489713,0.391893313313622,-0.13547499999999998,0.31213088240351994,0.01388888888888889,0.13350683156331017,0.13888888888888887,0.22152668930418762,10,2.351370891030269,0.6843304684908861
voat,gifs,2015-02,49,0.09403576942377831,0.22237758674033364,0.05028838678328474,0.2988458816599733,0.008363260888771096,0.24486747221308755,0.32912699639740456,0.3061542371836371,91,2.653927736925213,1.998277890917023
voat,gifs,2015-03,41,0.08362724654712739,0.22337640641852433,0.0729483943089431,0.3728012657744065,0.05836644554632359,0.2869393591621203,0.4138453410861947,0.33049942707955515,92,3.538299097362713,3.6107544097394575
voat,gifs,2015-04,30,0.03647382196617805,0.15868211709478316,0.03498472222222223,0.2974382734998048,0.007386814574314576,0.18437697313975884,0.3894586499919833,0.3423674199523658,53,2.9744855625458277,3.685458915326144
voat,gifs,2015-05,76,0.07654851850807211,0.205604729301444,0.07098226817042608,0.328270099657811,0.06295590711479354,0.19451465525948444,0.2968541125943248,0.2597555229274431,155,3.376192378399278,3.4519951056235443
voat,gifs,2015-06,329,0.10653257745030933,0.25394409584776995,0.09742875690322166,0.35898455332410034,0.053524387351244276,0.26092686103270124,0.3397894294681965,0.3170837031006149,617,2.9879703917190223,5.679901655695858
voat,gifs,2015-07,1054,0.08606705693670454,0.22264896460905056,0.09756857003168776,0.35932458447106735,0.07159824378886274,0.253181244728016,0.33605388352369586,0.30910185072582463,2092,2.9143650031173,7.283754724168496
voat,gifs,2015-08,419,0.10186595733049225,0.2309688370380868,0.09806231863304193,0.36015582118352324,0.07461611658831781,0.27232652452598616,0.3524993148059396,0.3087958355405297,852,3.460349615184846,11.309040010746056
voat,gifs,2015-09,331,0.11920205179061548,0.26343661704174565,0.06544526830671846,0.3665033572711097,0.05455227113789486,0.24521157093533386,0.35206258782387134,0.29805706236796403,685,3.5938403606749088,9.878133829609002
voat,gifs,2015-10,422,0.09314646550686549,0.22479282221885566,0.07290158200103679,0.35610726479683086,0.055356564182742304,0.23483973582456205,0.337773291661108,0.3026703076417681,986,3.4505991949987758,7.9680976758415
voat,gifs,2015-11,254,0.15528891771794942,0.3013493557333018,0.03770326038289332,0.37904148143438576,0.05910067624259802,0.23480622015470232,0.31773701234405494,0.29659873683243887,562,4.376282977571619,10.710370806055872
voat,gifs,2015-12,244,0.1294339655860561,0.28147597897865595,0.07160332681041696,0.36719939520641703,0.06108604421760898,0.24009126686376359,0.34870376623881544,0.31136135399628756,542,4.009205930706195,10.142275482251181
voat,gifs,2016-01,275,0.1392309176636181,0.26413981845602347,0.050917339504063186,0.36859339157091847,0.0720656726958581,0.2803672810626348,0.34770891132702136,0.3098015120224661,618,3.6156030942413895,7.829666476286315
voat,gifs,2016-02,238,0.12799471665440046,0.26516352993587794,0.006247394788913166,0.3725729858843092,0.06000874319789064,0.24437917569873274,0.3443689637909242,0.2946007285104311,486,3.9006864682211244,11.40852876346999
voat,gifs,2016-03,226,0.12631388349750905,0.2659127956697833,0.0680899872353213,0.3652028418016349,0.06633819570499239,0.22206823835222333,0.30934709652206943,0.29104828843363345,523,3.7037825203880823,10.287901654493224
voat,gifs,2016-04,233,0.1634909162630891,0.3011610047876228,0.03621180622257833,0.3532095287703295,0.054635786283125286,0.23550527962626616,0.35721190454860147,0.29576235933183004,540,3.930810794723648,11.413699083465081
voat,gifs,2016-05,209,0.17145121315292594,0.30226694652240516,-0.006156283404925749,0.39343545413227277,0.05003600167827498,0.23291957060933516,0.3549346114822875,0.2969253562023987,422,3.5381373253149824,10.29041272676766
voat,gifs,2016-06,181,0.15655701721862833,0.2929706537076869,0.03974929230675376,0.37610523857309336,0.0374848500161383,0.24587287741247765,0.30754465384083446,0.30677971925158765,363,3.3400139066019072,6.889779430551761
voat,gifs,2016-07,180,0.20812756407917227,0.3419609525045918,0.007809722107200371,0.4097835808138814,0.04682175793651273,0.23046850156169618,0.320052006320729,0.28458468635636053,319,3.264042704299051,7.790641861908628
voat,gifs,2016-08,243,0.1687121247416943,0.3166747810386602,0.02808002276546368,0.35373980127269905,0.01747954431061438,0.22773608403534917,0.28376102296229433,0.2932864917697912,462,2.7786357597270044,5.589787559521486
voat,gifs,2016-09,172,0.15619635856284855,0.2987720935519046,0.030100232558139536,0.3654487292952472,0.05178727798143548,0.24460205766241871,0.3023754107242912,0.29146922739828884,318,3.348789007372767,8.938041305169932
voat,gifs,2016-10,141,0.1814600882501864,0.31908240843472646,-0.021008499615885634,0.4314913636870202,0.04541709037255154,0.22668831108529816,0.32364689219575354,0.2906180455232736,305,3.4348960092193854,12.437526086682459
voat,gifs,2016-11,215,0.1509576160531182,0.29255154789319043,0.04906523590681716,0.37598944379473587,0.056871597579979664,0.23944445789178503,0.3310512448889454,0.2801938621253313,452,3.417054179788356,13.21729262403334
voat,gifs,2016-12,201,0.14625010940908273,0.30175553051447795,-0.004789460645490496,0.382875490993082,0.041309292081561685,0.25579114567927785,0.3340151306911257,0.29790534332401497,363,3.454557369978653,10.322321618830617
voat,gifs,2017-01,196,0.17293618086224263,0.3123466653928879,0.0019328828021356317,0.3909766591855971,0.031706190850269815,0.2665481693612964,0.36040176418482567,0.31449563226068217,387,3.0365771082718465,7.132524263846904
voat,gifs,2017-02,241,0.19585587096824367,0.3344325659874336,0.007719773137210352,0.3965865646050312,0.07610896018925827,0.26770228559090814,0.3493255903877281,0.32615902132282193,457,3.156302090347698,7.791342945912584
voat,gifs,2017-03,212,0.15863270023732645,0.3019083222980699,-0.029938530313684125,0.38828796640668495,0.038087151077156954,0.2483266521091983,0.33556844835853966,0.29893151689703507,421,3.4190876117060376,7.869850519732353
voat,gifs,2017-04,203,0.20338458118615385,0.35133054214875237,0.03873466927708307,0.34655542668493927,0.03664216867055977,0.24532833974129478,0.3361118365631033,0.312801742313941,338,3.0007436343858305,6.062737356588767
voat,gifs,2017-05,173,0.1618392035505405,0.3018469747637573,-0.019350273961747953,0.35936139544347107,0.05324307009163157,0.254822697661882,0.285522396386821,0.2950821683192814,326,3.025429327567001,4.041629539658811
voat,gifs,2017-06,140,0.14644369120175335,0.29132053331228125,0.04033396612811791,0.3783626060517564,0.034556638813227014,0.2524540383409712,0.32284831504874795,0.3038437690235645,249,2.983634591091158,3.74455038559985
voat,gifs,2017-07,164,0.1875670794298528,0.30867903697767873,-0.0283793370552212,0.3909089007722239,0.07099836013068264,0.22778584236881977,0.3419355183718479,0.2821473590743685,341,3.134989365303667,5.020915501350083
voat,gifs,2017-08,176,0.2331868142138742,0.348406861242865,-0.02543343185347262,0.36777061742463757,0.037148484369140075,0.23340763541993176,0.33274126662300674,0.29780782368319436,342,3.0663358259675495,6.18545865788584
voat,gifs,2017-09,234,0.2008837580151305,0.34487334490877336,0.04533214138996019,0.40295621037073864,0.03922439168127826,0.2571265210641171,0.32908733733095735,0.30821861589482114,437,2.9276966068480297,6.451429061628792
voat,gifs,2017-10,192,0.17142943983113357,0.3092083029752538,0.024871713417827804,0.395203668863902,0.059840057677254636,0.22368508313952506,0.3003116649655572,0.30115918585181156,389,3.3437421287462286,7.98581628544829
voat,gifs,2017-11,118,0.16699014778496238,0.3143024750950898,0.004461050333846946,0.33976746311958805,0.0371094500672033,0.2685626871617826,0.327096932300877,0.3079829297244954,194,3.4912507882716923,8.709878799021075
voat,gifs,2017-12,92,0.23567914834028506,0.347685080680905,-0.050040421842650104,0.399505800425554,0.010176375564872017,0.2241563531722764,0.3158666595526131,0.302699148694546,164,3.010373204119388,4.53564563606661
voat,gifs,2018-01,196,0.2796224049589344,0.37652289224036734,-0.0012210042052157582,0.4302588840019089,0.043874213663261497,0.23941605963531604,0.34599574293524094,0.3074757221272665,369,2.80162450807303,5.891077853999425
voat,gifs,2018-02,184,0.21077047815452746,0.3393794438530705,-0.02091560494990348,0.42004592313706796,0.06895465752956466,0.2640712803395654,0.34031803636681623,0.3167564918217538,380,3.246094757627312,9.879820843929293
voat,gifs,2018-03,152,0.21493229036509898,0.3470660149646292,-0.03105658702677747,0.383310534278038,0.018084651066290713,0.2563335587583567,0.3425698567751441,0.3042159670517554,256,3.2246855898851314,8.685921613337744
voat,gifs,2018-04,120,0.21276964314540275,0.35019549212022055,0.024513174242424243,0.40867933670784923,0.11356904286481491,0.29071892839482727,0.31411938688127417,0.30560911884158065,192,2.9024295347439226,4.7194825377599825
voat,gifs,2018-05,122,0.26505681115419016,0.35711749812527493,0.003266479613282896,0.4023355425263599,0.046945283326772405,0.23697364256194295,0.3490102963795392,0.30310140063224794,212,2.790728398265805,3.107981506717778
voat,gifs,2018-06,132,0.24414133088593654,0.36651231956440294,0.018655239898989897,0.41968414667809434,0.03595136708029024,0.2444392419363187,0.30400567360929914,0.2966144518935415,226,2.6561665650087365,2.9157835899563143
voat,gifs,2018-07,150,0.26570730650908375,0.38154319182293867,-0.019824037373737374,0.3685623235311077,0.0024314338395290793,0.2553471528948815,0.34061175811402,0.32596689597429923,280,2.8767035641577836,6.2505921112147815
voat,gifs,2018-08,113,0.2098516028101832,0.3443701093215568,-0.012076788348082594,0.4275931248870602,0.04744209632345694,0.22237050372676925,0.3257062682892329,0.3145429695646233,206,3.217982242487558,5.780899796006832
voat,gifs,2018-09,139,0.26943696398539885,0.3812205966151869,-0.08171309706914272,0.3903602303910014,-0.0014428977844317009,0.2522998743557376,0.3233971108251905,0.31593930929569175,241,2.9145124691129918,5.408667685448624
voat,gifs,2018-10,122,0.2223582354966233,0.3811151255433304,-0.008237773224043716,0.4194321329059465,0.04093333609317216,0.26386289042606276,0.33026519270738874,0.32030002719373823,224,3.01072421007951,6.6290469401651535
voat,gifs,2018-11,116,0.26038572010319416,0.37315212216871285,-0.023529723767148684,0.43362347451126826,0.03460619184658419,0.2637686500983363,0.37708392161400467,0.33015960731092187,194,2.999002893060467,7.576372287544842
voat,gifs,2018-12,77,0.26294664551195296,0.3802831281582272,0.0016753679653679643,0.3844950084066013,0.03539667637203924,0.1956851498176523,0.2680231008981964,0.28495559376575536,129,3.0817071626594172,4.382275557272155
voat,gifs,2019-01,73,0.19536361194179303,0.3364427803979532,-0.07198519786910199,0.32901508127418533,0.008354508040581101,0.30174720839004526,0.2569543662408959,0.32619060609755557,120,2.8305227400121225,3.7929080983909005
voat,gifs,2019-02,75,0.24063233564004657,0.37612275573910825,-0.03964575238095238,0.4090837326735873,0.05001019961519962,0.26835009191535586,0.32889741863075195,0.3016145639359945,117,2.7131998643492756,4.171635380519408
voat,gifs,2019-03,103,0.29318773032806295,0.3923381856338581,-0.033558510692302805,0.43700696418733187,0.038413917467055476,0.2870613898154508,0.35096553583677265,0.32724392704166927,166,2.4958797018693306,4.176782992717909
voat,gifs,2019-04,63,0.28724102712667204,0.3798339565170002,-0.0341723544973545,0.432653199071926,0.03345931772519074,0.27169848175566036,0.3715194381917738,0.31987338627258927,109,2.970244830799617,3.15081673403533
voat,gifs,2019-05,67,0.23427652526193354,0.35377828346420265,0.025830796019900498,0.4387376348041602,0.15228806981955303,0.3736025153753335,0.4072494108641497,0.34622378186273706,109,2.7040621352559118,3.9565339454887067
voat,gifs,2019-06,75,0.2618952998296073,0.3820325409715988,-0.04105788888888889,0.3954263045059347,0.04713098544973545,0.21835608099644802,0.31811118165784835,0.3011266775767449,113,2.5772682681217396,3.3652762906398666
voat,gifs,2019-07,70,0.3044726021639121,0.41688592570094946,-0.08684501138716356,0.45389550126936806,0.027889473483326585,0.27487749717731186,0.3394776109940815,0.3216571858172548,135,3.0355782391965804,5.488700997293072
voat,gifs,2019-08,99,0.29711788044317,0.39485117515788,-0.1208374402757736,0.4092026258574313,0.0025131049552766754,0.1972070370893172,0.3104014553272249,0.2682754664699811,194,3.13701126318528,6.240532789131598
voat,gifs,2019-09,62,0.3580572482452872,0.4255066633450777,-0.036007384792626725,0.43805486193247406,0.046354830553755284,0.3109449020437827,0.3744546350702264,0.3232596818865758,108,3.457738373774308,6.681609251192341
voat,gifs,2019-10,65,0.3259738428286838,0.40611359402845515,-0.13896948717948718,0.42721685937647264,-0.02171625827875828,0.233428878494157,0.27089067414067414,0.2972955550066539,87,2.4655865332436058,3.493997076728976
voat,gifs,2019-11,58,0.2826390736057914,0.37317812539833073,0.005211605276907,0.4245107155082414,0.05091647307433945,0.18833913796829116,0.3244196926528361,0.31170850142153617,98,2.714854306798034,2.9219574447629313
voat,gifs,2019-12,48,0.19803339852002652,0.34422196359143975,0.07040367739898991,0.4002166026379277,0.049371054584685214,0.23824065366606947,0.35673477304065754,0.31081737097199885,78,2.7301098908251724,2.7419605334118544
voat,gifs,2020-01,65,0.27058000809806804,0.3662974063162308,0.03343167521367522,0.4004529338989325,0.027344211722620814,0.23911102439726842,0.34017681333817695,0.2944814506382757,116,2.726028884305719,3.1015574710571285
voat,gifs,2020-02,67,0.4175024908492719,0.44836517787695107,-0.26826639125799573,0.36693314796401816,-0.06887630678787694,0.24281979958032587,0.34937253547959213,0.3203486300316218,101,2.5513980036605806,2.4068173071028247
voat,gifs,2020-03,74,0.28902997510454975,0.398711181448364,-0.10823693318318317,0.3974925255637536,-0.01921863025769276,0.2828124960258937,0.31857307144807145,0.31150667687347827,129,2.606964505573616,2.7481623912467517
voat,gifs,2020-04,117,0.2878625472585877,0.38512395390767895,-0.06995070885904218,0.421326600031478,0.04578125494274161,0.2717577872596488,0.3438541653100705,0.28919350245573217,199,2.49424214147518,2.7484953933862006
voat,gifs,2020-05,66,0.24859806450276115,0.3843417951838094,-0.016143636363636363,0.43751670364937434,0.04716638790502427,0.24077758078815287,0.341109967823983,0.328106903071325,101,2.7349702099071833,2.8500168867800983
voat,gifs,2020-06,105,0.2989715581990485,0.39613856749478293,0.01373677248677249,0.4370170963269243,-0.005563023660642707,0.27913293859031174,0.33295423967566823,0.30204853606889254,172,2.4561734065499783,2.6036141210282095
voat,gifs,2020-07,43,0.22433207302016117,0.36137720852055366,0.04365891472868217,0.39201806607386286,0.03848181892755536,0.26156996655164044,0.3603715891845737,0.31932914559673803,66,3.0184119194615167,3.0448066671444853
voat,gifs,2020-08,39,0.31146253596990126,0.41467138292046435,0.0006155652680652663,0.34967591442313123,0.04978252597570779,0.18212031340688667,0.3777942472683149,0.3213955961549245,70,2.72162486736234,2.555995984565215
voat,gifs,2020-09,34,0.1474767285157558,0.31441924577639296,0.13748055555555558,0.4568005608766565,0.044876701553938074,0.34738136650760804,0.3864952819511643,0.32573975204497446,60,3.2967966856875215,3.8146241655702955
voat,gifs,2020-10,44,0.2695926626111583,0.36842674804264813,-0.07018219696969696,0.3876628599898041,0.05782157205168569,0.24012691738525552,0.32805406746031746,0.298698985778873,64,2.5149677357657563,2.169149048149621
voat,gifs,2020-11,55,0.29617477057942637,0.4168198025679984,0.014621151515151518,0.422901488006503,0.04292542030280126,0.23692123025529702,0.3066839059529536,0.31593998614715696,92,2.5676391826179796,2.559503514777302
voat,gifs,2020-12,10,0.26941347920161207,0.36249452834029733,-0.05631200000000001,0.3006769704368978,-0.05661309523809523,0.23905159196210032,0.260109126984127,0.32692181759391503,20,6.403968030947486,7.135301153172103
