month,toxicity_mean_reddit,toxicity_mean_voat,vader_mean_reddit,vader_mean_voat,reputation_mean_reddit,reputation_mean_voat,mean_degree_reddit,mean_degree_voat,active_users_reddit,active_users_voat,degree_assortativity_reddit,degree_assortativity_voat,mean_clustering_reddit,mean_clustering_voat,ei_index,toxicity_mean_p5,toxicity_mean_p50,toxicity_mean_p95,vader_mean_p5,vader_mean_p50,vader_mean_p95
2013-11,,0.0738894552609602,,0.086247619047619,,,,,,3.0,,,,,,,,,,,
2013-12,,0.2511666289356071,,0.217,,,,,,2.0,,,,,,,,,,,
2014-01,0.1324141101455276,,0.0601957432540288,,5.685372112670966,,3.5625279577909046,,320090.0,,-0.1493797654013509,,0.0005365822101084,,,,,,,,
2014-02,0.1280860383067721,,0.0662832741279875,,8.918995181359344,,3.432064593484528,,297972.0,,-0.268639854958175,,0.0005109508010494,,,,,,,,
2014-03,0.1321477598400733,,0.0626261486694802,,9.117408899603557,,3.635814362299691,,309098.0,,-0.1383405690948856,,0.0007951731005711,,,,,,,,
2014-04,0.1315436006004604,,0.0628872494640561,,9.347740755708415,,3.569248944299216,,288519.0,,-0.1603161297615604,,0.0007006597815679,,,,,,,,
2014-05,0.1335506727129584,0.2267892230690146,0.0625761524703654,0.3956,9.313434553453927,,3.610057213625486,1.0,281011.0,3.0,-0.1957799557534509,,0.0008337120712184,0.0,,0.0010535715778435,0.1173234098823741,0.6183945884108348,-0.342325,0.0029083333333333,0.2879116666666666
2014-06,0.1343756663674203,0.0752064587359025,0.059775301102241,0.2144974160974161,9.314831587213256,3.4729999113141363,3.533722387311589,1.391304347826087,253026.0,37.0,-0.2026288756593477,-0.5444947209653092,0.0007991736666584,0.0,,0.0602045682498828,0.1271197531335251,0.1966732173286565,-0.0349790964178464,0.062415041565831,0.1639900705169454
2014-07,0.1343225488170783,0.0613019968639966,0.0620999150289217,0.0433175225225225,9.392737530200055,4.614510230616768,3.63593707250342,1.4,271876.0,37.0,-0.1775655453276635,-0.2286023835319609,0.0009726835511172,0.0,,0.0820824912833414,0.1415703645835894,0.1957952640692376,-0.0248660405405405,0.0555647522522522,0.1358803423423422
2014-08,0.1322658539343528,0.0021930607553157,0.0574336599951334,-0.057,9.586275538555167,,3.641825369285515,,272288.0,3.0,-0.1904543822762704,,0.0008404892779123,,,0.000910983994173,0.0534493616457136,0.3940289430981566,-0.2295063333333332,-0.0037699999999999,0.3425292222222218
2014-09,0.1337239924921986,0.0681620993139707,0.0613406641939132,0.1758348958333333,9.345658038782343,3.515375809377095,3.623956056274873,1.7333333333333334,259393.0,16.0,-0.1351422239688637,-0.4076433121019107,0.0011191971613331,0.0,,0.0651481688555555,0.1449884474299324,0.280215320007137,-0.0959850766369047,0.0593445572916666,0.1865048715277777
2014-10,0.1317885200704266,0.046240439281627,0.0585886914802731,0.1599964285714285,9.063355011846204,,3.6396297791124814,1.5,262525.0,6.0,-0.1594266538045669,-1.0,0.0011483625832935,0.0,,0.018808968514263,0.173084800180876,0.4010985365556244,-0.1551727604166666,0.030977702020202,0.2531573484848481
2014-11,0.1328533966336906,0.0047889294540558,0.0604321320675886,0.0936885416666666,9.144371703101758,,3.5096202132086027,1.2,258406.0,8.0,-0.0762412172773537,-0.4999999999999998,0.0019462193591558,0.0,,0.0304390312845801,0.1349040704171784,0.2586965298903487,-0.173782625,0.0432781249999999,0.2545607291666666
2014-12,0.1308559029006073,0.0022717656800523,0.0680783759481733,0.1110833333333333,8.773322093330352,,3.502631386837093,1.3333333333333333,272228.0,5.0,-0.0672410266713472,-1.0,0.0010064574089336,0.0,,0.0017772843387016,0.0954722473910078,0.2515535725487275,-0.1020755,0.074934,0.2720893333333332
2015-01,0.1357788488907112,0.0657239287813556,0.0593394752717904,0.2642722222222222,8.789139802086854,2.4377431128120906,3.549971003286294,1.25,281665.0,9.0,-0.1570604071708365,0.1666666666666655,0.0009526739821403,0.0,,0.0096928077877641,0.1071034277459451,0.2529471493038323,-0.0636238888888889,0.0510472222222222,0.2350680555555554
2015-02,0.1311897683685655,0.0909965917938117,0.0636006323646233,0.2257981963470319,9.134751145812746,3.0417148983496847,3.3970488181372587,1.6326530612244898,256697.0,73.0,-0.197344389684801,-0.4172335600907029,0.000748059540094,0.0,,0.0896857089880069,0.1307907128949723,0.1752225529389537,0.019028708985649,0.0671839269406392,0.1209225700152206
2015-03,0.1314224906792389,0.1021219090434485,0.0616795926805858,0.1062057770689349,8.780764309257474,4.274630642474032,3.473938397883644,1.4146341463414631,259222.0,57.0,-0.2132921315243464,-0.4115834873690695,0.0008433503085955,0.0,,0.0861910446259745,0.1384579880945824,0.1939984059026671,0.0073452941317941,0.0548113915470494,0.1269071727649786
2015-04,0.1344219706633123,0.1015489608822866,0.057013597557535,0.1135056289660321,8.57137510034566,3.1971163313379196,3.4259784202413623,1.4074074074074074,248733.0,47.0,-0.2064418031346846,-0.4999999999999999,0.0009197678804344,0.0,,0.0775310735381695,0.1244269074703916,0.1740015526944221,-0.0350152969208687,0.0543085587639311,0.1383882082261708
2015-05,0.13259772106692,0.1267126420805176,0.0606212420345922,0.0555240411806291,8.484472635377966,3.804201778077656,3.420364415862808,1.5636363636363635,246173.0,82.0,-0.1109487738712656,-0.3255983409001737,0.0008486302633237,0.0,,0.0762312578305438,0.1289122874203634,0.1733414707300398,0.0059937080429732,0.0588357861116205,0.1107098535059923
2015-06,0.1342120231480686,0.1238753014834965,0.0604425914996328,0.065522561139604,8.400947159870094,3.5937759712420405,3.415081020375421,1.859504132231405,235815.0,626.0,-0.2599314439963995,-0.167687174216677,0.0008991071182485,0.002079327275421,,0.1159588555042423,0.1343418941308595,0.1496368527339369,0.0387381001796631,0.0652714531628208,0.0873081579462772
2015-07,0.1344751106252386,0.0994630044683149,0.0590403736924782,0.0803882421860218,8.414537387963218,4.1336898593683635,3.391179487179487,2.20153452685422,244355.0,2573.0,-0.2029540463409791,-0.12771203915655,0.0009015512618832,0.0040625275003514,-0.4897769516728624,0.1238821281490583,0.1311290009595218,0.1390455730242334,0.051836739042501,0.0614055672770003,0.0712006405027384
2015-08,0.1356980355599572,0.1318710127851389,0.0577761218999034,0.0541676969093814,8.199462202859598,5.010204139200126,3.482872250747184,2.4684354986276302,241834.0,1269.0,-0.2266093503304082,-0.204116131821061,0.0009289329829707,0.0265987041282976,-0.1682727946627131,0.1254492507883465,0.1335859923976161,0.1434561614760855,0.0425593207661854,0.0563843968018111,0.0704312467190142
2015-09,0.1379066085649092,0.1406387510158867,0.0601406606796515,0.0486236858855293,8.439153191549078,5.70623842113238,3.413753567682287,2.333333333333333,239089.0,724.0,-0.2069837509528664,-0.2076552248993699,0.0007811032953713,0.015254591040557,-0.1148459383753501,0.1163967543831926,0.1377357403592045,0.1561245154001372,0.0466264521211815,0.0617955317176325,0.0875420736390605
2015-10,0.1343169688473833,0.1374919214041771,0.0583096188756316,0.0524679506184429,8.394235229670297,5.065187115412223,3.365729898516784,2.5663082437275984,239121.0,655.0,-0.1040445182686896,-0.2144239407786462,0.0009809755524321,0.0135173630218082,-0.0642458100558659,0.1076221280328955,0.1291448647455009,0.1467218836012378,0.0322920995629398,0.0668119496147379,0.0872215782206648
2015-11,0.1321634920575709,0.19113707562329,0.0583730418123896,0.0200584280585379,8.065632883130354,5.007299069210796,3.284644764415602,2.6716141001855287,227266.0,622.0,-0.190134773390183,-0.2912027948146966,0.0007925159426163,0.0060246872667402,-0.2416666666666666,0.1110756342713002,0.1275574117211979,0.1442739321256547,0.0355135865387057,0.0630856396105002,0.0818734197830872
2015-12,0.1319177124521942,0.1727039504427933,0.0643260684773509,0.0190968988113124,7.9980856880363715,5.063326965005999,3.345729903378871,2.471028037383177,240354.0,636.0,-0.1809470053064132,-0.2093357622884381,0.0009713377610666,0.0194632741580469,-0.2314674735249622,0.1145150969410817,0.1327594866667895,0.1431707824390609,0.0423668516638045,0.0673553354603503,0.0919086112061809
2016-01,0.1331210709703678,0.1625942040201763,0.059466381573598,0.031774535376465,8.028713280590809,4.7073251568052825,3.447168203536322,2.636833046471601,251480.0,699.0,-0.1895657217851427,-0.188159491357524,0.0009400294145128,0.0372698756055438,-0.2428198433420365,0.1162927470754461,0.1322160218288259,0.1475813941544982,0.0443259318038555,0.0595837606204835,0.0770711342169912
2016-02,0.1291957679823654,0.1524277724517895,0.0607822200479075,0.0199789051509185,8.53262873929042,5.112238161288827,3.2930602239595905,2.531496062992126,216327.0,586.0,-0.2317323752821767,-0.2244347139846181,0.0008375329460356,0.0161291091878251,-0.2441679626749611,0.1171440977534348,0.1279847202660421,0.1403822117323235,0.0422014786560368,0.0582053334624222,0.0806298829161571
2016-03,0.1319377363192179,0.176319068345064,0.062512596634485,0.0193404359499311,8.121153359589563,4.801541709356194,3.27255806663336,2.636363636363636,204804.0,679.0,-0.225997581372141,-0.17974474375946,0.0007169107983861,0.0258609526379956,-0.1570881226053639,0.1154421475642417,0.1296614882008446,0.1458635482279182,0.0416898824567359,0.0613516430628743,0.0796584578189017
2016-04,0.1306431591028083,0.1878738682310464,0.0616951532158919,0.0223999363220455,7.726823165005213,4.884402968636025,3.183720952591553,2.721367521367521,208673.0,655.0,-0.2339877788666814,-0.2384753496341618,0.0007318285097301,0.0314729225480465,-0.271356783919598,0.1099925471804567,0.1282482148394193,0.1422594799719335,0.0375346363867517,0.0617708892495489,0.082711892733653
2016-05,0.1303167682752693,0.1879572040322001,0.0605876440974617,0.0266378629586259,7.55141144836745,4.898269301700088,3.208853870678777,2.694885361552028,209894.0,638.0,-0.1710921422772738,-0.2391784412875455,0.0011297647813622,0.0169926891267626,-0.2905759162303665,0.1175810353469209,0.1331474065907435,0.149376037109761,0.0384924435766828,0.0603793345783525,0.0767356455320277
2016-06,0.1346696838714181,0.1806668712819903,0.0563783421528463,0.0179954603076966,7.639845901348038,4.851137400090991,3.21694783032667,2.5431654676258995,206246.0,635.0,-0.1362326053594581,-0.2165273946518879,0.0007216363372899,0.0387525919055678,-0.2164073550212164,0.1178220200270751,0.1342911046681781,0.1469811884879815,0.0331120567417262,0.0536979231511449,0.0704061331497542
2016-07,0.1328863043081199,0.1819079087410345,0.0621354475874814,-0.0068246490129027,7.531105172874849,5.183546546042064,3.1717271761222365,2.4444444444444446,190703.0,539.0,-0.2071288222195975,-0.2166106985561103,0.0008435981672427,0.0228908498452381,-0.3706293706293706,0.1162426277354514,0.1290310511517163,0.1471860220407799,0.0291088142863821,0.0654896403759614,0.0935009319460068
2016-08,0.1305219833522936,0.1819108290554717,0.0632580278321388,0.0740440527382737,7.478625659580701,4.681482346860305,3.280478638645861,2.3550561797752807,201859.0,516.0,-0.2017978110671483,-0.2514062477709988,0.0008877964595214,0.0036759278761922,-0.2480916030534351,0.1066665280873,0.1259348977135778,0.1486142157689625,0.046165349501774,0.0624372421264425,0.086771898841454
2016-09,0.1279398348772671,0.2138751726823521,0.0629436283292114,-0.0115627136873043,7.800603353360709,4.621875513013319,3.2836632351642314,2.599552572706936,204238.0,494.0,-0.1638716084917438,-0.1844324576732197,0.0009949522143187,0.0313721991337857,-0.3562822719449225,0.1174245230814542,0.1320862213165274,0.1456214036201318,0.0312824930059818,0.0567698120421596,0.0816941099397811
2016-10,0.1290707064316681,0.1758037264697826,0.0608426542804737,0.0404958246661487,7.6140098410672925,5.158972683659045,3.27931681311087,2.6367713004484306,197994.0,536.0,-0.2249349147459727,-0.2347802511602645,0.0007144538708704,0.0278503022596893,-0.2517006802721088,0.1054851384955218,0.1267161350388889,0.1416204308879208,0.0365406363320188,0.059141158657247,0.0849137660759043
2016-11,0.12808267678279,0.1944447503717784,0.0640683031059773,0.0156890685233395,7.404797886138009,5.141670988954429,3.2687835115751778,2.70216306156406,198132.0,684.0,-0.1680819231785222,-0.1732482087149086,0.0007720080562303,0.0262178305608508,-0.4088669950738916,0.1147878181356771,0.1279495864164012,0.1393072244984342,0.0467941518626025,0.0595028618499605,0.085968203079169
2016-12,0.1258759758999354,0.1942424473010927,0.0677835956975057,0.0219585923971666,7.313019677933765,5.184253232782368,3.3532441836665074,2.8265460030165914,222996.0,750.0,-0.1544346800299905,-0.2005341067351455,0.0007816587002095,0.03667582005396,-0.2508004268943437,0.1127752126894733,0.1248845904510995,0.1388356117342438,0.05603586673,0.0732961371013698,0.0851903247024138
2017-01,0.1270649244712648,0.1961262540303448,0.0621785519233421,0.0191759020075899,7.390877460729028,5.404676742300219,3.3517328702079787,2.773809523809524,221329.0,781.0,-0.1565571314932592,-0.2289387714537799,0.0008959590007167,0.0385878772848849,-0.4420600858369098,0.108239603019494,0.1234836583110043,0.1385360793860762,0.0453857838731824,0.0606077612170221,0.0891353455962117
2017-02,0.130667259792719,0.2300689349896776,0.0612343940507753,0.0192252658814455,7.618442586892999,5.343434045845553,3.3286310370143206,2.819759679572764,203670.0,854.0,-0.180471508528164,-0.2128304186314366,0.0007022466431238,0.0296667769645809,-0.5037878787878788,0.1141709457206027,0.1287996136789848,0.1472496026739349,0.0479715809416852,0.0596097115430313,0.0770133139040627
2017-03,0.1260806538425812,0.2319705230687466,0.0619312710206173,-0.01130850872695,7.452814526886852,5.718123572395392,3.3682651722058665,3.130325814536341,215321.0,873.0,-0.0748517988922671,-0.266453300795053,0.001295112268294,0.0400335430615985,-0.5356285028022418,0.1139565369650637,0.1221520155311031,0.1376930159058962,0.0448860582714514,0.0599872499945802,0.0800700397423325
2017-04,0.1293537872438414,0.2130811245379285,0.0606499072839384,0.0270702023408226,7.440407842808277,5.9239538265017995,3.3035540604449043,2.9885714285714284,209912.0,788.0,-0.2131798174725849,-0.332091784777545,0.000790356305629,0.035172855026785,-0.5353728489483748,0.1141681661090867,0.1299968183346169,0.1489185106061476,0.0350342984224695,0.0618247473554437,0.0835347424778411
2017-05,0.1270634672512808,0.2573657197434922,0.0631917387854551,-0.0002942896308433,7.38185872664573,5.181738051800705,3.327973169763029,2.9223946784922394,212175.0,1012.0,-0.1777820372369705,-0.166186397446493,0.0009918764978261,0.029113631467596,-0.4855842185128983,0.1128699584155906,0.1240736182737221,0.1417487174661353,0.0485026656946794,0.0634184575049832,0.078009106612041
2017-06,0.1250421213279985,0.2462471651651237,0.0620364694616895,0.014899190603447,7.402512115097931,5.099243353692204,3.245723765755802,2.676630434782609,200148.0,846.0,-0.1882105237268097,-0.1929889693622714,0.0009053562557872,0.0252236488747179,-0.4355329949238579,0.1062711570471866,0.1219653849764539,0.1431162353604472,0.0421190550371845,0.0635262890112134,0.0873795073431704
2017-07,0.1261076970061334,0.2350947831730693,0.0633720716682142,0.0022333290383802,7.242832620562988,5.119563053474576,3.218386846862357,2.9590643274853803,198605.0,959.0,-0.1126197389917009,-0.1918191623280661,0.0007693234917955,0.0356184697443673,-0.4023715415019763,0.1153717436148244,0.1254121264707806,0.1376078865657175,0.0509937208578284,0.0661415343233471,0.0787173785430522
2017-08,0.1297678854001479,0.2303630145807987,0.0610769414878759,-0.0217275378994165,6.908427465233532,5.76692011284839,3.182814027973408,2.908847184986595,207789.0,875.0,-0.099777047049063,-0.1814091678105605,0.001525933942496,0.0336424208053911,-0.3013824884792627,0.1115748337896846,0.1285785528866597,0.1468671017311016,0.0456214689317153,0.0603463860445623,0.076294764495961
2017-09,0.1262573325775068,0.2200853911209111,0.0637236509004906,0.0081785855831908,6.984376575335128,5.724427291421889,3.234105864549149,2.6927899686520376,219056.0,742.0,-0.1473578199127167,-0.2556503603825332,0.0006664557143982,0.0375453042090436,-0.3178114086146682,0.1107298577467111,0.1209433270527579,0.1428181601173085,0.0506986717008282,0.0651533340119547,0.0808164347215502
2017-10,0.124913014636112,0.2276604806756139,0.0665180490162539,0.0109205756546633,7.168880159137977,5.630928482966693,3.2452513621150976,2.8175438596491227,209827.0,682.0,-0.1568869133452874,-0.2208275236586495,0.0007258257497354,0.0234937184054325,-0.3623910336239103,0.1072357329163625,0.1265153056004198,0.1439078809627665,0.0440838267195231,0.0675527211621228,0.088688736456395
2017-11,0.1265715482331632,0.2622751439964024,0.0621362738385231,-0.012871126042381,6.9938398875869865,5.32287059458848,3.2081931366861527,2.818035426731079,212097.0,692.0,-0.1733311301676679,-0.1873984131622696,0.0006111603561496,0.0468713861362353,-0.4125714285714286,0.109888779925889,0.1243074144001671,0.1376921460830802,0.0383292634439836,0.0652018028616556,0.0806004248286036
2017-12,0.1224466517379267,0.2463253569594937,0.0758248482003066,-0.0056707750654174,6.881600500456685,5.394285484828327,3.18767434204827,2.8036529680365296,213339.0,710.0,-0.1318188709817359,-0.2241467898242398,0.0007100695172808,0.0279913795376422,-0.3116178067318133,0.1093590236986891,0.1224141329665244,0.1379533258220474,0.0593367980349292,0.0767665492092969,0.0881438711568792
2018-01,0.1231109630574187,0.2653559058648189,0.067105834122845,0.0062979253034264,6.913416309992188,5.6360946813759965,3.243007653576795,3.090909090909091,215270.0,745.0,-0.1222384041515022,-0.2297169102044253,0.0008204524029006,0.0526458212748958,-0.3445378151260504,0.1075795425161286,0.1252542991312007,0.1339438857691509,0.0484212820793179,0.068493415667745,0.0893975027919911
2018-02,0.122344035241742,0.2261944063477938,0.0650308811721014,0.0074028181821085,7.211055619268231,5.940994888014818,3.366914060247613,2.9384615384615387,226471.0,709.0,-0.1707305307786284,-0.2421972047545328,0.0006953686472779,0.0453791707282031,-0.3738219895287958,0.1015266369710056,0.1223059282693289,0.1404162508428028,0.0483618691384388,0.0641075510984191,0.0847385200845174
2018-03,0.1234700906057032,0.2596528827505558,0.0627569430058232,-0.0287764932045658,7.576453346352611,5.886468010167559,3.556670982004285,2.973753280839895,232263.0,826.0,-0.2112301754851034,-0.2679172247417641,0.0006780710717696,0.046518866159386,-0.5428067078552515,0.1097027470562496,0.1233920790572239,0.135545309043754,0.0393754158635586,0.059954638152402,0.0790089979310943
2018-04,0.1253966182174601,0.2510128723967655,0.0653624856388748,-0.0047163592185362,7.714422385986302,6.2357504747892865,3.584836119520864,2.96474358974359,257121.0,678.0,-0.1412766068488609,-0.3014986953535413,0.0009470729260265,0.0572205326225999,-0.5459459459459459,0.113629468191674,0.1258840901375083,0.1406722240495843,0.0449698101845895,0.0662746732859442,0.0892244451066437
2018-05,0.1234185117956883,0.2593472351142242,0.0627733438691376,-0.0089446868163359,7.957250086842412,5.642956235002998,3.6635058790649393,2.995827538247566,266631.0,783.0,-0.183698575910512,-0.2515135353541342,0.0007703631344696,0.0448767874173313,-0.5134633240482822,0.1112722867864732,0.1241393939868078,0.1377360417906785,0.0389855530407731,0.0605596334720661,0.082227372000721
2018-06,0.125745802585312,0.2438479919490656,0.0612570525814715,-0.031893577915386,8.615148908442189,5.570715566888185,3.68451950423089,2.815217391304348,256070.0,608.0,-0.2322000414846475,-0.2685248453830797,0.0005991429486299,0.0079158556931894,-0.6602316602316602,0.1082200783301501,0.1214321954509275,0.1428289666755884,0.0407640337051257,0.0625067416362728,0.0896001520384585
2018-07,0.1273483481913969,0.2622659599939851,0.062503502671278,0.0178956179060454,8.258437964980596,5.2038011889365325,3.705302394930575,2.9075342465753424,285914.0,629.0,-0.061214855003354,-0.3505057969701544,0.0010731835339023,0.0295889484738154,-0.6560659599528857,0.1106256642524153,0.1256507556511622,0.1463031821317488,0.0427798358909796,0.0608881139566693,0.0902575590618665
2018-08,0.1229352465834082,0.2507623743260364,0.0651825320208083,-0.0086583119725237,8.277609583967424,5.253302623975862,3.8249746602097128,3.079510703363914,287417.0,706.0,-0.2403552359261062,-0.3239480838377714,0.0007271957815613,0.0163051492516574,-0.6266137040714995,0.1134292905891278,0.1236853658042099,0.13563446898964,0.0406190718123892,0.0678422408748601,0.0856362721420478
2018-09,0.1247724941699304,0.2766656001113631,0.0643460949192885,-0.0103571681396964,8.650728653116396,5.2008713748490125,3.860988736356345,2.844566712517194,296706.0,808.0,-0.2150301304063911,-0.3190181148079785,0.0009823787272678,0.017909663627503,-0.6576402321083172,0.1080630379184759,0.1236808906461457,0.1409770785094534,0.0493069821115525,0.0615280137667343,0.0775553421289282
2018-10,0.1221511350711223,0.262073230234306,0.06666245130467,-0.0288088516484873,8.50460541135745,5.332178295759743,3.9667671169367584,3.0741573033707863,315162.0,984.0,-0.1369920588319474,-0.3189843507659146,0.0008595975488009,0.036864126764352,-0.4005847953216374,0.1072581416659102,0.1198430785256327,0.1285013416238114,0.0536294526463911,0.0689465327092963,0.081271456532913
2018-11,0.1253579334923645,0.2690653808903357,0.0643922457749589,-0.0150417397551351,8.767722726039366,5.707439674141413,3.921806712738703,2.925373134328358,312011.0,801.0,-0.1296795602985858,-0.3449158901718735,0.0012269388044972,0.0338796642374783,-0.2560296846011132,0.1130496344363794,0.125420581590303,0.134752000410525,0.0513588350066944,0.06346167212434,0.0757369759616021
2018-12,0.1225706981072463,0.2552824096331363,0.068635606792934,-0.0102652433953406,8.60535893362698,5.5430013445231525,3.998382110767632,3.004354136429608,341560.0,752.0,-0.1728576948449737,-0.3494778552366083,0.0010845178185543,0.0333672024435437,-0.3410628019323671,0.1105564643579839,0.1236705519671299,0.1371662680637435,0.0567724126500072,0.0661000732684611,0.0847313838121877
2019-01,0.1179726039408574,0.2288052440329887,0.068167347225384,-0.0206319494173336,8.432777884458531,5.542788281409048,3.942986690899453,3.081012658227848,367650.0,883.0,-0.2073671792531758,-0.3368715793165012,0.0009492784711957,0.0323164861194987,-0.2111750205423171,0.1080482632235852,0.1180825983336432,0.1349863205410399,0.051836483314527,0.0702387597175107,0.0854277768392186
2019-02,0.1230191970288407,0.2670715489310344,0.0655507240148803,-0.0109648798521454,8.977597727248238,5.620379246247616,3.974720172826416,2.7425149700598803,331190.0,740.0,-0.1599225934735672,-0.2924947242948507,0.0011438084322548,0.0227379486494057,-0.1703056768558952,0.1026119828282365,0.1245384429898112,0.138852619899666,0.0474856821089449,0.065204708855698,0.0945631903942463
2019-03,0.1220075000361857,0.2477402465769972,0.0625637908396821,-0.037436912711637,8.872414806437963,5.181023799828791,3.988831598591685,3.112117780294451,341587.0,964.0,-0.1297835073950554,-0.3200142016602745,0.0008980233369762,0.0483676805774356,-0.1906841339155749,0.1096515054697268,0.1231362876404879,0.1373851488041944,0.046431159646645,0.0616327093378209,0.0804940840648485
2019-04,0.1217976553239704,0.2747457154778575,0.0648023938163831,-0.0096980161547161,8.496913643964785,5.442824452242942,3.779836962777702,3.0716889428918592,312258.0,911.0,-0.1898150016260645,-0.3238178771438526,0.000644050501954,0.0361941072048218,-0.0632911392405063,0.1140369496698891,0.1224086763926479,0.1325975026144427,0.0458479730492588,0.0648433890241423,0.0785912098665071
2019-05,0.1235298920646632,0.2929880876989176,0.0625934444845807,-0.0179223188955226,7.979628396095576,5.354733098255204,3.595787392440306,3.316538882803944,320066.0,971.0,-0.0475525039253988,-0.3198004203258028,0.0010365970255289,0.0222332841814511,-0.0568031704095112,0.1104670207150262,0.1251295195057198,0.1370451002644055,0.0466227173140927,0.0624993778800163,0.0823173448136077
2019-06,0.1231010356440185,0.2707471834362822,0.0656117222016574,-0.0048380911231816,8.017832573420536,5.366805582574076,3.678060527847073,3.151047409040794,290120.0,973.0,-0.1311615655727069,-0.3071126004065289,0.0006930516228529,0.0401376727620204,-0.0762771168649405,0.1151934133665419,0.1237293984043171,0.135687679303812,0.0540719123597482,0.0652174675959259,0.0795436539354989
2019-07,0.1258927196315133,0.2625470268063474,0.0657137007243433,-0.0075678383727433,7.916906336485903,5.4847216018168865,3.705184787197298,2.9976359338061465,295431.0,916.0,-0.1817598833495334,-0.2891488418848099,0.0009857736301744,0.0316039470937327,0.001577287066246,0.1101798062381938,0.1252691633160365,0.1396875610514714,0.047702305815213,0.0663219271432111,0.0824230656101568
2019-08,0.1227692348789024,0.2628212568931721,0.0648102334073038,-0.0391689790871543,7.7174632728671355,5.048740005937412,3.711371916097983,3.3325740318906605,274004.0,930.0,-0.186741375604738,-0.3347599494937712,0.0006467426257372,0.0516150897316078,-0.0006835269993164,0.1133357832553405,0.1242999210385952,0.137686412945757,0.0533712150424977,0.0640409706677653,0.0854275514042575
2019-09,0.1236215370477111,0.2697174643822979,0.0625339317936685,-0.0228647434645115,7.976792880341861,5.641099534742039,3.566320138611222,3.3548387096774195,248698.0,855.0,-0.1670049914784892,-0.349782949691086,0.0007243078795167,0.0476900206731861,-0.0473372781065088,0.1124920008389216,0.1258659890456498,0.1359414044737061,0.0470613412567424,0.0637460669509862,0.0760977363344273
2019-10,0.1191723950298395,0.2783015857733993,0.0708252570117739,-0.0405407939386064,7.563786201357917,6.079917751754882,3.4825109243012187,3.6226415094339615,241296.0,790.0,-0.1466609627769554,-0.3837397332760739,0.0008472026972038,0.0460979802837143,-0.0327380952380952,0.1115032240491618,0.1194657877445469,0.1336041641522172,0.052739531173575,0.070600529083462,0.0872618568383286
2019-11,0.1216340153913956,0.2630718787492169,0.0654585443104306,-0.0241384883012858,7.385366951980359,6.196953309229422,3.460594104372756,3.433455433455433,234239.0,891.0,-0.1522250447003695,-0.3106131568777257,0.0006210328424037,0.0614644825354268,-0.0640113798008534,0.1098609127867744,0.1224113651425879,0.1347425602012059,0.0449058368225634,0.0645041776672898,0.0784644490842996
2019-12,0.1200570231348759,0.2584005342561097,0.0716842914424739,0.0002183915304796,7.142375143976369,5.909947186603796,3.453335080592321,3.254027261462206,249284.0,879.0,-0.1491829649952613,-0.3283535961396792,0.0007510343228608,0.025804736923969,0.019040365575019,0.1063339087342154,0.1209605572853349,0.133890573877756,0.0528950400772665,0.0721616723703536,0.0873625371962309
2020-01,0.1238794561196483,0.2436603598713685,0.070381249047194,-0.008025631757118,7.146883522736459,5.73243382816206,3.446290129033128,3.281150159744409,245773.0,697.0,-0.1219375029548053,-0.4103877453905583,0.0009557084040436,0.0197955254359052,0.0029211295034079,0.1115290803237027,0.1206219642861033,0.139402762522678,0.0540687736052523,0.0660119275193858,0.0852207884793437
2020-02,0.1228437404130881,0.2542887590971925,0.0715299043023897,0.0022308406182444,7.092946325925586,5.296448214682468,3.478656844924902,3.146892655367232,252762.0,774.0,-0.1366430777666165,-0.3223508959008255,0.0009951996314329,0.0292679642923533,0.0215439856373429,0.1076459077641512,0.1223543499989104,0.1386949146694611,0.0508032271909114,0.070572849482725,0.085591523302506
2020-03,0.1207222804771913,0.2803136770124221,0.0702019007991446,-0.0327162712144665,6.82474849706729,5.477208477458494,3.541603885855547,3.2094861660079053,302610.0,873.0,-0.0970926370182914,-0.2819971187070242,0.0011919307024754,0.0317350942127969,0.0246305418719211,0.1096931627772706,0.1215979684799999,0.1367270173022789,0.0579938978067243,0.0688592569186555,0.0840919482710505
2020-04,0.1197178559071311,0.2860880487662504,0.074462295000796,-0.0248452208356087,7.017667301223358,5.8158219281426655,3.53840846976411,3.2862362971985384,293855.0,927.0,-0.1453866840376541,-0.2562775925813074,0.0011673075886983,0.042016069611564,0.0407709414381022,0.1085143320230665,0.1219808042175261,0.1348671632284849,0.0537038073252766,0.0711464530824843,0.0841998084174902
2020-05,0.1236747673839894,0.26625376296873,0.0706017209425103,-0.0273387700239667,7.109929011373667,6.16445928476912,3.2468256391121963,3.3044524669073407,284187.0,922.0,-0.0600075885533095,-0.2445604202720029,0.0009602772366568,0.0313228218013091,0.0021849963583394,0.1130365486301567,0.124027712718854,0.1370968660062053,0.0481196114004384,0.0675925308612245,0.0889392422817677
2020-06,0.1255406644544631,0.2806880946107161,0.0701471647243739,-0.051921107309796,7.153708316440588,6.030620554887349,3.394853994348168,3.345703125,260057.0,1100.0,-0.1686581517844418,-0.2362559146173724,0.00075242250313,0.0208797764909607,0.0332749562171628,0.1146060608817467,0.1255098435100362,0.139286371867595,0.051630104117905,0.0696805572825846,0.0823965892514958
2020-07,0.1210379842150783,0.2855296729651908,0.0766063425159673,-0.0180473720779438,7.074004214074421,5.930504255083171,3.477090960793374,3.439453125,275846.0,1109.0,-0.1448547276390679,-0.189210636518777,0.0008828374059008,0.0285218011856535,-0.5752413401476434,0.1111299168297285,0.1203032647776093,0.1303224934939872,0.060891217658477,0.0764945202844851,0.0979345634195839
2020-08,0.1234369283129398,0.2685836539606846,0.0747362846368051,-0.0303868943231263,6.934015330707316,6.304212871416582,3.392057788525168,3.1657010428736965,263012.0,931.0,-0.0989133174117564,-0.2880783206479305,0.0008703551010476,0.0287241000078439,-0.5431918008784773,0.1063956283956168,0.124323952802848,0.1366952246382298,0.0586290144376736,0.0745410684218487,0.0914296582198989
2020-09,0.1220011348646092,0.2507563772645866,0.0767073511614525,-0.0189253048818068,6.945179157650198,6.344836721975157,3.37269133141607,3.363636363636364,252424.0,987.0,-0.1850228151204202,-0.3208477636486661,0.0007359796316394,0.0306974943014248,-0.4067237969676994,0.1081015608377464,0.1247898253386943,0.1379459570596098,0.0615321286492512,0.0772726796537151,0.096142660250284
2020-10,0.1180663661181765,0.2794701158251212,0.0860330622722249,-0.0475779265834383,6.743954691262267,6.158563152746053,3.341748981819846,3.5046511627906978,248524.0,922.0,-0.1912246242185703,-0.3161695259757023,0.0007597187118378,0.0358653574238538,-0.4120769741207697,0.1094030557757492,0.1184383104429612,0.1367451586435861,0.0664114614912281,0.083275010141463,0.1042249408174086
2020-11,0.117914745043116,0.2835030357220197,0.0811849164860409,-0.0424789484529275,6.473009513199083,6.5314259415083775,3.260211222801883,3.2197659297789336,252567.0,833.0,-0.1303617043971109,-0.2358154525016281,0.0006030439777577,0.0273435742533066,-0.3247172859450727,0.1075694071049959,0.1187525238158853,0.1313184024013127,0.0662488996339466,0.0864045981815135,0.1014605270681499
2020-12,0.1131876880420511,0.2486840834604802,0.0930769077266278,0.0073692819759999,6.43700668200244,6.753399786387946,3.298464114707345,3.013333333333333,244151.0,739.0,-0.130619552318068,-0.254017255693472,0.0006084287356342,0.0114243615640935,-0.2822025565388397,0.1032442237842359,0.1131028467264075,0.1287138093919735,0.0693875222420067,0.0910024635650419,0.1179157080806236
2021-01,0.1154522416994218,,0.1052358423046252,,,,,,836.0,,,,,,,,,,,,
