label,outcome,term,coef,se_cluster,t_stat,p_value_norm,r2,n_obs,n_clusters
toxigen_toxicity,toxigen_toxicity_mean,intercept,0.09789706632417643,0.007541239161136756,12.98156234437996,0.0,0.7338775226236689,463,6
toxigen_toxicity,toxigen_toxicity_mean,newcomer_pop_share,0.053267551221759,0.010147980237286476,5.24907912473453,1.5286141241688256e-07,0.7338775226236689,463,6
toxigen_toxicity,toxigen_toxicity_mean,post_ga,-0.0005651771180779305,0.010113940121430435,-0.055881002981259136,0.9554366046039806,0.7338775226236689,463,6
toxigen_toxicity,toxigen_toxicity_mean,newcomer_x_post_ga,0.03873943367527388,0.022036648605611327,1.7579548673027088,0.07875518896482081,0.7338775226236689,463,6
toxigen_toxicity,toxigen_toxicity_mean,time_index,0.002601005346453488,0.00011004310558171571,23.63624084129501,0.0,0.7338775226236689,463,6
toxigen_toxicity,toxigen_toxicity_mean,fe_gaming,-0.08086823893389526,0.00027249398946229303,-296.77072545148957,0.0,0.7338775226236689,463,6
toxigen_toxicity,toxigen_toxicity_mean,fe_gifs,-0.03414391631123156,0.00039966066325076305,-85.43226654710399,0.0,0.7338775226236689,463,6
toxigen_toxicity,toxigen_toxicity_mean,fe_pics,-0.046930161235935366,0.0007267486887548522,-64.5755017684881,0.0,0.7338775226236689,463,6
toxigen_toxicity,toxigen_toxicity_mean,fe_technology,-0.06589127185909036,0.00021784806176216684,-302.46434751862245,0.0,0.7338775226236689,463,6
toxigen_toxicity,toxigen_toxicity_mean,fe_videos,0.009234954456205223,0.0004254828770562886,21.704644191788475,0.0,0.7338775226236689,463,6
detoxify_toxicity,detoxify_toxicity_mean,intercept,0.08000526417701989,0.007319447257917968,10.93050627429175,0.0,0.7533202104964695,463,6
detoxify_toxicity,detoxify_toxicity_mean,newcomer_pop_share,0.06216167912134609,0.008600916126932668,7.227332321808691,4.924949337237194e-13,0.7533202104964695,463,6
detoxify_toxicity,detoxify_toxicity_mean,post_ga,0.00962894763206957,0.010805544762357297,0.891111724937129,0.37286923537428884,0.7533202104964695,463,6
detoxify_toxicity,detoxify_toxicity_mean,newcomer_x_post_ga,0.015762743753452005,0.026851686022725505,0.5870299444180694,0.5571835958893978,0.7533202104964695,463,6
detoxify_toxicity,detoxify_toxicity_mean,time_index,0.0022171922541964462,0.00011064330413784172,20.039100164924776,0.0,0.7533202104964695,463,6
detoxify_toxicity,detoxify_toxicity_mean,fe_gaming,-0.039302389153886494,0.00030133243629434155,-130.42867086335144,0.0,0.7533202104964695,463,6
detoxify_toxicity,detoxify_toxicity_mean,fe_gifs,-0.012267208852375476,0.00037245289881294736,-32.93626896574724,0.0,0.7533202104964695,463,6
detoxify_toxicity,detoxify_toxicity_mean,fe_pics,-0.03375090768517402,0.0007154972317251161,-47.17126242934317,0.0,0.7533202104964695,463,6
detoxify_toxicity,detoxify_toxicity_mean,fe_technology,-0.0524282805950721,0.00026350721754851236,-198.96335699199557,0.0,0.7533202104964695,463,6
detoxify_toxicity,detoxify_toxicity_mean,fe_videos,0.014104181462740588,0.0004343309500737097,32.47335116308655,0.0,0.7533202104964695,463,6
detoxify_severe,detoxify_severe_mean,intercept,0.001472503907823409,0.0007715688875740974,1.9084542307727481,0.056332533358486536,0.5970190726247466,463,6
detoxify_severe,detoxify_severe_mean,newcomer_pop_share,0.001258732525676785,0.000524283755261124,2.400861199771224,0.016356539359947186,0.5970190726247466,463,6
detoxify_severe,detoxify_severe_mean,post_ga,-0.002549117568508564,0.0018735448542834174,-1.3605852897946955,0.17364478288995033,0.5970190726247466,463,6
detoxify_severe,detoxify_severe_mean,newcomer_x_post_ga,0.005107751344049767,0.0036811686898936677,1.387535256961372,0.16527860796624116,0.5970190726247466,463,6
detoxify_severe,detoxify_severe_mean,time_index,0.00013675094795754597,1.5319894795510195e-05,8.926363384533397,0.0,0.5970190726247466,463,6
detoxify_severe,detoxify_severe_mean,fe_gaming,-0.0028241064280051073,3.5554517433083175e-05,-79.4303124299277,0.0,0.5970190726247466,463,6
detoxify_severe,detoxify_severe_mean,fe_gifs,-0.0005046298766856444,4.806415656153694e-05,-10.499089400217864,0.0,0.5970190726247466,463,6
detoxify_severe,detoxify_severe_mean,fe_pics,-0.0015502851033703802,0.00010324334659421131,-15.015835446168133,0.0,0.5970190726247466,463,6
detoxify_severe,detoxify_severe_mean,fe_technology,-0.003574326882105282,3.61477504044022e-05,-98.88103248798542,0.0,0.5970190726247466,463,6
detoxify_severe,detoxify_severe_mean,fe_videos,0.0005389038472985673,6.0374960181326906e-05,8.925949527420846,0.0,0.5970190726247466,463,6
detoxify_identity,detoxify_identity_mean,intercept,0.006137983473764996,0.007125948283336593,0.8613567247068202,0.38904160269677757,0.8000485244375832,463,6
detoxify_identity,detoxify_identity_mean,newcomer_pop_share,-0.004017462563093243,0.0038731198142943827,-1.03726782431727,0.2996110566525707,0.8000485244375832,463,6
detoxify_identity,detoxify_identity_mean,post_ga,-0.020411369901298545,0.00961888847670124,-2.122009206234039,0.03383696495515354,0.8000485244375832,463,6
detoxify_identity,detoxify_identity_mean,newcomer_x_post_ga,0.04821838505415194,0.019344745734606622,2.4925830360174785,0.012681767388994514,0.8000485244375832,463,6
detoxify_identity,detoxify_identity_mean,time_index,0.0011793968117303,0.0001346435263886652,8.759402277728713,0.0,0.8000485244375832,463,6
detoxify_identity,detoxify_identity_mean,fe_gaming,-0.026332429578551097,0.00020803903067761068,-126.57446774666698,0.0,0.8000485244375832,463,6
detoxify_identity,detoxify_identity_mean,fe_gifs,-0.007827133328440901,0.00033655463365919063,-23.25665002243584,0.0,0.8000485244375832,463,6
detoxify_identity,detoxify_identity_mean,fe_pics,-0.009092730453855112,0.0006145837636402373,-14.794940888119164,0.0,0.8000485244375832,463,6
detoxify_identity,detoxify_identity_mean,fe_technology,-0.03208823442113806,0.00019053653198493117,-168.40987965329296,0.0,0.8000485244375832,463,6
detoxify_identity,detoxify_identity_mean,fe_videos,0.010690495900600252,0.00038069965509619536,28.081180945380613,0.0,0.8000485244375832,463,6
detoxify_insult,detoxify_insult_mean,intercept,0.036009017771456216,0.004849780381514565,7.424875961127698,1.127986593019159e-13,0.7149284786249165,463,6
detoxify_insult,detoxify_insult_mean,newcomer_pop_share,0.02818842162410927,0.006340085032175158,4.446063653887364,8.745804348286867e-06,0.7149284786249165,463,6
detoxify_insult,detoxify_insult_mean,post_ga,-0.004270196697368977,0.012835988983320674,-0.3326737583615685,0.7393805601204289,0.7149284786249165,463,6
detoxify_insult,detoxify_insult_mean,newcomer_x_post_ga,0.02232473214847651,0.02588052562306169,0.8626073702530727,0.38835337671938985,0.7149284786249165,463,6
detoxify_insult,detoxify_insult_mean,time_index,0.001287343070572083,0.00010507353027257135,12.25183038232926,0.0,0.7149284786249165,463,6
detoxify_insult,detoxify_insult_mean,fe_gaming,-0.02915529036560296,0.00027597492403175157,-105.644708365781,0.0,0.7149284786249165,463,6
detoxify_insult,detoxify_insult_mean,fe_gifs,-0.006639853572263359,0.00023339225380061729,-28.449331390131157,0.0,0.7149284786249165,463,6
detoxify_insult,detoxify_insult_mean,fe_pics,-0.02099294872168873,0.0005161690730864498,-40.67068295308882,0.0,0.7149284786249165,463,6
detoxify_insult,detoxify_insult_mean,fe_technology,-0.02997090567871708,0.00025403403259011213,-117.97988392789719,0.0,0.7149284786249165,463,6
detoxify_insult,detoxify_insult_mean,fe_videos,0.010709321291635432,0.00032280745512430184,33.175569899746115,0.0,0.7149284786249165,463,6
detoxify_threat,detoxify_threat_mean,intercept,0.001964971236829105,0.001358168953176301,1.446779675116043,0.14795864102159095,0.5040142561441134,463,6
detoxify_threat,detoxify_threat_mean,newcomer_pop_share,0.0033728458735735787,0.0012792735298278364,2.6365322153015187,0.008375824657619102,0.5040142561441134,463,6
detoxify_threat,detoxify_threat_mean,post_ga,0.0018936602284955347,0.0031503289915695847,0.6010991974371727,0.5477739179036689,0.5040142561441134,463,6
detoxify_threat,detoxify_threat_mean,newcomer_x_post_ga,-0.0034823613093344355,0.0037936439587732745,-0.9179462667499518,0.3586469977353728,0.5040142561441134,463,6
detoxify_threat,detoxify_threat_mean,time_index,0.00010852152530269113,3.7288064166740314e-05,2.910355571622531,0.0036101777877204366,0.5040142561441134,463,6
detoxify_threat,detoxify_threat_mean,fe_gaming,-0.0035377663089058843,4.543543522988605e-05,-77.86359459320968,0.0,0.5040142561441134,463,6
detoxify_threat,detoxify_threat_mean,fe_gifs,0.0013542372343226176,5.990621668564755e-05,22.605954928331645,0.0,0.5040142561441134,463,6
detoxify_threat,detoxify_threat_mean,fe_pics,-0.0012357144640864673,0.0001044744311942448,-11.82791282001772,0.0,0.5040142561441134,463,6
detoxify_threat,detoxify_threat_mean,fe_technology,-0.003955783410044921,3.7869717039203044e-05,-104.4576965270129,0.0,0.5040142561441134,463,6
detoxify_threat,detoxify_threat_mean,fe_videos,0.0037789197712271693,6.586498407314923e-05,57.37372937083421,0.0,0.5040142561441134,463,6
