community_type,community,toxigen_col,detoxify_col,n,toxigen_mean,detoxify_mean,pearson_r,pearson_p,spearman_rho,spearman_p
controversial,cringeanarchy,toxicity_toxigen,detoxify_toxicity,939,0.2324030549069311,0.2115665474278987,0.7559502188206741,1.3326665550627912e-174,0.7268799749789006,4.395758574331304e-155
controversial,cringeanarchy,toxicity_toxigen,detoxify_severe_toxicity,939,0.2324030549069311,0.008319695693800738,0.4377094781785663,3.150524662067151e-45,0.6834956710287335,3.0823691979943176e-130
controversial,cringeanarchy,toxicity_toxigen,detoxify_obscene,939,0.2324030549069311,0.11257687510265767,0.6510796166369862,2.4734330754450957e-114,0.6752528627101179,5.328173524764225e-126
controversial,cringeanarchy,toxicity_toxigen,detoxify_identity_attack,939,0.2324030549069311,0.07164413499601346,0.4708752591473898,5.466100139957159e-53,0.6916852371006075,1.3711840851648743e-134
controversial,cringeanarchy,toxicity_toxigen,detoxify_insult,939,0.2324030549069311,0.09824005622215484,0.6397305144491802,3.237223067054396e-109,0.7242928468285584,1.8104724022434912e-153
controversial,cringeanarchy,toxicity_toxigen,detoxify_threat,939,0.2324030549069311,0.007399087054173275,0.16100704167911212,7.064736247019026e-07,0.6774785947987854,3.944494384668519e-127
controversial,cringeanarchy,toxicity_toxigen,detoxify_sexual_explicit,939,0.2324030549069311,0.04049328692112953,0.4265205758037338,8.488460484777337e-43,0.6580076314269945,1.4457638044000881e-117
controversial,fatpeoplehate,toxicity_toxigen,detoxify_toxicity,74806,0.3081413875877136,0.26062991075286124,0.6987753694537469,0.0,0.7561585682865859,0.0
controversial,fatpeoplehate,toxicity_toxigen,detoxify_severe_toxicity,74806,0.3081413875877136,0.006156816981355548,0.3356295329675641,0.0,0.7172263086624688,0.0
controversial,fatpeoplehate,toxicity_toxigen,detoxify_obscene,74806,0.3081413875877136,0.15591927534069513,0.5660052215295004,0.0,0.7094134627031866,0.0
controversial,fatpeoplehate,toxicity_toxigen,detoxify_identity_attack,74806,0.3081413875877136,0.013549203761510687,0.24099114068131947,0.0,0.7240234547499835,0.0
controversial,fatpeoplehate,toxicity_toxigen,detoxify_insult,74806,0.3081413875877136,0.14165666524377077,0.6259793808795271,0.0,0.7617449036296124,0.0
controversial,fatpeoplehate,toxicity_toxigen,detoxify_threat,74806,0.3081413875877136,0.004059359362595554,0.08638050721480772,7.432097860173649e-124,0.6481427473914575,0.0
controversial,fatpeoplehate,toxicity_toxigen,detoxify_sexual_explicit,74806,0.3081413875877136,0.031256995996838156,0.2950681939169682,0.0,0.694408700265033,0.0
controversial,greatawakening,toxicity_toxigen,detoxify_toxicity,103156,0.10111211216659588,0.08108088311329736,0.5366559779126148,0.0,0.6042251979715906,0.0
controversial,greatawakening,toxicity_toxigen,detoxify_severe_toxicity,103156,0.10111211216659588,0.0008560670645361529,0.2403283426971632,0.0,0.5217028771464751,0.0
controversial,greatawakening,toxicity_toxigen,detoxify_obscene,103156,0.10111211216659588,0.02917907643573434,0.3855624858723149,0.0,0.5531856648063711,0.0
controversial,greatawakening,toxicity_toxigen,detoxify_identity_attack,103156,0.10111211216659588,0.007315647959539742,0.22482829747343683,0.0,0.578348184363815,0.0
controversial,greatawakening,toxicity_toxigen,detoxify_insult,103156,0.10111211216659588,0.04122994334953531,0.47913605930861125,0.0,0.622651881442169,0.0
controversial,greatawakening,toxicity_toxigen,detoxify_threat,103156,0.10111211216659588,0.00246873778532794,0.14016420047285458,0.0,0.5142552298272636,0.0
controversial,greatawakening,toxicity_toxigen,detoxify_sexual_explicit,103156,0.10111211216659588,0.007855407598093575,0.1617084125502679,0.0,0.5262223894778748,0.0
controversial,kotakuinaction,toxicity_toxigen,detoxify_toxicity,2996,0.08357366350164601,0.08196911655403487,0.5492281178662086,9.994403010197125e-236,0.6025271294335007,1.382074338125458e-295
controversial,kotakuinaction,toxicity_toxigen,detoxify_severe_toxicity,2996,0.08357366350164601,0.0011676910781932607,0.2858957073589195,1.854128986041229e-57,0.5278955357466608,1.1590812882342157e-214
controversial,kotakuinaction,toxicity_toxigen,detoxify_obscene,2996,0.08357366350164601,0.03116959937970701,0.4967242641734201,1.8116128215183499e-186,0.5402293742511868,1.1759888481468382e-226
controversial,kotakuinaction,toxicity_toxigen,detoxify_identity_attack,2996,0.08357366350164601,0.010331906758135593,0.25140158567720994,2.0642206939178243e-44,0.5768337403424999,2.3711099188864296e-265
controversial,kotakuinaction,toxicity_toxigen,detoxify_insult,2996,0.08357366350164601,0.034332420703978864,0.40469643646261144,1.8637732087127448e-118,0.581174034237553,2.857964044238447e-270
controversial,kotakuinaction,toxicity_toxigen,detoxify_threat,2996,0.08357366350164601,0.0029595630107999843,0.24122622123925777,6.339168532812316e-41,0.5570962326631559,6.900716769448462e-244
controversial,kotakuinaction,toxicity_toxigen,detoxify_sexual_explicit,2996,0.08357366350164601,0.010458823762958635,0.20376764098612163,1.9069671657795191e-29,0.530679631609596,2.512317353904173e-217
controversial,mensrights,toxicity_toxigen,detoxify_toxicity,1725,0.12643041316554812,0.11908468238530219,0.5691774118788635,1.115732613299818e-148,0.5399708566503382,3.822524253481516e-131
controversial,mensrights,toxicity_toxigen,detoxify_severe_toxicity,1725,0.12643041316554812,0.0016570710614278157,0.2732436201059444,6.484548538189396e-31,0.5336909793348492,1.353558608020354e-127
controversial,mensrights,toxicity_toxigen,detoxify_obscene,1725,0.12643041316554812,0.023074356202694945,0.40935844459530957,1.1168726048833461e-70,0.48783887106841384,8.041965259083398e-104
controversial,mensrights,toxicity_toxigen,detoxify_identity_attack,1725,0.12643041316554812,0.03064939178927524,0.3765238983760259,3.2055596596811263e-59,0.5536380193702379,3.920555396219188e-139
controversial,mensrights,toxicity_toxigen,detoxify_insult,1725,0.12643041316554812,0.030393568080005463,0.48027597632210717,3.0895588932235174e-100,0.5754044688525614,1.1949462231137786e-152
controversial,mensrights,toxicity_toxigen,detoxify_threat,1725,0.12643041316554812,0.004341863735108198,0.18989132483534196,1.8126629513421845e-15,0.49463206018707856,4.055037013750862e-107
controversial,mensrights,toxicity_toxigen,detoxify_sexual_explicit,1725,0.12643041316554812,0.07434019329153245,0.23437690920198692,5.899343725847005e-23,0.4388940087189893,3.839964554295804e-82
controversial,milliondollarextreme,toxicity_toxigen,detoxify_toxicity,7351,0.18829042161331058,0.1647082389710304,0.7158596894966409,0.0,0.6841637179817367,0.0
controversial,milliondollarextreme,toxicity_toxigen,detoxify_severe_toxicity,7351,0.18829042161331058,0.005801935094972035,0.35860641379035907,5.569790123138534e-222,0.6267771683022726,0.0
controversial,milliondollarextreme,toxicity_toxigen,detoxify_obscene,7351,0.18829042161331058,0.07781952742585778,0.567831769120266,0.0,0.617255519465646,0.0
controversial,milliondollarextreme,toxicity_toxigen,detoxify_identity_attack,7351,0.18829042161331058,0.05156683988010032,0.47058398676291396,0.0,0.6695627244775023,0.0
controversial,milliondollarextreme,toxicity_toxigen,detoxify_insult,7351,0.18829042161331058,0.07245698244592734,0.6048772336484411,0.0,0.7060217823869627,0.0
controversial,milliondollarextreme,toxicity_toxigen,detoxify_threat,7351,0.18829042161331058,0.00805194681150557,0.19914980626387957,1.2242502417252874e-66,0.6179306485461712,0.0
controversial,milliondollarextreme,toxicity_toxigen,detoxify_sexual_explicit,7351,0.18829042161331058,0.020816944130428987,0.32434065813068746,1.2022668182916512e-179,0.5942363136996063,0.0
normal,funny,toxicity_toxigen,detoxify_toxicity,46762,0.1075247783472202,0.09166248133803581,0.7107301654309912,0.0,0.5362450979165345,0.0
normal,funny,toxicity_toxigen,detoxify_severe_toxicity,46762,0.1075247783472202,0.0022416161846437305,0.36527612208801197,0.0,0.4597432744360028,0.0
normal,funny,toxicity_toxigen,detoxify_obscene,46762,0.1075247783472202,0.03777080098298961,0.5760635138891365,0.0,0.4743802511451517,0.0
normal,funny,toxicity_toxigen,detoxify_identity_attack,46762,0.1075247783472202,0.021904695269263114,0.38782974011815524,0.0,0.5198703413187614,0.0
normal,funny,toxicity_toxigen,detoxify_insult,46762,0.1075247783472202,0.04037118855624856,0.5932534374138233,0.0,0.5712655781518668,0.0
normal,funny,toxicity_toxigen,detoxify_threat,46762,0.1075247783472202,0.0034962736307265875,0.13244837608031326,5.491432904908066e-182,0.4765324302700287,0.0
normal,funny,toxicity_toxigen,detoxify_sexual_explicit,46762,0.1075247783472202,0.0152459883864446,0.30168717200263084,0.0,0.44731712860803624,0.0
normal,gaming,toxicity_toxigen,detoxify_toxicity,28646,0.039392105935318576,0.04689985050700519,0.7106490924384681,0.0,0.5541469038633977,0.0
normal,gaming,toxicity_toxigen,detoxify_severe_toxicity,28646,0.039392105935318576,0.0009205710251019028,0.36041177879620795,0.0,0.43699500775278693,0.0
normal,gaming,toxicity_toxigen,detoxify_obscene,28646,0.039392105935318576,0.02583217000180751,0.6228527783473055,0.0,0.49000796938402597,0.0
normal,gaming,toxicity_toxigen,detoxify_identity_attack,28646,0.039392105935318576,0.005674919709358306,0.39554989154729614,0.0,0.5046378957903148,0.0
normal,gaming,toxicity_toxigen,detoxify_insult,28646,0.039392105935318576,0.018038033855786263,0.6216115954709927,0.0,0.5232521446392429,0.0
normal,gaming,toxicity_toxigen,detoxify_threat,28646,0.039392105935318576,0.0018755357638324643,0.1576906810622808,7.106840123504294e-159,0.49450056077632376,0.0
normal,gaming,toxicity_toxigen,detoxify_sexual_explicit,28646,0.039392105935318576,0.0053422023042725844,0.3068344584502769,0.0,0.4748261654970637,0.0
normal,gifs,toxicity_toxigen,detoxify_toxicity,8015,0.0709478103138154,0.06439475705636534,0.720633312167372,0.0,0.4582183094751605,0.0
normal,gifs,toxicity_toxigen,detoxify_severe_toxicity,8015,0.0709478103138154,0.0015095128104637748,0.39118066652974703,2.379005459481796e-291,0.37856039140508213,1.7133165651842862e-271
normal,gifs,toxicity_toxigen,detoxify_obscene,8015,0.0709478103138154,0.02867567307778154,0.6037614399518234,0.0,0.400095497791154,6.520207050680078e-306
normal,gifs,toxicity_toxigen,detoxify_identity_attack,8015,0.0709478103138154,0.006675198166771292,0.30894834861876797,8.10065887140799e-177,0.43343342820731917,0.0
normal,gifs,toxicity_toxigen,detoxify_insult,8015,0.0709478103138154,0.029159834911598372,0.6211021021953486,0.0,0.47591554551847154,0.0
normal,gifs,toxicity_toxigen,detoxify_threat,8015,0.0709478103138154,0.003940614943050239,0.13673190438113286,9.398202422599275e-35,0.3936120332995029,2.8139410105792488e-295
normal,gifs,toxicity_toxigen,detoxify_sexual_explicit,8015,0.0709478103138154,0.009421562856741018,0.3098124302275753,7.560158246353497e-178,0.3746362363709217,1.7028405166561803e-265
normal,pics,toxicity_toxigen,detoxify_toxicity,14862,0.05556730638999275,0.048883342172554904,0.7098305241640078,0.0,0.47653930666530686,0.0
normal,pics,toxicity_toxigen,detoxify_severe_toxicity,14862,0.05556730638999275,0.0013473543315446453,0.37520271575971254,0.0,0.3772799210552906,0.0
normal,pics,toxicity_toxigen,detoxify_obscene,14862,0.05556730638999275,0.019799245891097658,0.58559617583235,0.0,0.40456824518045864,0.0
normal,pics,toxicity_toxigen,detoxify_identity_attack,14862,0.05556730638999275,0.011738754221594089,0.40516493164349304,0.0,0.43637809616129486,0.0
normal,pics,toxicity_toxigen,detoxify_insult,14862,0.05556730638999275,0.021264540424542105,0.5908954859162745,0.0,0.4725693388839767,0.0
normal,pics,toxicity_toxigen,detoxify_threat,14862,0.05556730638999275,0.002279044800370901,0.1258168996743674,1.6817045852471688e-53,0.4066126477605676,0.0
normal,pics,toxicity_toxigen,detoxify_sexual_explicit,14862,0.05556730638999275,0.007978038969525198,0.3728291191236684,0.0,0.3771990980064242,0.0
normal,technology,toxicity_toxigen,detoxify_toxicity,34678,0.02939498126776136,0.027659615139619367,0.5830365921685012,0.0,0.45119304669245497,0.0
normal,technology,toxicity_toxigen,detoxify_severe_toxicity,34678,0.02939498126776136,0.00019887632029924385,0.2865611333099358,0.0,0.2916653340108206,0.0
normal,technology,toxicity_toxigen,detoxify_obscene,34678,0.02939498126776136,0.011104677684067824,0.4791070426547601,0.0,0.3588220051674946,0.0
normal,technology,toxicity_toxigen,detoxify_identity_attack,34678,0.02939498126776136,0.002625462965366272,0.2587900230476168,0.0,0.41093973969635683,0.0
normal,technology,toxicity_toxigen,detoxify_insult,34678,0.02939498126776136,0.010672179535070579,0.4665174774350389,0.0,0.44229914117884905,0.0
normal,technology,toxicity_toxigen,detoxify_threat,34678,0.02939498126776136,0.0011252711634118652,0.14382572460097642,1.2015137013366198e-159,0.3620101594257007,0.0
normal,technology,toxicity_toxigen,detoxify_sexual_explicit,34678,0.02939498126776136,0.003562400381934512,0.19517447977605212,7.980090278462568e-295,0.3555809611921802,0.0
normal,videos,toxicity_toxigen,detoxify_toxicity,44791,0.0937760370989009,0.0874665756231734,0.6719551105928289,0.0,0.5974117610223718,0.0
normal,videos,toxicity_toxigen,detoxify_severe_toxicity,44791,0.0937760370989009,0.0012807941793072132,0.3125368372288769,0.0,0.5194350157896204,0.0
normal,videos,toxicity_toxigen,detoxify_obscene,44791,0.0937760370989009,0.02485120802941285,0.48658243992393924,0.0,0.5308404437310774,0.0
normal,videos,toxicity_toxigen,detoxify_identity_attack,44791,0.0937760370989009,0.027711944622325683,0.4109569634552068,0.0,0.5747290864002955,0.0
normal,videos,toxicity_toxigen,detoxify_insult,44791,0.0937760370989009,0.03579254265823387,0.5586834202016674,0.0,0.6108820338310843,0.0
normal,videos,toxicity_toxigen,detoxify_threat,44791,0.0937760370989009,0.0045231859109327805,0.15408444913271005,4.927025857894788e-236,0.5257898772553664,0.0
normal,videos,toxicity_toxigen,detoxify_sexual_explicit,44791,0.0937760370989009,0.010692591585230246,0.2554126882617264,0.0,0.5087272015824921,0.0
