platform,community_type,community,period,activity_count,active_users,toxigen_toxicity_mean,toxigen_toxicity_share_gt_0_5,detoxify_toxicity_mean,detoxify_toxicity_share_gt_0_5,detoxify_severe_mean,detoxify_severe_share_gt_0_5,detoxify_identity_mean,detoxify_identity_share_gt_0_5,detoxify_insult_mean,detoxify_insult_share_gt_0_5,detoxify_threat_mean,detoxify_threat_share_gt_0_5
voat,controversial,cringeanarchy,B-C,54,44,0.2996567780770689,0.2962962962962963,0.3272405419626954,0.3333333333333333,0.012947017085094893,0.0,0.05981562804407545,0.05555555555555555,0.15521350318320196,0.12962962962962962,0.007353819532201843,0.0
voat,controversial,cringeanarchy,C-D,1986,772,0.3369803099912319,0.34491440080563945,0.2947339798969458,0.2849949647532729,0.011631525306272816,0.0005035246727089627,0.09544350159889607,0.09718026183282981,0.14323861999348994,0.1324269889224572,0.01377783290837136,0.009566968781470292
voat,controversial,cringeanarchy,D-end,51,39,0.3515791628388779,0.35294117647058826,0.2406190328896913,0.23529411764705882,0.017506652532588023,0.0,0.04883999727862112,0.0392156862745098,0.1387667200783742,0.1568627450980392,0.0020541278080795883,0.0
voat,controversial,fatpeoplehate,A-B,149132,10712,0.28054333216541927,0.283708392564976,0.25980206628062286,0.2552704986186734,0.006003227286158451,0.00010058203470750744,0.013508220562068882,0.006101976772255452,0.13499973080504774,0.11609848992838559,0.0074046431430375885,0.00486817047984336
voat,controversial,fatpeoplehate,B-C,84694,7440,0.29027356663819187,0.29503860958273315,0.2606036249652391,0.25456348737809054,0.006049134041043997,0.00018891538951991876,0.016704657944784883,0.009611070441825867,0.14201623372946168,0.12457789217654143,0.006833050331283602,0.004510354924788061
voat,controversial,fatpeoplehate,C-D,32500,2606,0.3079224270658854,0.31390769230769233,0.2681379416976769,0.26153846153846155,0.006782735347729412,9.23076923076923e-05,0.026805822008162537,0.02076923076923077,0.14926551183118428,0.13255384615384616,0.007670945957016011,0.004923076923076923
voat,controversial,fatpeoplehate,D-end,4162,642,0.31656074721476596,0.32051898125901007,0.26571203839845814,0.2561268620855358,0.006890975877727452,0.0,0.03220603636619492,0.024747717443536762,0.1487890451087831,0.1292647765497357,0.007788088786453273,0.005045651129264777
voat,controversial,greatawakening,B-C,15533,2650,0.17793195955720092,0.17684928861134358,0.1555476143609007,0.14942380737784072,0.004971068276945617,0.00038627438357046286,0.01761888529979651,0.014292152192107126,0.0851911953418903,0.07622481169123801,0.0053063385400357495,0.0027682997489216505
voat,controversial,greatawakening,C-D,165039,8922,0.19273730505773742,0.19252419125176473,0.14770714244281788,0.13836123582910706,0.0033156692164053357,0.00012118347784463067,0.01714711881617866,0.01296057295548325,0.0829869078062397,0.07340689170438502,0.007497563080086348,0.0047140372881561326
voat,controversial,greatawakening,D-end,41101,3006,0.19438597344972808,0.19415585995474563,0.15036137515262987,0.14118877886182818,0.0035395800593551836,7.299092479501715e-05,0.018734526514537053,0.014963139582978516,0.08205543063700299,0.07216369431400696,0.008570400785888655,0.005644631517481327
voat,controversial,kotakuinaction,A-B,3655,1270,0.21403286645008013,0.20848153214774282,0.1987755451357615,0.19151846785225718,0.0033820861395712073,0.0,0.02121240086799255,0.014774281805745554,0.10055220304316584,0.08481532147742818,0.0044362853940512455,0.003283173734610123
voat,controversial,kotakuinaction,B-C,312,220,0.23358404216840148,0.23397435897435898,0.2505880825741863,0.26282051282051283,0.007500109279992369,0.0,0.04400086652217044,0.035256410256410256,0.13084317878250518,0.11858974358974358,0.005434642859441739,0.003205128205128205
voat,controversial,kotakuinaction,C-D,31,24,0.2570227620946694,0.25806451612903225,0.3028465995720903,0.3548387096774194,0.00517776784531339,0.0,0.04520139324379286,0.06451612903225806,0.14577116237083942,0.12903225806451613,0.0050275957013171295,0.0
voat,controversial,kotakuinaction,D-end,2,1,0.49110663082683453,0.5,0.49539029193692835,0.5,0.012219071819856677,0.0,0.008448799839243258,0.0,0.4545313194576011,0.5,0.00035004631627086227,0.0
voat,controversial,mensrights,A-B,1252,598,0.29420306411985203,0.28674121405750796,0.2876617855944904,0.2803514376996805,0.009625165102075733,0.0,0.06524838058655079,0.036741214057507986,0.15821556278894774,0.15575079872204473,0.008326942386461804,0.005591054313099041
voat,controversial,mensrights,B-C,379,237,0.302142952584648,0.3245382585751979,0.24060654490055777,0.23482849604221637,0.005763456743355418,0.0,0.04132596615156002,0.026385224274406333,0.101078641390288,0.09234828496042216,0.012419650142998916,0.0079155672823219
voat,controversial,mensrights,C-D,225,132,0.37787786804501794,0.40444444444444444,0.27789817019844326,0.25333333333333335,0.017308439438906267,0.0,0.09240326028562976,0.08888888888888889,0.1534324227172894,0.16,0.01651950891165241,0.008888888888888889
voat,controversial,mensrights,D-end,26,21,0.38661568397835183,0.4230769230769231,0.264662190747913,0.2692307692307692,0.0061734536442066505,0.0,0.0638667671776672,0.0,0.08415385610099359,0.07692307692307693,0.05127767019642374,0.038461538461538464
voat,controversial,milliondollarextreme,A-B,1,1,0.0014265981735661,0.0,0.1348825395107269,0.0,0.000188657984836,0.0,0.0019461279734969,0.0,0.0126192793250083,0.0,0.0004380165482871,0.0
voat,controversial,milliondollarextreme,B-C,2205,837,0.2957789315737028,0.30158730158730157,0.2705740871004915,0.26485260770975055,0.011709761325033721,0.0,0.08308990562964808,0.08072562358276644,0.13807217341781985,0.12970521541950114,0.009681201799052614,0.004988662131519274
voat,controversial,milliondollarextreme,C-D,11091,2192,0.26889167331530917,0.27382562438012803,0.24013701625622008,0.23370300243440628,0.00947705956520134,0.0005409791723018664,0.0753182702890637,0.067442070146966,0.11984667011194135,0.10837616085114056,0.010580390306253852,0.007303218826075196
voat,controversial,milliondollarextreme,D-end,541,237,0.30676059369821973,0.3179297597042514,0.28446903108986477,0.2735674676524954,0.013200386774086996,0.0,0.11117651820126824,0.10720887245841035,0.1528843754368338,0.133086876155268,0.007973718808187265,0.005545286506469501
voat,normal,funny,A-B,18971,5506,0.17552073919201605,0.17479310526593222,0.17013495063361675,0.16214221706815665,0.004245983501346809,0.00010542406831479627,0.019468004067977114,0.015128353803173265,0.07911347542406699,0.06589004269674767,0.006207756411012199,0.0038479784934900636
voat,normal,funny,B-C,29640,5927,0.2700755234465691,0.2739203778677463,0.24836142830774624,0.24304993252361673,0.00980407495552677,0.0009109311740890688,0.058145156818710846,0.0532051282051282,0.12745108595771534,0.11568825910931174,0.009516603042828925,0.0058367071524966264
voat,normal,funny,C-D,36057,5607,0.3021289548938735,0.3069584269351305,0.2695854541992368,0.2644701444934409,0.010919012523714612,0.000748814377236043,0.08670821781896133,0.08328479906814211,0.1385707399216817,0.12654962975289125,0.011417549930540503,0.007127603516654186
voat,normal,funny,D-end,11512,2405,0.3112268454572335,0.31949270326615703,0.27853134670714996,0.27536483669214734,0.011206065419999592,0.0006949270326615705,0.09778315796515975,0.0945969423210563,0.14584821245679006,0.13194927032661571,0.012027017657036643,0.008425990271021543
voat,normal,gaming,A-B,22134,4919,0.08851231989291479,0.08398843408331075,0.11419091997673586,0.11349055751332791,0.0017125402831625583,0.0,0.004088317739664969,0.002304147465437788,0.045294094385788485,0.03533026113671275,0.0035916915608678853,0.0018523538447637118
voat,normal,gaming,B-C,7007,2135,0.17653404677293755,0.1755387469673184,0.1910363517181844,0.1909519052376195,0.00514214150145064,0.00014271442842871414,0.022596949647376262,0.01826744683887541,0.08253778135504773,0.06821749678892536,0.005161870642708465,0.0025688597117168544
voat,normal,gaming,C-D,7195,1984,0.25140512575803303,0.25406532314107017,0.2517407113825595,0.2568450312717165,0.008943857831713196,0.0004169562195969423,0.05449369653837771,0.049617790132036134,0.12176498887573267,0.10576789437109103,0.007291493816421721,0.005142460041695622
voat,normal,gaming,D-end,1745,547,0.22552940645355218,0.22750716332378224,0.2338217899997026,0.2361031518624642,0.008084868085509008,0.0,0.05356133160601052,0.0492836676217765,0.11261775257171129,0.0991404011461318,0.008241625004193525,0.006303724928366762
voat,normal,gifs,A-B,6350,2571,0.1389684228176768,0.13559055118110236,0.14510092504094738,0.13716535433070867,0.0031803830309458303,0.00015748031496062991,0.00921049747680559,0.0061417322834645665,0.06276089826467335,0.051181102362204724,0.00801762009667701,0.005511811023622047
voat,normal,gifs,B-C,4444,1709,0.21890018431252736,0.21669666966696668,0.21361210476432224,0.207020702070207,0.008741539910593382,0.00045004500450045,0.04129845806330764,0.0405040504050405,0.10629659755483663,0.09518451845184518,0.01229480660860203,0.008550855085508551
voat,normal,gifs,C-D,1924,905,0.29945394026240546,0.30457380457380456,0.2862270102737747,0.288981288981289,0.012951141844779355,0.0010395010395010396,0.08583477136420196,0.08575883575883576,0.15004815364376395,0.1366943866943867,0.012551302424667826,0.007276507276507277
voat,normal,gifs,D-end,249,157,0.27281836848790164,0.26907630522088355,0.2556674644414356,0.26104417670682734,0.0072551124605773985,0.004016064257028112,0.08783846456875957,0.09236947791164658,0.1182424948809013,0.09236947791164658,0.01580051341707037,0.01606425702811245
voat,normal,pics,A-B,8042,3281,0.13062978929800537,0.12670977368813727,0.131800009984698,0.12384978860979856,0.003773038705603024,0.00012434717731907486,0.01522159994154778,0.011439940313354886,0.05850369397738184,0.04737627455856752,0.005363694377229492,0.0031086794329768714
voat,normal,pics,B-C,6531,2394,0.22375821513083882,0.2282958199356913,0.2089466936715324,0.20517531771551065,0.007602941904743546,0.0001531159087429184,0.044989426404478436,0.03904455672944419,0.10765215743112864,0.10029092022661154,0.008693733498735454,0.006277752258459654
voat,normal,pics,C-D,6658,2199,0.27779854860173525,0.2792129768699309,0.24512889472522378,0.2398618203664764,0.009038697519587463,0.00030039050765995795,0.07716389753887819,0.07179333133072995,0.12102102300648042,0.10768999699609492,0.010030380535079996,0.0067587864223490534
voat,normal,pics,D-end,1882,789,0.26638899917453135,0.2688629117959617,0.24241746270922535,0.24229543039319873,0.010251118533007903,0.0,0.0817556042324238,0.08235919234856535,0.12233819264288966,0.11370882040382571,0.009955558074504624,0.006907545164718385
voat,normal,technology,A-B,21886,6061,0.13536057785724465,0.1300374668738006,0.131298498844392,0.13012884949282646,0.002094480262860597,0.00018276523805172256,0.0052331708166501265,0.002421639404185324,0.05977476914330783,0.049072466416887506,0.00322512115408869,0.0021474915471077403
voat,normal,technology,B-C,13759,3967,0.19685331625598723,0.19536303510429537,0.18262277039750038,0.182934806308598,0.00514512619206971,0.0004360782033578022,0.019364838308407652,0.016352932625917582,0.08764872026345556,0.0755142088814594,0.004828197366413661,0.0029798677229449814
voat,normal,technology,C-D,9317,2755,0.23049241467215975,0.22947300633251047,0.2011728144356055,0.20006439841150586,0.005522393111129543,0.00021466137168616508,0.0370023841765271,0.03273585918214018,0.10070176951449622,0.09047976816571858,0.005753572820758587,0.0034345819469786413
voat,normal,technology,D-end,1783,758,0.23042825786771637,0.2327537857543466,0.20328354279986197,0.2035894559730791,0.006044316554298481,0.0,0.03762791286063501,0.029725182277061134,0.10165721994439286,0.09029725182277061,0.005776455487087369,0.003925967470555244
voat,normal,videos,A-B,15186,4528,0.20793547535840626,0.207757144738575,0.19530061261464113,0.19076781245884367,0.004750763321570612,0.00013170025023047545,0.030659810831856777,0.025023047543790332,0.09862061163225319,0.08725141577768998,0.009516888920202101,0.0061240616357171075
voat,normal,videos,B-C,9461,3074,0.28270421872649465,0.2879188246485572,0.25737991820333717,0.25155903181481876,0.009752435594943362,0.0008455765775288025,0.06625283271655615,0.05929605749920727,0.1353342857622289,0.12313708910263185,0.015276540259252977,0.01067540429130113
voat,normal,videos,C-D,11116,2885,0.31819942652566074,0.32529686937747393,0.28200561557120246,0.27950701691255847,0.01207147489988031,0.0011694854264123786,0.1076159514990353,0.10597337171644476,0.14815455997262122,0.1358402302986686,0.014657799925853005,0.01016552716804606
voat,normal,videos,D-end,3689,1297,0.32064422086491173,0.3255624830577392,0.27640144509779396,0.2702629438872323,0.012760971899240211,0.000813228517213337,0.09700981257868617,0.09514773651396043,0.14680034517646473,0.1371645432366495,0.016690932190915223,0.011656275413391162
