scope,label,n_rows,mean,median,q90,q95,share_gt_0_5,share_gt_0_9,community_type,community
global,toxigen_toxicity,368727,0.1310526318820479,0.0013119202340021,0.7684702277183537,0.958172744512558,0.12817613030778868,0.0717278637040412,,
global,detoxify_toxicity,368727,0.11246919885691226,0.0022135749459266,0.5149289965629583,0.897395521402359,0.10180702796377808,0.049491900511760736,,
global,detoxify_severe,368727,0.0022598706316347117,2.8589543035195675e-06,0.00025058189057738066,0.0027445571497081932,6.237677197492996e-05,0.0,,
global,detoxify_identity,368727,0.013683583514949336,0.0001691700745141,0.008261362090706822,0.03278771750628947,0.008773428579952105,0.0009139553111109304,,
global,detoxify_insult,368727,0.05575298363921878,0.0002942658611573,0.13386552631855012,0.4502175092697145,0.045290960520927404,0.012147198333726579,,
global,detoxify_threat,368727,0.0031598402939955706,5.8234320022165775e-05,0.0009256055927834629,0.002471472136676251,0.0015892516685786504,6.237677197492996e-05,,
,toxigen_toxicity,190973,0.18616230670797662,0.0030271012801676,0.8993375778198246,0.9717374682426452,0.1836699428715054,0.09973661198179848,controversial,
,detoxify_toxicity,190973,0.15562981408489795,0.0033624630887061,0.7627593398094179,0.9543835043907164,0.14403606792583246,0.06941295366360689,controversial,
,detoxify_severe,190973,0.003171623079741235,3.5237183055869536e-06,0.0009023998631164022,0.007031671423464931,7.854513465254251e-05,0.0,controversial,
,detoxify_identity,190973,0.0120351096422091,0.0002637502911966,0.011556600034236903,0.03596818074583996,0.0058647033873898404,0.00045556178098474654,controversial,
,detoxify_insult,190973,0.08184430293554551,0.000660772959236,0.3020480990409851,0.6393664717674256,0.06760641556659842,0.01749985600058647,controversial,
,detoxify_threat,190973,0.003355572363319823,8.265992801170796e-05,0.0010763211641459853,0.0026634159497916166,0.0017122839354254266,6.2836107722034e-05,controversial,
,toxigen_toxicity,177754,0.0718446257019783,0.0009391702187712999,0.10506698265671731,0.8286218136548997,0.06855541928732968,0.041636193840926226,normal,
,detoxify_toxicity,177754,0.06609886585774422,0.0012426404864526999,0.13972092866897626,0.5924896359443672,0.056437548522114835,0.02808938195483646,normal,
,detoxify_severe,177754,0.001280314051910784,2.10017401514051e-06,5.149174103280533e-05,0.00037313724460543503,4.50060195551155e-05,0.0,normal,
,detoxify_identity,177754,0.015454649150033892,0.00013704007142215,0.004178098589181848,0.0267678083851933,0.011898466419883659,0.0014064381110973593,normal,
,detoxify_insult,177754,0.0277213358564549,0.0001855815935414,0.016791199520230317,0.1241531427949668,0.02131597601179158,0.00639648052927079,normal,
,detoxify_threat,177754,0.002949552252797846,4.197629823465832e-05,0.000719858740922,0.0022355149849317166,0.0014570698830968642,6.18832768882838e-05,normal,
,toxigen_toxicity,939,0.2324030549069311,0.0027307055424898,0.96936274766922,0.9822347402572632,0.23961661341853036,0.16293929712460065,controversial,cringeanarchy
,detoxify_toxicity,939,0.2115665474278987,0.0062460554763674,0.9400883197784424,0.980204027891159,0.2055378061767838,0.11608093716719915,controversial,cringeanarchy
,detoxify_severe,939,0.008319695693800738,5.0683720473898575e-06,0.012118949741125047,0.04527471922337995,0.0,0.0,controversial,cringeanarchy
,detoxify_identity,939,0.07164413499601346,0.000411024026107,0.24514468312263582,0.583573061227798,0.0670926517571885,0.003194888178913738,controversial,cringeanarchy
,detoxify_insult,939,0.09824005622215484,0.0010229230392724,0.44465817213058517,0.750541013479232,0.08732694355697551,0.01597444089456869,controversial,cringeanarchy
,detoxify_threat,939,0.007399087054173275,0.0001101720990845,0.0032876872457563277,0.010097128711640797,0.004259850905218318,0.0,controversial,cringeanarchy
,toxigen_toxicity,74806,0.3081413875877136,0.0139860780909657,0.9729170501232148,0.9811966866254807,0.31362457556880463,0.1977916209929685,controversial,fatpeoplehate
,detoxify_toxicity,74806,0.26062991075286124,0.0237253243103623,0.9475710690021514,0.9844429939985275,0.25270700211213004,0.12805122583749967,controversial,fatpeoplehate
,detoxify_severe,74806,0.006156816981355548,1.2019329915347043e-05,0.006555304396897501,0.03049101447686545,6.683955832419859e-05,0.0,controversial,fatpeoplehate
,detoxify_identity,74806,0.013549203761510687,0.0008914078352972,0.020480088889598798,0.0490188719704747,0.0050530706093094135,0.00040103734994519156,controversial,fatpeoplehate
,detoxify_insult,74806,0.14165666524377077,0.0044650654308497,0.5865454971790314,0.8160404562950134,0.12027110124856295,0.029061839959361548,controversial,fatpeoplehate
,detoxify_threat,74806,0.004059359362595554,0.00017201726586784998,0.00146533054066815,0.00316531013231715,0.002178969601368874,0.00012031120498355747,controversial,fatpeoplehate
,toxigen_toxicity,103156,0.10111211216659588,0.0018571001128293001,0.4459955543279648,0.8156577348709106,0.09298538136414751,0.029314824149831324,controversial,greatawakening
,detoxify_toxicity,103156,0.08108088311329736,0.0019932640716433,0.25847476720809937,0.6721972227096558,0.06732521617744,0.028044902865562837,controversial,greatawakening
,detoxify_severe,103156,0.0008560670645361529,2.4015254211917636e-06,8.193451867555268e-05,0.0003914255066774,2.9082166815308854e-05,0.0,controversial,greatawakening
,detoxify_identity,103156,0.007315647959539742,0.0001691703946562,0.00411400292068715,0.014098269632086075,0.0032378145721043855,0.00012602272286633837,controversial,greatawakening
,detoxify_insult,103156,0.04122994334953531,0.000341294624377,0.056411841884255354,0.2781945541501045,0.031893442940788705,0.010004265384466245,controversial,greatawakening
,detoxify_threat,103156,0.00246873778532794,4.258104490872938e-05,0.00060907882289025,0.0017844009562395249,0.0011051223389817364,1.93881112102059e-05,controversial,greatawakening
,toxigen_toxicity,2996,0.08357366350164601,0.0016836033901199,0.27563767135143274,0.772120013833046,0.06875834445927904,0.02870493991989319,controversial,kotakuinaction
,detoxify_toxicity,2996,0.08196911655403487,0.0014954120269976001,0.2597326338291168,0.6410519033670425,0.0664218958611482,0.024365821094793058,controversial,kotakuinaction
,detoxify_severe,2996,0.0011676910781932607,2.2336862457450484e-06,9.849832349573262e-05,0.000447943282779225,0.0003337783711615487,0.0,controversial,kotakuinaction
,detoxify_identity,2996,0.010331906758135593,0.0001549875305499,0.0064494374673813,0.0273620332591235,0.006008010680907877,0.0003337783711615487,controversial,kotakuinaction
,detoxify_insult,2996,0.034332420703978864,0.00027575696003615,0.04059693962335585,0.20567823946475983,0.0260347129506008,0.007009345794392523,controversial,kotakuinaction
,detoxify_threat,2996,0.0029595630107999843,4.111429734621197e-05,0.00053283476154315,0.001251070614671275,0.0016688918558077437,0.0,controversial,kotakuinaction
,toxigen_toxicity,1725,0.12643041316554812,0.0029185405001044,0.6733229875564587,0.9153164982795715,0.12057971014492753,0.058550724637681156,controversial,mensrights
,detoxify_toxicity,1725,0.11908468238530219,0.0127327442169189,0.3904008030891426,0.6991929650306702,0.08,0.02318840579710145,controversial,mensrights
,detoxify_severe,1725,0.0016570710614278157,2.1744232071796432e-05,0.00039407248841596065,0.0014010745799168589,0.0,0.0,controversial,mensrights
,detoxify_identity,1725,0.03064939178927524,0.0024166463408619,0.06031103059649471,0.15416392683982827,0.014492753623188406,0.0005797101449275362,controversial,mensrights
,detoxify_insult,1725,0.030393568080005463,0.0016439664177596,0.02774691171944135,0.13530371189117418,0.021449275362318842,0.007536231884057971,controversial,mensrights
,detoxify_threat,1725,0.004341863735108198,0.000211562946788,0.0027803351636975413,0.007194114662706839,0.002318840579710145,0.0,controversial,mensrights
,toxigen_toxicity,7351,0.18829042161331058,0.0017089082393795,0.942662239074707,0.977719485759735,0.18827370425792408,0.12066385525778806,controversial,milliondollarextreme
,detoxify_toxicity,7351,0.1647082389710304,0.0036601976025849,0.7928532958030701,0.959682136774063,0.15344851040674737,0.07645218337641137,controversial,milliondollarextreme
,detoxify_severe,7351,0.005801935094972035,3.941020167985698e-06,0.0021530727390199,0.0170987853780388,0.0008162154808869542,0.0,controversial,milliondollarextreme
,detoxify_identity,7351,0.05156683988010032,0.0003079999005421,0.1157503724098205,0.4268475472927093,0.041082845871310024,0.005305400625765202,controversial,milliondollarextreme
,detoxify_insult,7351,0.07245698244592734,0.00065374141559,0.2464286237955093,0.5862302184104919,0.05808733505645491,0.011835124472860835,controversial,milliondollarextreme
,detoxify_threat,7351,0.00805194681150557,8.863227412803099e-05,0.0029986668378114,0.009493303019553399,0.005033328798802884,0.00013603591348115902,controversial,milliondollarextreme
,toxigen_toxicity,46762,0.1075247783472202,0.0012583046336658,0.5829259693622592,0.9622294902801514,0.10495701638082204,0.06828193832599119,normal,funny
,detoxify_toxicity,46762,0.09166248133803581,0.0022135749459266,0.31840151250362436,0.8556126564741111,0.08017193447671186,0.04430948205808135,normal,funny
,detoxify_severe,46762,0.0022416161846437305,2.8641583185162744e-06,0.00011793856465366,0.001658117020269825,8.55395406526667e-05,0.0,normal,funny
,detoxify_identity,46762,0.021904695269263114,0.0001691700745141,0.00899086762219662,0.06362447589635768,0.017428681407980838,0.002373722253111501,normal,funny
,detoxify_insult,46762,0.04037118855624856,0.00026644191530065,0.04365256689488887,0.27602773606777153,0.03212009751507634,0.00945211924211967,normal,funny
,detoxify_threat,46762,0.0034962736307265875,7.192186239990406e-05,0.001162561622913912,0.0031069846823811374,0.0017107908130533339,6.415465548950002e-05,normal,funny
,toxigen_toxicity,28646,0.039392105935318576,0.0007461989298462,0.010561102535575548,0.1826513595879078,0.036200516651539484,0.020002792711024227,normal,gaming
,detoxify_toxicity,28646,0.04689985050700519,0.000620746606728,0.0364194847643375,0.3609050512313842,0.042798296446275225,0.019164979403756197,normal,gaming
,detoxify_severe,28646,0.0009205710251019028,1.6729385947655828e-06,1.9497482753649816e-05,0.000187296933290725,0.0001047266634085038,0.0,normal,gaming
,detoxify_identity,28646,0.005674919709358306,9.385869634570554e-05,0.0010443119099363,0.0037957493914291,0.004119248760734483,0.0003839977658311806,normal,gaming
,detoxify_insult,28646,0.018038033855786263,0.0001290080399485,0.0041402929928153,0.043932168744504424,0.01326537736507715,0.003141799902255114,normal,gaming
,detoxify_threat,28646,0.0018755357638324643,2.7266167307971045e-05,0.00026560925471125,0.0007946966361487,0.0009774488584793689,3.4908887802834604e-05,normal,gaming
,toxigen_toxicity,8015,0.0709478103138154,0.0010516720358282,0.06911932826042194,0.8783365130424499,0.067747972551466,0.04766063630692452,normal,gifs
,detoxify_toxicity,8015,0.06439475705636534,0.0017821996007114,0.11085612624883662,0.5565728902816752,0.05352464129756706,0.0330630068621335,normal,gifs
,detoxify_severe,8015,0.0015095128104637748,2.404872702754801e-06,3.4847851202357596e-05,0.00022749391937392714,0.0,0.0,normal,gifs
,detoxify_identity,8015,0.006675198166771292,0.0001618158858036,0.0022465579677372837,0.0066866321489214,0.00461634435433562,0.0008733624454148472,normal,gifs
,detoxify_insult,8015,0.029159834911598372,0.0002220154856331,0.014282499253749836,0.13946665525436297,0.022707423580786028,0.007236431690580162,normal,gifs
,detoxify_threat,8015,0.003940614943050239,6.39897261862643e-05,0.0009909716667606803,0.002982409764081219,0.001372426699937617,0.0,normal,gifs
,toxigen_toxicity,14862,0.05556730638999275,0.0008665286295581,0.0235709669068454,0.6136110544204657,0.05376127035392276,0.033239133360247614,normal,pics
,detoxify_toxicity,14862,0.048883342172554904,0.00122961087618015,0.05686338469386095,0.3266648918390257,0.040304131341676756,0.022338850760328353,normal,pics
,detoxify_severe,14862,0.0013473543315446453,2.10017401514051e-06,2.6966659606841832e-05,0.00014337676766443,6.728569506122998e-05,0.0,normal,pics
,detoxify_identity,14862,0.011738754221594089,0.00014673710393245002,0.002768420218490017,0.01660283068194978,0.009285425918449738,0.0008747140357959897,normal,pics
,detoxify_insult,14862,0.021264540424542105,0.0001855815935414,0.007793670194223449,0.05259338654577712,0.016955995155429955,0.004238998788857489,normal,pics
,detoxify_threat,14862,0.002279044800370901,4.2196381400572136e-05,0.0004971773189026399,0.001607333600986736,0.0014129995962858296,0.00013457139012245997,normal,pics
,toxigen_toxicity,34678,0.02939498126776136,0.0008014787163119,0.011406404804438266,0.09279961436986922,0.025433992733144933,0.009775650268181555,normal,technology
,detoxify_toxicity,34678,0.027659615139619367,0.00070176151348275,0.011172982677817259,0.08877775035798548,0.022434973181844398,0.00940077282426899,normal,technology
,detoxify_severe,34678,0.00019887632029924385,1.5858790334277728e-06,6.762663679182877e-06,2.8122491949034172e-05,0.0,0.0,normal,technology
,detoxify_identity,34678,0.002625462965366272,9.93906614894513e-05,0.0005381094117182899,0.001789086870849089,0.0014418363227406425,0.0002306938116385028,normal,technology
,detoxify_insult,34678,0.010672179535070579,0.00014268305676514998,0.0015858564525842197,0.010289416136220109,0.007295691793067651,0.0021915912105657767,normal,technology
,detoxify_threat,34678,0.0011252711634118652,2.840841443685349e-05,0.00015054269169919996,0.0004285549948689955,0.000576734529096257,0.0,normal,technology
,toxigen_toxicity,44791,0.0937760370989009,0.0010985474800691,0.3574430346488952,0.9202053546905518,0.08968319528476702,0.05402871112500279,normal,videos
,detoxify_toxicity,44791,0.0874665756231734,0.0022135758772492,0.2972108423709869,0.7297118604183197,0.07258154539974548,0.03235024893393762,normal,videos
,detoxify_severe,44791,0.0012807941793072132,3.337609541631537e-06,0.0001295874390052,0.0007272686925716501,0.0,0.0,normal,videos
,detoxify_identity,44791,0.027711944622325683,0.0001691700745141,0.0197268780320882,0.1475688591599464,0.02136589939943292,0.002232591368801768,normal,videos
,detoxify_insult,44791,0.03579254265823387,0.0002945442975033,0.0382159985601902,0.2086749672889709,0.027237614699381574,0.009108972784711214,normal,videos
,detoxify_threat,44791,0.0045231859109327805,7.699500565649942e-05,0.0014691778924316,0.0054476035293191,0.0022102654551137504,0.00011162956844008841,normal,videos
