platform,community,month,n_nodes,n_edges,mean_degree,median_degree,std_degree,degree_heterogeneity,mean_clustering,er_expected_clustering,normalized_clustering,avg_shortest_path,diameter,giant_component_size,giant_component_fraction,density,degree_assortativity
voat,funny,2014-05,2,1,1.0,1.0,0.0,0.0,0.0,1.0,0.0,1.0,1.0,2,1.0,1.0,
voat,funny,2014-06,23,16,1.391304347826087,1.0,1.0761518325953912,0.7734841296779374,0.0,0.06324110671936758,0.0,1.6666666666666667,2.0,6,0.2608695652173913,0.06324110671936758,-0.5444947209653092
voat,funny,2014-07,30,21,1.4,1.0,0.9684683962230046,0.6917631401592891,0.0,0.04827586206896552,0.0,2.2777777777777777,4.0,9,0.3,0.04827586206896552,-0.22860238353196094
voat,funny,2014-09,15,13,1.7333333333333334,1.0,1.3870146083619754,0.8002007355934473,0.0,0.12380952380952381,0.0,2.717948717948718,5.0,13,0.8666666666666667,0.12380952380952381,-0.40764331210191074
voat,funny,2014-10,4,3,1.5,1.0,1.0,0.6666666666666666,0.0,0.5,0.0,1.5,2.0,4,1.0,0.5,-1.0
voat,funny,2014-11,5,3,1.2,1.0,0.4472135954999579,0.37267799624996495,0.0,0.3,0.0,1.3333333333333333,2.0,3,0.6,0.3,-0.4999999999999998
voat,funny,2014-12,3,2,1.3333333333333333,1.0,0.5773502691896257,0.4330127018922193,0.0,0.6666666666666666,0.0,1.3333333333333333,2.0,3,1.0,0.6666666666666666,-1.0
voat,funny,2015-01,8,5,1.25,1.0,0.4629100498862757,0.3703280399090206,0.0,0.17857142857142858,0.0,1.6666666666666667,3.0,4,0.5,0.17857142857142858,0.16666666666666557
voat,funny,2015-02,49,40,1.6326530612244898,1.0,1.3948398586549342,0.8543394134261472,0.0,0.034013605442176874,0.0,4.3121693121693125,9.0,28,0.5714285714285714,0.034013605442176874,-0.4172335600907029
voat,funny,2015-03,41,29,1.4146341463414633,1.0,0.9480403408109161,0.6701664478146132,0.0,0.03536585365853658,0.0,2.488888888888889,4.0,10,0.24390243902439024,0.03536585365853658,-0.4115834873690695
voat,funny,2015-04,27,19,1.4074074074074074,1.0,0.9306432539361504,0.6612465225335805,0.0,0.05413105413105413,0.0,1.6666666666666667,2.0,6,0.2222222222222222,0.05413105413105413,-0.4999999999999999
voat,funny,2015-05,55,43,1.5636363636363637,1.0,1.5367550753507084,0.9828084784219646,0.0,0.028956228956228958,0.0,3.2294372294372296,7.0,22,0.4,0.028956228956228958,-0.32559834090017375
voat,funny,2015-06,484,450,1.859504132231405,1.0,3.366023844804492,1.8101728232059713,0.0020793272754210867,0.003849905035675787,0.5400983286997092,5.482857142857143,14.0,301,0.621900826446281,0.003849905035675787,-0.167687174216677
voat,funny,2015-07,1955,2152,2.20153452685422,1.0,6.763840406926245,3.0723299246145004,0.004062527500351418,0.0011266809246950973,3.60574800842645,5.502404535249317,16.0,1618,0.8276214833759591,0.0011266809246950973,-0.12771203915655008
voat,funny,2015-08,1093,1349,2.4684354986276302,1.0,8.60903781347855,3.487649492265402,0.026598704128297648,0.0022604720683403207,11.766880246313725,4.075557029393575,11.0,992,0.9075937785910339,0.0022604720683403207,-0.204116131821061
voat,funny,2015-09,612,714,2.3333333333333335,1.0,7.1422305079350314,3.060955931972156,0.01525459104055703,0.0038188761593016913,3.9945236253344336,4.12062465261734,10.0,547,0.8937908496732027,0.0038188761593016913,-0.2076552248993699
voat,funny,2015-10,558,716,2.5663082437275984,1.0,6.240978637493343,2.431889720475758,0.013517363021808221,0.004607375661988507,2.9338530246900323,4.180078271995184,11.0,516,0.9247311827956989,0.004607375661988507,-0.2144239407786462
voat,funny,2015-11,539,720,2.6716141001855287,1.0,6.91650626501571,2.5888867200301857,0.006024687266740289,0.004965825465028864,1.2132297659610294,4.048464491362764,9.0,521,0.9666048237476809,0.004965825465028864,-0.29120279481469663
voat,funny,2015-12,535,661,2.4710280373831774,1.0,5.8673381682719095,2.3744522844368166,0.019463274158046946,0.004627393328432917,4.206098936620599,4.177942191280649,10.0,479,0.8953271028037383,0.004627393328432917,-0.20933576228843814
voat,funny,2016-01,581,766,2.6368330464716006,1.0,7.05597958359769,2.6759295940406385,0.03726987560554386,0.004546263873226898,8.197912977517081,3.9597136562401642,10.0,547,0.9414802065404475,0.004546263873226898,-0.18815949135752402
voat,funny,2016-02,508,643,2.531496062992126,1.0,6.038746696352346,2.3854458178436952,0.016129109187825185,0.0049930888816412744,3.230286816469287,4.1514669009315694,10.0,468,0.9212598425196851,0.0049930888816412744,-0.2244347139846181
voat,funny,2016-03,594,783,2.6363636363636362,1.0,6.597492311356311,2.5024970836179112,0.025860952637995656,0.004445807143952169,5.816930829573988,4.016486742550608,9.0,548,0.9225589225589226,0.004445807143952169,-0.17974474375946
voat,funny,2016-04,585,796,2.7213675213675215,1.0,7.177970353843464,2.6376335785165996,0.03147292254804659,0.004659875892752605,6.754025916654922,4.096330484851254,11.0,554,0.947008547008547,0.004659875892752605,-0.23847534963416187
voat,funny,2016-05,567,764,2.694885361552028,1.0,6.634609860361218,2.4619265646759234,0.01699268912676262,0.004761281557512417,3.568931793153739,3.9466816516573497,9.0,524,0.9241622574955908,0.004761281557512417,-0.2391784412875455
voat,funny,2016-06,556,707,2.5431654676258995,1.0,7.096498823176532,2.790419622125991,0.03875259190556787,0.004582280121848467,8.457054321230645,4.004801738185769,9.0,526,0.9460431654676259,0.004582280121848467,-0.21652739465188792
voat,funny,2016-07,468,572,2.4444444444444446,1.0,5.49859930685789,2.2494269891691365,0.02289084984523811,0.005234356412086605,4.373192813615262,4.163722728528031,10.0,426,0.9102564102564102,0.005234356412086605,-0.2166106985561103
voat,funny,2016-08,445,524,2.3550561797752807,1.0,4.924634966944001,2.091090229284428,0.0036759278761922514,0.005304180585079462,0.6930246467347948,4.666437185180086,11.0,418,0.9393258426966292,0.005304180585079462,-0.25140624777099885
voat,funny,2016-09,447,581,2.5995525727069353,1.0,5.863415476918324,2.2555479502431073,0.03137219913378579,0.005828593212347388,5.382465029010158,4.031874700260846,10.0,414,0.9261744966442953,0.005828593212347388,-0.18443245767321975
voat,funny,2016-10,446,588,2.6367713004484306,1.0,7.244549590247589,2.7475077527639664,0.027850302259689347,0.005925328765052653,4.700212150918831,3.74760478698381,8.0,418,0.9372197309417041,0.005925328765052653,-0.23478025116026452
voat,funny,2016-11,601,812,2.7021630615640597,1.0,6.6211387726508155,2.4503105925881408,0.02621783056085086,0.004503605102606767,5.821520751381047,4.092413793103448,10.0,551,0.9168053244592346,0.004503605102606767,-0.17324820871490867
voat,funny,2016-12,663,937,2.8265460030165914,1.0,8.451304694709576,2.9899759939127257,0.036675820053960015,0.0042697069531972675,8.5897745339399,3.787232441974764,8.0,632,0.9532428355957768,0.0042697069531972675,-0.20053410673514557
voat,funny,2017-01,672,932,2.7738095238095237,1.0,7.799424779854003,2.811809791878696,0.0385878772848849,0.004133844297778724,9.334622812383058,3.8925899900827763,9.0,634,0.9434523809523809,0.004133844297778724,-0.2289387714537799
voat,funny,2017-02,749,1056,2.8197596795727637,1.0,7.8637008368362915,2.7887840562454462,0.029666776964580997,0.0037697321919421974,7.869730647708538,3.9925869027152907,11.0,702,0.9372496662216289,0.0037697321919421974,-0.21283041863143665
voat,funny,2017-03,798,1249,3.130325814536341,1.0,9.378854865537601,2.9961273749795856,0.040033543061598516,0.0039276359028059486,10.192783662303853,3.700805927466528,9.0,785,0.9837092731829574,0.0039276359028059486,-0.266453300795053
voat,funny,2017-04,700,1046,2.9885714285714284,1.0,7.874544614889572,2.6348858654028207,0.03517285502678503,0.004275495605967709,8.226614705834567,3.7528608686395573,9.0,672,0.96,0.004275495605967709,-0.33209178477754503
voat,funny,2017-05,902,1318,2.9223946784922394,1.0,8.250689785678862,2.8232633485137835,0.029113631467596046,0.0032435013079825077,8.975988816759576,4.084036529680366,10.0,876,0.9711751662971175,0.0032435013079825077,-0.16618639744649302
voat,funny,2017-06,736,985,2.676630434782609,1.0,8.857836996108604,3.3093238726578336,0.025223648874717952,0.0036416740609287192,6.926388373232195,3.9174245543121624,9.0,694,0.9429347826086957,0.0036416740609287192,-0.19298896936227142
voat,funny,2017-07,855,1265,2.9590643274853803,1.0,11.05995833086185,3.7376539023268305,0.035618469744367366,0.0034649465193037237,10.279659309582893,3.6705024042447354,9.0,815,0.9532163742690059,0.0034649465193037237,-0.19181916232806615
voat,funny,2017-08,746,1085,2.908847184986595,1.0,9.501381150648825,3.266373427826739,0.033642420805391135,0.003904492865753819,8.616335581111628,3.8603539579560304,10.0,724,0.9705093833780161,0.003904492865753819,-0.18140916781056057
voat,funny,2017-09,638,859,2.6927899686520376,1.0,9.259878414310379,3.438767420448208,0.03754530420904365,0.004227299793802257,8.88162799905739,3.6513230079807815,10.0,589,0.9231974921630094,0.004227299793802257,-0.25565036038253325
voat,funny,2017-10,570,803,2.8175438596491227,1.0,9.267459612268754,3.2891979943917744,0.02349371840543256,0.004951746677766472,4.7445315631593665,3.656057036074098,9.0,544,0.9543859649122807,0.004951746677766472,-0.2208275236586495
voat,funny,2017-11,621,875,2.818035426731079,1.0,8.047083022218974,2.8555648895988472,0.04687138613623539,0.004545218430211418,10.3122406229562,3.9295914765251436,10.0,612,0.9855072463768116,0.004545218430211418,-0.18739841316226968
voat,funny,2017-12,657,921,2.8036529680365296,1.0,10.758694104332772,3.8373843792326987,0.027991379537642275,0.004273861231763002,6.549435749016026,3.5397472695808565,7.0,619,0.9421613394216134,0.004273861231763002,-0.22414678982423986
voat,funny,2018-01,693,1071,3.090909090909091,1.0,11.050807043428446,3.5752611022856735,0.05264582127489586,0.004466631634261692,11.786470339544332,3.478041951726162,9.0,666,0.961038961038961,0.004466631634261692,-0.22971691020442533
voat,funny,2018-02,650,955,2.9384615384615387,1.0,9.646729046504284,3.282918261899363,0.045379170728203154,0.004527675714116392,10.02261946161911,3.6260135326936873,10.0,623,0.9584615384615385,0.004527675714116392,-0.24219720475453288
voat,funny,2018-03,762,1133,2.973753280839895,1.0,8.952310140608162,3.01044145063699,0.04651886615938608,0.003907691564835604,11.904436516432975,3.7345296713717766,9.0,741,0.9724409448818898,0.003907691564835604,-0.26791722474176416
voat,funny,2018-04,624,925,2.96474358974359,1.0,8.271984120056254,2.7901178869811365,0.05722053262259999,0.004758817961065152,12.024106215189725,3.712467526548471,9.0,593,0.9503205128205128,0.004758817961065152,-0.30149869535354135
voat,funny,2018-05,719,1077,2.995827538247566,1.0,8.288242795595409,2.7665954364127665,0.04487678741733136,0.004172461752433936,10.755470051020415,3.7372419452362444,8.0,681,0.9471488178025035,0.004172461752433936,-0.2515135353541342
voat,funny,2018-06,552,777,2.8152173913043477,1.0,5.29101422523155,1.879433624406574,0.007915855693189453,0.005109287461532392,1.5493071691087248,4.2023320659062104,10.0,526,0.9528985507246377,0.005109287461532392,-0.26852484538307975
voat,funny,2018-07,584,849,2.9075342465753424,1.0,7.974552886407158,2.74272019179139,0.029588948473815428,0.00498719424798515,5.932984961588272,3.7467160746230515,8.0,560,0.958904109589041,0.00498719424798515,-0.3505057969701544
voat,funny,2018-08,654,1007,3.079510703363914,1.0,7.81895696167281,2.539025746243306,0.01630514925165749,0.004715942884171385,3.4574526562618426,3.848072762594375,10.0,639,0.9770642201834863,0.004715942884171385,-0.32394808383777146
voat,funny,2018-09,727,1034,2.844566712517194,1.0,7.226313643101661,2.540391691748021,0.01790966362750305,0.003918135967654537,4.570965320078996,3.9446106701283226,10.0,686,0.9436038514442916,0.003918135967654537,-0.31901811480797854
voat,funny,2018-10,890,1368,3.0741573033707863,1.0,8.507464175762774,2.7674134197473936,0.03686412676435203,0.003457994716952516,10.660550342552256,3.866401168953958,10.0,836,0.9393258426966292,0.003457994716952516,-0.31898435076591464
voat,funny,2018-11,737,1078,2.925373134328358,1.0,7.307948278875742,2.498125176962626,0.03387966423747838,0.0039746917585983125,8.52384695346191,3.948482118870399,10.0,712,0.966078697421981,0.0039746917585983125,-0.3449158901718735
voat,funny,2018-12,689,1035,3.0043541364296082,1.0,8.173001047976138,2.7203853729736998,0.0333672024435437,0.004366793802950012,7.641121598414448,3.818753709198813,10.0,675,0.9796806966618288,0.004366793802950012,-0.34947785523660835
voat,funny,2019-01,790,1217,3.081012658227848,1.0,8.236739174607346,2.673386995866805,0.032316486119498784,0.0039049590091607706,8.275755531283808,3.8481434702303345,8.0,768,0.9721518987341772,0.0039049590091607706,-0.3368715793165012
voat,funny,2019-02,668,916,2.7425149700598803,1.0,7.458602649661174,2.719621490160297,0.0227379486494057,0.004111716596791425,5.530037908534173,3.9404867371931838,10.0,620,0.9281437125748503,0.004111716596791425,-0.29249472429485074
voat,funny,2019-03,883,1374,3.112117780294451,1.0,9.707157768875033,3.119148584394707,0.048367680577435665,0.0035284782089506244,13.707801979545255,3.6639922155912723,9.0,834,0.9445073612684032,0.0035284782089506244,-0.32001420166027456
voat,funny,2019-04,823,1264,3.0716889428918592,1.0,9.805949975901862,3.1923642524395697,0.03619410720482185,0.003736847862398855,9.685732076228327,3.715684641339461,9.0,783,0.951397326852977,0.003736847862398855,-0.3238178771438526
voat,funny,2019-05,913,1514,3.3165388828039433,1.0,10.276843341229062,3.0986651157668867,0.022233284181451155,0.003636555792548183,6.1138300770774086,3.749150091142368,9.0,893,0.9780941949616648,0.003636555792548183,-0.31980042032580286
voat,funny,2019-06,907,1429,3.151047409040794,1.0,9.240967578860756,2.9326653583018563,0.040137672762020446,0.003477977272671958,11.540521865223305,3.771590577166488,8.0,884,0.9746416758544653,0.003477977272671958,-0.30711260040652893
voat,funny,2019-07,846,1268,2.9976359338061465,1.0,8.359666146038137,2.788752980894426,0.03160394709373279,0.00354749814651615,8.908798761394621,3.9118742758682155,10.0,821,0.9704491725768322,0.00354749814651615,-0.28914884188480994
voat,funny,2019-08,878,1463,3.3325740318906605,1.0,9.569578865393694,2.8715277661707668,0.05161508973160786,0.0037999703898411183,13.58302419134533,3.6738891621577308,9.0,856,0.9749430523917996,0.0037999703898411183,-0.3347599494937712
voat,funny,2019-09,806,1352,3.3548387096774195,1.0,9.879806629801825,2.944942360806313,0.047690020673186125,0.004167501502704869,11.443312172109229,3.629004392149236,8.0,786,0.9751861042183623,0.004167501502704869,-0.349782949691086
voat,funny,2019-10,742,1344,3.6226415094339623,1.0,9.511293069137317,2.62551319095978,0.04609798028371432,0.004888854938507371,9.429197810845377,3.531179618180994,8.0,728,0.9811320754716981,0.004888854938507371,-0.38373973327607397
voat,funny,2019-11,819,1406,3.4334554334554332,1.0,9.8958589126945,2.8821865040884767,0.06146448253542686,0.004197378280507865,14.643541379355954,3.5751577850263456,8.0,789,0.9633699633699634,0.004197378280507865,-0.3106131568777257
voat,funny,2019-12,807,1313,3.254027261462206,1.0,8.515561904835591,2.616930105560671,0.02580473692396903,0.004037254666826558,6.391654491355775,3.800530525940362,9.0,793,0.9826517967781908,0.004037254666826558,-0.32835359613967924
voat,funny,2020-01,626,1027,3.281150159744409,1.0,7.070900092280755,2.155006551980405,0.01979552543590527,0.005249840255591054,3.7706910062307393,3.8089098907575405,8.0,617,0.9856230031948882,0.005249840255591054,-0.4103877453905583
voat,funny,2020-02,708,1114,3.146892655367232,1.0,8.306089445249057,2.6394575077362354,0.029267964292353368,0.0044510504319197055,6.575518462443102,3.718325756941107,8.0,674,0.9519774011299436,0.0044510504319197055,-0.32235089590082555
voat,funny,2020-03,759,1218,3.2094861660079053,1.0,8.29881350991223,2.5857140615859535,0.03173509421279698,0.004234150614786154,7.495031967444493,3.8225439346442482,9.0,726,0.9565217391304348,0.004234150614786154,-0.28199711870702426
voat,funny,2020-04,821,1349,3.2862362971985384,1.0,9.910559438207404,3.0157780944285686,0.04201606961156406,0.004007605240486023,10.48408390804194,3.662950233497218,11.0,806,0.9817295980511571,0.004007605240486023,-0.2562775925813074
voat,funny,2020-05,831,1373,3.3044524669073407,1.0,9.924411519434049,3.0033452194645647,0.031322821801309166,0.0039812680324184824,7.867549119088482,3.6571165862119406,8.0,819,0.9855595667870036,0.0039812680324184824,-0.24456042027200295
voat,funny,2020-06,1024,1713,3.345703125,1.0,9.321645790741298,2.7861544920370958,0.020879776490960702,0.0032704820381231673,6.384311623659913,3.8719245028648466,8.0,990,0.966796875,0.0032704820381231673,-0.23625591461737241
voat,funny,2020-07,1024,1761,3.439453125,1.0,10.139700922290535,2.948056145492762,0.02852180118565358,0.00336212426686217,8.483267994217426,3.752155844155844,9.0,1001,0.9775390625,0.00336212426686217,-0.189210636518777
voat,funny,2020-08,863,1366,3.1657010428736965,1.0,7.635193331225119,2.411849137938242,0.02872410000784399,0.003672507010294311,7.821387386689309,3.9775836760794685,9.0,830,0.9617612977983777,0.003672507010294311,-0.2880783206479305
voat,funny,2020-09,902,1517,3.3636363636363638,1.0,9.37187845317553,2.7862341347278603,0.030697494301424856,0.0037332257088083945,8.22278016274113,3.8107367660716127,9.0,881,0.9767184035476718,0.0037332257088083945,-0.3208477636486661
voat,funny,2020-10,860,1507,3.5046511627906978,1.0,10.85254010680935,3.096610647596563,0.03586535742385384,0.004079919863551452,8.79070144104107,3.630163459901243,9.0,840,0.9767441860465116,0.004079919863551452,-0.31616952597570236
voat,funny,2020-11,769,1238,3.2197659297789336,1.0,10.319874860318793,3.205163072530352,0.02734357425330661,0.004192403554399653,6.522171326901801,3.6727802475499143,8.0,748,0.9726918075422627,0.004192403554399653,-0.2358154525016281
voat,funny,2020-12,675,1017,3.013333333333333,1.0,9.654942923117915,3.2040739789108126,0.011424361564093538,0.00447082096933729,2.5553162701987984,3.7584611434040665,9.0,655,0.9703703703703703,0.00447082096933729,-0.25401725569347205
