month,reddit,voat
2013-11,,0.07120473460519051
2013-12,,0.1303148418907464
2014-01,0.09941134778011629,0.0006368530448526144
2014-02,0.09632961513891912,
2014-03,0.10583801854385584,0.0029063803667668253
2014-04,0.11132488046446341,0.002808629476930946
2014-05,0.12496806135776117,0.08023817253124434
2014-06,0.12886539815953693,0.0069891917308268605
2014-07,0.1258685101800716,0.010588692627869831
2014-08,0.12975734003748882,0.00861759763008902
2014-09,0.12108356801123465,0.024036666537928127
2014-10,0.11081160499688004,0.01280223709389767
2014-11,0.12001752712336221,0.03342036167082875
2014-12,0.11934879471552766,0.04040642293128056
2015-01,0.12559148743241408,0.019507483045324788
2015-02,0.12175263565562122,0.03122669234242703
2015-03,0.11825624447794551,0.013639168108865203
2015-04,0.1372864447602871,0.026723075798090024
2015-05,0.11920803571490053,0.020718360994982907
2015-06,0.1270731652478446,0.02727184479981945
2015-07,0.13385489404799833,0.020918218798191775
2015-08,0.12968893311391622,0.0541640416318477
2015-09,0.13296904904321613,0.08706120728954593
2015-10,0.1235411732592024,0.08359711360074039
2015-11,0.12721512543874078,0.13792350312089385
2015-12,0.12874437862900476,0.10579036177666479
2016-01,0.11227038927617879,0.09629403413019226
2016-02,0.11573700212205719,0.09451836897585601
2016-03,0.12387267843550943,0.11531282843439834
2016-04,0.10784146071103655,0.14835321945949023
2016-05,0.11987053128860066,0.1337159558167817
2016-06,0.11864459634760692,0.1268220838962392
2016-07,0.11990027456539613,0.1559718491950965
2016-08,0.11639319279329803,0.13609818824629835
2016-09,0.11056219381986947,0.12313059406684866
2016-10,0.1004505422210059,0.1306081220872228
2016-11,0.12380187871293542,0.11522254512189345
2016-12,0.10609588087431297,0.13178119325418683
2017-01,0.11432772073403404,0.15512509477745934
2017-02,0.12148782119320313,0.15397836010891874
2017-03,0.12161557664968181,0.17958972381814256
2017-04,0.12414548663219861,0.180799178068792
2017-05,0.12913389387423102,0.1986171058389359
2017-06,0.11269285603437253,0.21694322403426566
2017-07,0.1153612149013324,0.23033897700344352
2017-08,0.12664773260940124,0.20242672389067592
2017-09,0.10163059296933674,0.16800278104647223
2017-10,0.1167206799419236,0.2294089058969904
2017-11,0.12114389262758239,0.24754131896503773
2017-12,0.10683585236642767,0.3131329912345488
2018-01,0.10047711230199348,0.32530066325671214
2018-02,0.09684357981111841,0.2775531413559091
2018-03,0.09807389145035732,0.32460300462383507
2018-04,0.10183925820444802,0.3231743479280946
2018-05,0.10692479743760157,0.4605951676975868
2018-06,0.1158689618206457,0.3717214822609094
2018-07,0.10594690761969167,0.3926540748931277
2018-08,0.10762828225719555,0.3544741102596163
2018-09,0.10758902287169335,0.43075242885533954
2018-10,0.10439524343251927,0.33913186462574396
2018-11,0.10374660236044851,0.3897052325367743
2018-12,0.09945237143558476,0.43145543226394995
2019-01,0.09088101880257543,0.37048149656382323
2019-02,0.09834998471918273,0.3903057286038853
2019-03,0.10071010237098865,0.451247315186063
2019-04,0.08879579865666691,0.42493177954065686
2019-05,0.09070524504283432,0.38720584561464916
2019-06,0.10091863795083633,0.44562559112738304
2019-07,0.1037795923095675,0.4543871193272935
2019-08,0.11064185122103669,0.42514747091121946
2019-09,0.09338562060498667,0.4717488904645997
2019-10,0.11757547549918944,0.4772932400932386
2019-11,0.09589393164507957,0.4041705918640623
2019-12,0.09518657221221172,0.3759290625373776
2020-01,0.09781424487979773,0.39952131150332404
2020-02,0.09796343094098524,0.4428894192277868
2020-03,0.09829311777683715,0.3874031859094329
2020-04,0.10506565278885233,0.40206632327311276
2020-05,0.12653421226024544,0.39319705359230284
2020-06,0.15973047506804142,0.5282099884233806
2020-07,0.12161538800761003,0.44024270900206625
2020-08,0.10125092887461679,0.49834569897777525
2020-09,0.10882943718509337,0.30926015286412073
2020-10,0.10300013932390828,0.419799964199312
2020-11,0.0942602327757211,0.46847810401393675
2020-12,0.08463812600803618,0.43636462483183197
2021-01,0.016391418271225467,
