month,total_active_users_voat,ei_index,degree_assortativity_voat,mean_degree_voat,toxicity_mean_voat,reputation_mean_voat_agg,reputation_median_voat
2013-11,7.0,,,,0.05169231152836289,,
2013-12,6.0,,,,0.08695411797574094,,
2014-01,1.0,,,,0.0006368530448526,,
2014-02,0.0,,,,,,
2014-03,2.0,,,,0.0029063803667667503,,
2014-04,2.0,,,,0.0028086294769309,1.4437912260005814,1.4437912260005814
2014-05,26.0,,-1.0,1.2424242424242424,0.07637333511587566,1.9409613871562565,1.4813158450952966
2014-06,150.0,,-0.534999176962074,1.3851132178271763,0.06635499021912847,3.255214457048616,1.9003746991039665
2014-07,118.0,,-0.30080955820392435,1.1983816183816185,0.04885398669452068,3.0246096269559297,2.0020783893441507
2014-08,25.0,,-0.4999999999999988,1.5,0.04340437542996365,2.8118204037129586,2.8771997988565405
2014-09,77.0,,-0.42862872887628595,1.6528138528138527,0.04903911164661994,3.473665589933369,1.7856068617163563
2014-10,34.0,,-0.8513698630136985,1.4580645161290324,0.017298381833323856,3.2575264297680158,2.6337209461551625
2014-11,44.0,,-0.4644229291532198,1.6323232323232322,0.018668936601247684,2.1174821605928233,1.828302900752435
2014-12,42.0,,-0.6400000000000016,1.1422764227642275,0.01618455899888572,2.7332832926683475,2.371761630091201
2015-01,57.0,,-0.17739167739167816,1.3484623015873016,0.04987772401556372,2.1385393343178443,1.8663635821905082
2015-02,552.0,,-0.3821255786441943,1.8930202170594537,0.08052429634171152,3.4729833223592657,1.73762307319598
2015-03,524.0,,-0.3644886629631018,1.8453679845758724,0.07326217601854305,3.841230193868005,1.8611808613081495
2015-04,453.0,,-0.3826440952030089,1.8570213958460473,0.08225133966142588,3.866653756547882,1.8306855474156483
2015-05,756.0,,-0.3058177541827207,1.8291572452987725,0.07061627676194243,3.7208030183904928,1.8516720729413794
2015-06,3695.0,,-0.20343106283815346,2.0370680952084816,0.09016181144990608,3.329650738408698,1.7090941856320043
2015-07,11267.0,-0.3504512871206478,-0.14289891563241655,2.2468500308807555,0.08360189018304849,3.3708996530193187,1.638604814007949
2015-08,5634.0,-0.16133652293715284,-0.2081771629833753,2.428339138006589,0.1088979832238419,4.628531214262535,1.843125345740808
2015-09,4146.0,-0.20589388064839417,-0.21030233725273148,2.4586452917507042,0.12139846704530831,4.800621039188834,1.8307487877168998
2015-10,3784.0,-0.16315428989147865,-0.26730743571048854,2.573573397508098,0.12135765624768312,4.5602305144202955,1.8535102982505054
2015-11,3252.0,-0.19783388120730314,-0.26141307074268977,2.659184008388133,0.14608089281164152,5.472423267382613,1.8734962104566992
2015-12,3089.0,-0.23094388106895516,-0.24749170983278823,2.5218111368923064,0.13683089831530584,5.384801214068166,1.8861760146759252
2016-01,3652.0,-0.24071925943101796,-0.21650003192694006,2.5567003150212524,0.1267459394976535,4.654972542381971,1.8378650925007007
2016-02,3130.0,-0.17602119365695706,-0.2290745095686562,2.5041110079027127,0.12606164359892025,5.300603874775737,1.863243210323577
2016-03,3133.0,-0.17730555397937736,-0.23351146269124473,2.5510624651003773,0.137430223757498,5.092954690250413,1.8460906735693712
2016-04,3138.0,-0.2799873648375618,-0.23200311559448517,2.604510091655134,0.14549588556845364,5.1367596910574225,1.8552177720953344
2016-05,2956.0,-0.23366710352040504,-0.22714397141294804,2.5010560168415905,0.14081886822463832,5.027006751585249,1.8431581575984701
2016-06,3130.0,-0.288519173956617,-0.2338410597437498,2.379943846944158,0.14256009388342522,4.766607468776837,1.802015349194582
2016-07,2653.0,-0.3112657992450798,-0.22781881390634617,2.2911257671190373,0.14424236313132444,5.023269672883594,1.781366052314479
2016-08,2918.0,-0.2938668155468941,-0.24154987090359367,2.343218408077747,0.14396497853927415,4.5866298223152056,1.8071015168355322
2016-09,2544.0,-0.2924030657313542,-0.2530853566558158,2.3669758440698554,0.14461120733991906,5.053981919148616,1.812518477457288
2016-10,2317.0,-0.20782972110737835,-0.25783958485078684,2.251861076922121,0.1430119405626261,5.118385307778836,1.8159748234219883
2016-11,2408.0,-0.3006395959316308,-0.23597937649699613,2.252666901704799,0.14575114503283806,4.7392421941500364,1.8451630071151066
2016-12,2730.0,-0.31280246734412437,-0.2371226755146339,2.364459264207249,0.15706162455080955,4.26429117639712,1.7504376449930106
2017-01,2763.0,-0.3648608908082897,-0.23599966745794704,2.296917515594959,0.1591464457446146,3.770040144503884,1.7349299211545748
2017-02,2868.0,-0.526255486188153,-0.2516342095474264,2.3066152451908466,0.16625802016638946,3.845088563993647,1.7940801273196914
2017-03,2881.0,-0.5237590860662366,-0.2952706990466863,2.496981856814126,0.17656089583378004,4.161227863453358,1.7112341885461395
2017-04,2390.0,-0.5054525467095169,-0.288346406218985,2.3261769195471977,0.17639155449747138,3.8045975334487894,1.7624528554379526
2017-05,2670.0,-0.42045604780576445,-0.2567993833343894,2.3778343667830746,0.19495728512733582,3.680142516475734,1.717583734758864
2017-06,2480.0,-0.4526480466181713,-0.265295563193376,2.2751935428234504,0.19680461335862584,3.7690843174290487,1.7388353198977426
2017-07,2463.0,-0.44184141548149164,-0.27412299531970785,2.4030339740173043,0.1968025437042993,3.628416106017201,1.7129699921379928
2017-08,2677.0,-0.44310882313192157,-0.2858754557682312,2.3726102595398606,0.18166279770435395,3.6941822057370532,1.7362405023587604
2017-09,2703.0,-0.42604314140032695,-0.29314080879735405,2.2812207855493614,0.17824583091578014,3.706901186630162,1.6839526309245083
2017-10,2172.0,-0.3907855377769921,-0.28055707198632757,2.335566061564618,0.19474424057610148,4.134861222906355,1.8439395105618057
2017-11,2070.0,-0.464251686034067,-0.30174380185538235,2.3693051170782597,0.20722750694787367,3.900019723960497,1.7408399066118712
2017-12,1975.0,-0.42544541883623793,-0.28056230422012784,2.367697508368524,0.215114944904035,3.772774981300925,1.836247496716964
2018-01,2362.0,-0.536618568087353,-0.3262239061690521,2.544281744620882,0.21510522252500686,3.5131021239474447,1.6790953121069585
2018-02,2125.0,-0.5093177045727414,-0.3148805767560606,2.4533482134672386,0.20246937300070514,4.08018511274139,1.7636356055903195
2018-03,2377.0,-0.5921756187696794,-0.31894065492951396,2.4635948499830946,0.2157893113496339,3.5971688965329407,1.7637984607609944
2018-04,2049.0,-0.6143087778640595,-0.3697349500173046,2.4128860921183746,0.22011981297451755,3.6035518978640395,1.7559739039069642
2018-05,2337.0,-0.5828171487051047,-0.3265889560257979,2.44632008523272,0.24628426540087436,3.2913151770154996,1.7169238788270835
2018-06,1956.0,-0.5621583127827684,-0.3228391052865689,2.330175249851781,0.22094704407559357,3.359163708276292,1.7347288731074388
2018-07,1836.0,-0.56936777984962,-0.3622592418024355,2.4463677592468187,0.23926610667230214,3.7801478815596616,1.7987214896383183
2018-08,2102.0,-0.6599024708855181,-0.3347050928361622,2.5055594068330587,0.23181685492594276,3.866837868201705,1.8083250328000295
2018-09,2342.0,-0.5934063987049354,-0.3492576012768506,2.422816808535695,0.25035618790257025,3.809941241495501,1.808185660267932
2018-10,2618.0,-0.24466109996981317,-0.3381154424591503,2.482127357089435,0.2328546552901274,3.6928821410555863,1.7569705029220832
2018-11,2208.0,-0.2063879206612078,-0.35373979370368863,2.416005938763066,0.23017047525694564,3.7814422367508085,1.6911630140230183
2018-12,2192.0,-0.22276847219535198,-0.32389439644548446,2.4665480547183933,0.24068367379625052,3.9483837610309864,1.7808685265483861
2019-01,2334.0,-0.15300355457212786,-0.3358061499171784,2.540537646147016,0.22912076005918056,3.7619372979849426,1.707337881667296
2019-02,2114.0,-0.09527535224069686,-0.3083898698114536,2.342749181436732,0.23636118007361478,4.203241023132202,1.7445131243602636
2019-03,2550.0,-0.11876691315072964,-0.3242702019457632,2.528516238284775,0.2378137208699319,4.093874624666793,1.6999506936237703
2019-04,2310.0,-0.011906440772928857,-0.3398547165807829,2.5272455317032665,0.24695772509208888,4.55189496995911,1.7861357470510066
2019-05,2508.0,-0.06620422133727955,-0.3443414872303763,2.6582431310452925,0.2564156179424147,4.1387094073232324,1.7635752523555845
2019-06,2306.0,-0.03322068788352773,-0.3701350386996775,2.5857228066725777,0.25403557436397134,4.210007985269964,1.7950872502857018
2019-07,2105.0,0.007601597331028655,-0.335267537776242,2.4527070651126244,0.24908459171084207,3.6764940818161365,1.7247518463298481
2019-08,2119.0,0.0033846030422250983,-0.38901014824064617,2.652820259159797,0.2447099251750314,3.5028562899746736,1.7709030267021302
2019-09,2136.0,-0.037613411516103694,-0.37305779942077155,2.691733854610186,0.25337423596065545,3.5844970442055537,1.762052585274063
2019-10,1933.0,-0.022985026580539015,-0.3689634212798462,2.719115168776853,0.25836447969193255,3.617279220434225,1.720706213678088
2019-11,2156.0,-0.003462219772973309,-0.36430338547361224,2.69329972450885,0.23988760602678935,3.4716126701410115,1.8303356766418346
2019-12,1937.0,0.007428377407970586,-0.3334697892764077,2.603478794738803,0.2462124918962391,3.456200873129426,1.8553250477880148
2020-01,2032.0,0.045051151767009204,-0.40378561814003033,2.674539089705945,0.23694693970578395,3.3767689816011273,1.7271239415568371
2020-02,2028.0,0.03862465208457261,-0.32643879792310854,2.59025068480508,0.23691459782269061,3.764834683299328,1.8159116201679666
2020-03,2197.0,0.04046050150208834,-0.3181809856474874,2.605893034223441,0.2507905127298736,3.5587638270863415,1.7434228406275651
2020-04,2306.0,0.054269149309639386,-0.35735973296514373,2.64385780009862,0.2485276364586134,3.383935348272957,1.818022569284603
2020-05,2290.0,0.05293454285988235,-0.3583569623414007,2.6656600000474593,0.23694924486096952,3.6408950810531793,1.7797080298661572
2020-06,2680.0,0.109061703741494,-0.3264161225051527,2.7652917907613417,0.28018195697729975,3.2536099094254505,1.7307798375113779
2020-07,2383.0,-0.5036684490508436,-0.294175188130729,2.7915143217126692,0.2793262533452121,3.860304086545382,1.8143408923281517
2020-08,2172.0,-0.38255359015502477,-0.32904818351781334,2.6559520712696503,0.26952745950226104,3.8206155190952638,1.8296947754441042
2020-09,2038.0,-0.3008630803900251,-0.3570028668428787,2.74460442856786,0.23602874751913017,4.436543504021044,1.9082348107798783
2020-10,1964.0,-0.2823861836137013,-0.3583877001256714,2.8371691300649236,0.251396675547867,4.343022926731828,1.8692505145245748
2020-11,1825.0,-0.24188441559431575,-0.35419879944821175,2.6698119704273466,0.26079434749011426,4.300068769054239,1.837491391409843
2020-12,1614.0,-0.18139323908072305,-0.3658710524207363,2.515837992580306,0.24181730216404881,4.731420803247068,1.8673421071367529
2021-01,0.0,,,,,,
