month,n_nodes,n_edges,n_newcomers,n_existing,newcomer_gini,existing_gini,newcomer_hub_rate,newcomer_degree_share,newcomer_pop_share,degree_share_ratio,mean_newcomer_degree,mean_existing_degree
2014-05,5,3,0,5,,0.1,,0.0,0.0,,,1.2
2014-06,78,55,0,78,,0.24565018315018314,,0.0,0.0,,,1.4102564102564104
2014-07,66,41,0,66,,0.15539321789321786,,0.0,0.0,,,1.2424242424242424
2014-08,4,3,0,4,,0.16666666666666666,,0.0,0.0,,,1.5
2014-09,57,49,0,57,,0.2875243664717349,,0.0,0.0,,,1.719298245614035
2014-10,20,15,0,20,,0.20555555555555555,,0.0,0.0,,,1.5
2014-11,21,17,0,21,,0.2626984126984127,,0.0,0.0,,,1.619047619047619
2014-12,28,16,0,28,,0.08673469387755102,,0.0,0.0,,,1.1428571428571428
2015-01,31,21,0,31,,0.1693548387096774,,0.0,0.0,,,1.3548387096774193
2015-02,419,400,0,419,,0.3871708435409483,,0.0,0.0,,,1.909307875894988
2015-03,391,368,0,391,,0.3833192245910381,,0.0,0.0,,,1.8823529411764706
2015-04,321,301,0,321,,0.38570893991141286,,0.0,0.0,,,1.8753894080996885
2015-05,619,574,0,619,,0.39836118625098266,,0.0,0.0,,,1.8546042003231018
2015-06,2985,3065,0,2985,,0.45603739941619603,,0.0,0.0,,,2.053601340033501
2015-07,9109,10307,8185,924,0.4272380415704777,0.6740108192583685,0.04074452620535369,0.7953005014086006,0.8985618618948293,0.8850815231925404,2.0043837867255303,4.616467788196433
2015-08,4940,6015,4323,617,0.43512996206522514,0.7043196517071867,0.03713360026543429,0.7336260827209508,0.8751012145748988,0.838332835679273,2.055915069545189,5.44895105964367
2015-09,3687,4534,3230,457,0.45086816458941226,0.6913708942507486,0.039342973665513564,0.7445348249147278,0.876050989964741,0.8498761298639633,2.093789619245589,5.243765793272112
2015-10,3309,4261,2894,415,0.45607589090663436,0.6893508826649928,0.022837457832456103,0.7309490208772543,0.8745844666062255,0.8357672115006339,2.162513053695991,5.749983470281631
2015-11,2810,3726,2477,333,0.47079533659035044,0.6817610791912023,0.031709055237152846,0.7502193778802734,0.8814946619217082,0.8510764843938506,2.262497721069187,5.704896597920017
2015-12,2629,3315,2327,302,0.45846756972717395,0.677471682209556,0.036747858895773755,0.7644698629855607,0.8851274248763789,0.863683399135814,2.1856401723898267,5.258602735060303
2016-01,3028,3890,2732,296,0.45677172186547915,0.7078793201734402,0.025844874134397764,0.7731568311421788,0.9022457067371202,0.8569249211927223,2.212158790254326,6.204754589535413
2016-02,2632,3302,2354,278,0.4413316273797397,0.6982585565411505,0.02751756254264701,0.7552422491195128,0.8943768996960486,0.8444339845720296,2.131709812458463,5.916595166915039
2016-03,2638,3365,2376,262,0.4374627954296207,0.6994482334857876,0.028504605305823754,0.7435631955858284,0.9006823351023503,0.8255554334829188,2.1163133672678778,6.863701170806121
2016-04,2737,3564,2487,250,0.46593610151346176,0.7005772570114804,0.037498277667639746,0.7911956061876317,0.9086591158202412,0.8707287390975263,2.2815318530867987,6.283424523380032
2016-05,2529,3162,2319,210,0.43635250440360757,0.7091339715189098,0.022469487702843013,0.769805301752611,0.9169632265717675,0.8395160017819547,2.1142202774143297,7.499754975321132
2016-06,2622,3125,2408,214,0.4351988050631341,0.7127454136441772,0.020138237586581634,0.7881356348748775,0.9183829138062548,0.8581775891370136,2.048966449574596,6.439463521996453
2016-07,2135,2444,1964,171,0.41916104787439085,0.6611512750124259,0.025595024365052118,0.7953581776301539,0.9199063231850118,0.8646077949289096,1.9826827297299083,6.229413276358298
2016-08,2402,2814,2218,184,0.4317892238143863,0.7008593645647657,0.021672887081726926,0.8021466509642846,0.9233971690258118,0.8686908275997347,2.039567554209991,6.154207464365666
2016-09,2079,2464,1900,179,0.42653596893983015,0.6751630404535142,0.0389844077839581,0.7953465654275044,0.9139009139009139,0.870276583959885,2.0763765632729116,6.3294857212777025
2016-10,1773,2004,1636,137,0.3870091817604914,0.7213435656208432,0.02235207168879551,0.7657012685133686,0.9227298364354202,0.82982172926296,1.8872558106798456,7.23678671303737
2016-11,1926,2189,1792,134,0.4043368324705057,0.7132263234179603,0.031144612765103243,0.7965973311667413,0.9304257528556594,0.8561643190999685,1.956566584145805,7.274795746407896
2016-12,2232,2649,2081,151,0.432717092951869,0.7156012305507209,0.02420890719613093,0.8059461045069944,0.932347670250896,0.8644265762900585,2.050970100810843,7.219904656421179
2017-01,2233,2578,2104,129,0.42335765807453585,0.7321700065354078,0.029806616270697688,0.8200683645731932,0.942230183609494,0.8703482215265876,2.0135878185419678,7.93531816320422
2017-02,2238,2616,2114,124,0.45784227680978135,0.6681718282294786,0.04239313118596832,0.8662233257778511,0.9445933869526363,0.9170330194374791,2.1413582457063396,7.02926616937658
2017-03,2339,2962,2215,124,0.4882260593841342,0.7028300977767526,0.037278663460845525,0.8702625866769033,0.946985891406584,0.9189815757278902,2.3260184005871802,6.832969576457068
2017-04,1911,2262,1804,107,0.4520344538398403,0.6760053439683426,0.05360708085367305,0.863136898468366,0.9440083725798012,0.9143318253730862,2.1663179951114335,6.400809442489824
2017-05,2167,2620,2065,102,0.45007901846026804,0.7167848110023665,0.019127932963630905,0.8434559042449011,0.9529303184125519,0.8851181329291529,2.141461400531717,9.539213079454866
2017-06,1972,2263,1879,93,0.4403341231541729,0.7265554128693685,0.055498259233892275,0.8524704581889876,0.9528397565922921,0.894662982197277,2.0503265038863447,8.072687162124954
2017-07,1996,2444,1907,89,0.4550591769830295,0.7538400375271618,0.03723445000744,0.8440465652345929,0.9554108216432866,0.8834383556414511,2.1579345047163176,9.395982882573296
2017-08,1978,2397,1898,80,0.4478193535856468,0.6922570517339929,0.020808916743256647,0.8503742009019339,0.9595551061678463,0.8862171598440597,2.1340698674902945,10.63803050951774
2017-09,2003,2311,1920,83,0.43526276610664527,0.7240324761125518,0.02022993038129109,0.843958617742521,0.9585621567648527,0.8804422454886821,2.0251178327935353,11.320938784131496
2017-10,1681,1980,1599,82,0.4370116867199759,0.7126401334902271,0.02419439857204196,0.8314488588996428,0.9512195121951219,0.8740872619201374,2.0530607802238494,9.231631514430443
2017-11,1758,2095,1681,77,0.4502370784897965,0.7253509474819688,0.038443292573921296,0.8536079815477446,0.9562002275312855,0.8927084066394617,2.123494836948989,8.78792900064602
2017-12,1710,2048,1634,76,0.4473936786248833,0.7138102473674403,0.031337771381040956,0.8422254345473353,0.9555555555555556,0.8813987105727927,2.1057002720951505,9.919102417414775
2018-01,2051,2632,1981,70,0.49029749331157935,0.7225815670763732,0.021774463897899932,0.8737492749857881,0.9658703071672355,0.9046238076707983,2.308274987357246,10.171461075897934
2018-02,1810,2238,1739,71,0.47037799348784887,0.6779872729352863,0.024870607862894974,0.8646422198120343,0.9607734806629834,0.8999438860608292,2.212874810817686,10.020386740331492
2018-03,2023,2514,1957,66,0.48206688502091094,0.7046398110690628,0.030259593801866765,0.8911308515588924,0.967375185368265,0.9211843192149409,2.2822702585322414,9.900015058091912
2018-04,1753,2131,1693,60,0.47789041192099785,0.6855399574471138,0.031304225828840404,0.8959027143883156,0.9657729606389047,0.9276535489206835,2.2495228974196624,7.433957371778251
2018-05,2025,2488,1966,59,0.4736148297222333,0.7075789877349654,0.02500267893592246,0.8877125298445193,0.9708641975308642,0.9143529363861402,2.237550755014804,10.17462897985705
2018-06,1662,1948,1600,62,0.4494932283374215,0.7072005116980048,0.02846613084318885,0.8828473912050386,0.9626955475330926,0.9170577276142339,2.1558024954085533,7.911221711678284
2018-07,1629,2004,1570,59,0.47900436920851613,0.7168227410129697,0.05713360048054367,0.8894162732633634,0.9637814610190301,0.9228401969082923,2.2742195216673005,7.995101767477458
2018-08,1838,2319,1786,52,0.4820613377615614,0.6723144639199037,0.03147867685482401,0.9065674046732956,0.9717083786724701,0.9329624242942426,2.34925185151021,8.770132931993649
2018-09,2029,2472,1970,59,0.47586340016951745,0.6987577590782998,0.034793304870953654,0.8937318486621699,0.9709216362740266,0.9204984370231182,2.2469331978027953,9.956695407434687
2018-10,2246,2811,949,1297,0.33892851866944923,0.5664159063559282,0.04331901227409368,0.2895463251383578,0.42252894033837934,0.6852698063864612,1.63181051629532,3.0833108792462838
2018-11,1903,2319,840,1063,0.342829565139586,0.5614243563166605,0.04487826847799775,0.3055076542244607,0.441408302679979,0.6921203166537484,1.6529106034392491,3.0331060175294433
2018-12,1914,2371,791,1123,0.32611671251756036,0.5611201659469722,0.030230924946551715,0.2722436983986169,0.41327063740856845,0.6587540312704838,1.5707531458270452,3.080238545362366
2019-01,2010,2566,889,1121,0.344291779536192,0.5743845647886204,0.028479063715894523,0.29392017817317695,0.44228855721393034,0.6645439349022336,1.671197227735923,3.2323586552031642
2019-02,1803,2124,815,988,0.33501641752335604,0.5581456418808008,0.0449125022863275,0.3202687362446506,0.45202440377149194,0.7085208974835644,1.6307625322519281,2.9522769571624083
2019-03,2166,2769,1044,1122,0.3560955139671527,0.5839106569164626,0.034644511207782384,0.32539272821505083,0.481994459833795,0.6750964073886974,1.6927468960225496,3.345983880633274
2019-04,1980,2519,1003,977,0.3845669699022515,0.5916504294335966,0.039779945604006085,0.36412656999847226,0.5065656565656566,0.7188141660986791,1.8090570741708558,3.3074218071284025
2019-05,2212,2970,1110,1102,0.4136282045162765,0.5868957410346822,0.038886808214133824,0.36430755378339846,0.5018083182640145,0.7259894675395291,1.9279418537017043,3.4419733137599526
2019-06,2027,2646,1035,992,0.42120983538096807,0.5813104530572258,0.04199040784711922,0.3866443851827621,0.5106068080907745,0.7572252838313612,1.9640557278785553,3.2884847674758335
2019-07,1833,2270,1032,801,0.38389016338412085,0.5902226522954864,0.0430192209178405,0.42073396043254147,0.563011456628478,0.7472920053031477,1.8533848906303692,3.2723799241674465
2019-08,1871,2518,1034,837,0.47218666177934143,0.5753158886610862,0.06577421871358188,0.4671924621839719,0.55264564404062,0.8453743682265101,2.2821668614502055,3.207716583048863
2019-09,1923,2609,993,930,0.43073679473902676,0.5913960773913737,0.05505249802667797,0.3975208303075295,0.516380655226209,0.7698213058221341,2.0847382710800413,3.3732475389028895
2019-10,1719,2367,898,821,0.4096584315282866,0.5920532079190413,0.04894821975394852,0.3846637595763693,0.5223967422920303,0.7363441010153439,1.970606757922192,3.5901466807392945
2019-11,1892,2571,1065,827,0.40867468338732577,0.6013474492503376,0.04010357870402142,0.41435572708837876,0.5628964059196617,0.7361136484987912,1.9735741911101286,3.6605524023117
2019-12,1626,2158,964,662,0.40149754700830775,0.6020632647340887,0.04166505914828404,0.4435421193176176,0.5928659286592866,0.7481322468988032,1.9835311661933301,3.6365899006919986
2020-01,1720,2313,991,729,0.4308426441707421,0.6059599338753594,0.04234107634472776,0.4451013612491904,0.5761627906976744,0.7725270851146393,2.0706840415616954,3.5091922702323215
2020-02,1753,2283,1014,739,0.4471754333014661,0.5889240065438223,0.05491465901847246,0.4698552881458301,0.57843696520251,0.8122843393684814,2.126098731074948,3.2602666313953574
2020-03,1818,2385,1059,759,0.41020762910197994,0.5987943433618659,0.033666712533802136,0.43779475281555347,0.5825082508250825,0.7515683291961059,1.9748415579911236,3.563243467203863
2020-04,1879,2515,1101,778,0.40578407551102547,0.6218731488340008,0.035040625138636226,0.4282110883565452,0.5859499733901011,0.7307980336257479,1.9455848940979148,3.7188849564180115
2020-05,1983,2658,1187,796,0.41415616901712404,0.6181685672855501,0.046488374914027165,0.45360544674605685,0.5985879979828542,0.7577924186162012,2.0574478530033904,3.6111317795363655
2020-06,2417,3352,1613,804,0.4013867877587579,0.6481264437074881,0.029145812340082157,0.4814994775408835,0.667356226727348,0.7215029368979017,2.0228360581879445,4.270714355599746
2020-07,2140,3004,573,1567,0.31427358032279573,0.5743510897772856,0.022698920988072965,0.1519970933163857,0.2677570093457944,0.5676680273945295,1.5462318949335516,3.2509142696259565
2020-08,1974,2631,570,1404,0.33811348579168266,0.5591590092098804,0.03078193660357315,0.18488949316478742,0.2887537993920973,0.6403015079075269,1.651603796253908,3.0608640147761874
2020-09,1814,2502,587,1227,0.4426494598922003,0.5513552875110361,0.06004340269062923,0.24705239642202112,0.3235942668136714,0.7634634533382391,2.067903336952495,3.0718369196935633
2020-10,1751,2504,577,1174,0.39409826501014744,0.5683801536008205,0.043739575611889174,0.23081309961332494,0.32952598515134207,0.7004397528993622,1.8949543611799764,3.3024923034654003
2020-11,1656,2217,565,1091,0.4032098449880954,0.5718272965320864,0.04628823163284237,0.24641904725183814,0.34118357487922707,0.7222476853965379,1.9107214450526817,3.057041628774173
2020-12,1414,1791,523,891,0.3494604935115773,0.5625965631330212,0.055832468148801995,0.2588869981930124,0.3698727015558699,0.6999354023803434,1.763867700545565,2.977668587579507
