platform,community,month,active_users,total_activity,rep_active_users,toxicity_mean,toxicity_median,toxicity_std,vader_mean,vader_median,vader_std,textblob_mean,textblob_median,textblob_std,subjectivity_mean,subjectivity_median,subjectivity_std,reputation_mean,reputation_median,reputation_std,n_nodes,n_edges,mean_degree,median_degree,std_degree,degree_heterogeneity,mean_clustering,er_expected_clustering,normalized_clustering,avg_shortest_path,diameter,giant_component_size,giant_component_fraction,density,degree_assortativity
voat,technology,2013-11,2,6.0,0,0.0013155922861187719,0.0013155922861187719,0.00011424540224894142,0.214625,0.214625,0.1420931076794367,0.13958333333333334,0.13958333333333334,0.19740064308124453,0.22916666666666669,0.22916666666666669,0.3240906080438343,,,,,,,,,,,,,,,,,,
voat,technology,2013-12,1,2.0,0,0.0105165273998864,0.0105165273998864,,0.0,0.0,,0.0,0.0,,0.25,0.25,,,,,,,,,,,,,,,,,,,
voat,technology,2014-01,1,1.0,0,0.0006368530448526144,0.0006368530448526144,,-0.296,-0.296,,0.0,0.0,,0.0,0.0,,,,,,,,,,,,,,,,,,,
voat,technology,2014-03,1,2.0,0,0.0007768527721054852,0.0007768527721054852,,0.54135,0.54135,,0.0018939393939393784,0.0018939393939393784,,0.5688131313131313,0.5688131313131313,,,,,,,,,,,,,,,,,,,
voat,technology,2014-05,2,3.0,0,0.0008023467671591789,0.0008023467671591789,0.0002283673891411837,0.06075,0.06075,0.40595000307919693,0.06458333333333333,0.06458333333333333,0.09133462590326237,0.4423611111111111,0.4423611111111111,0.4488163875031281,,,,,,,,,,,,,,,,,,
voat,technology,2014-06,36,65.0,0,0.07213840266394309,0.0017433602479286492,0.22997703537345823,0.04234527777777777,0.0,0.36079871952257114,0.06699523341884453,0.05909090909090908,0.20007947500669568,0.3584048955160067,0.38125,0.26081800279477685,,,,21.0,16.0,1.5238095238095235,1.0,1.2090925365350502,0.7934669771011268,0.0,0.0761904761904762,0.0,1.9047619047619049,3.0,7.0,0.3333333333333333,0.0761904761904762,-0.6614509246088194
voat,technology,2014-07,23,53.0,0,0.04775191360187242,0.0025845917407423258,0.11528636243360527,0.07477427536231883,0.0,0.39894548390457113,0.07140898721514663,0.05714285714285715,0.08413889731251877,0.26543001617276973,0.29444444444444445,0.23034719089637598,,,,13.0,8.0,1.2307692307692308,1.0,0.5991446895152781,0.4868050602311634,0.0,0.1025641025641025,0.0,1.5,2.0,4.0,0.3076923076923077,0.1025641025641025,-0.4
voat,technology,2014-08,7,9.0,0,0.04097249063696446,0.0017508452292531729,0.07883666531177252,-0.029050000000000003,0.0,0.30032210902074236,0.028073593073593077,0.0,0.038756296750928,0.1287770562770563,0.0,0.1648119971117748,,,,4.0,3.0,1.5,1.5,0.5773502691896257,0.3849001794597504,0.0,0.5,0.0,1.6666666666666667,3.0,4.0,1.0,0.5,-0.4999999999999988
voat,technology,2014-09,23,48.0,0,0.07750201764901822,0.0011145109310746193,0.18814918906077854,0.07536739130434782,0.0,0.26312936056408676,0.03853326383045836,0.0,0.1401616278920191,0.3276052088105122,0.36363636363636365,0.28274478892393007,,,,18.0,18.0,2.0,1.0,1.8470962903655976,0.9235481451827988,0.0,0.1176470588235294,0.0,2.933333333333333,6.0,16.0,0.8888888888888888,0.1176470588235294,-0.5669120831528802
voat,technology,2014-10,14,47.0,0,0.004532505525939315,0.0009826416332673815,0.006346584455110297,0.19884773809523812,0.15702142857142856,0.3298367856547408,0.10426207582877749,0.10033820346320346,0.15679040999933938,0.39261124511964846,0.4142721861471862,0.2099352242036373,,,,10.0,9.0,1.8,1.0,1.2292725943057183,0.6829292190587324,0.0,0.2,0.0,2.6444444444444444,5.0,10.0,1.0,0.2,-0.7876712328767124
voat,technology,2014-11,20,56.0,0,0.024939387857715094,0.0012341129671161375,0.058887428122805924,0.08542720833333334,0.008431249999999996,0.2702688234506638,0.049856521223235244,0.0,0.22399519352143943,0.2736042823618581,0.23795660428236184,0.24924818746452226,,,,11.0,10.0,1.818181818181818,1.0,1.3280197150781925,0.7304108432930059,0.0696969696969696,0.1818181818181818,0.3833333333333332,1.9642857142857144,3.0,8.0,0.7272727272727273,0.1818181818181818,-0.3692946058091291
voat,technology,2014-12,12,31.0,0,0.011226896699614977,0.0010392891514735918,0.023188781029556932,0.054822499999999996,0.031083333333333334,0.30456356559697256,0.052090421514249634,0.022727272727272735,0.08309843477769599,0.3132785198421049,0.29583333333333334,0.28155802970890104,,,,8.0,4.0,1.0,1.0,0.0,0.0,0.0,0.1428571428571428,0.0,1.0,1.0,2.0,0.25,0.1428571428571428,
voat,technology,2015-01,20,45.0,0,0.03841763821459608,0.0017032987088896334,0.0780433031967818,0.0223795,0.0,0.40739883966807605,0.12100627705627705,0.08409090909090909,0.26335808788516324,0.4523520447530863,0.49015692640692643,0.2676031730612745,,,,12.0,10.0,1.6666666666666667,1.0,0.9847319278346618,0.590839156700797,0.0,0.1515151515151515,0.0,2.7111111111111112,5.0,10.0,0.8333333333333334,0.1515151515151515,-0.2698412698412707
voat,technology,2015-02,135,311.0,0,0.07360802587397475,0.0023071573523338884,0.18205490794719953,0.1269816192369085,0.0,0.40283245281186325,0.08282897235522282,0.047222222222222214,0.18315700784503008,0.3993391985011773,0.4166666666666667,0.24224668092085527,,,,114.0,119.0,2.087719298245614,1.0,2.4730812836527405,1.184585152674002,0.0,0.0184753920198726,0.0,4.551361681796465,11.0,92.0,0.8070175438596491,0.0184753920198726,-0.38569234659578
voat,technology,2015-03,143,288.0,0,0.0660754466811981,0.0015468440542463213,0.17699030069189095,0.1530280013534853,0.08895,0.4120552375524503,0.07454789578242559,0.056818181818181816,0.2504571660492293,0.4250229549448097,0.4646371882086168,0.26648902607990793,,,,119.0,121.0,2.033613445378151,1.0,3.105306483712001,1.5269895519079677,0.0023609443777511,0.0172340122489673,0.1369933097205824,4.664785752071945,10.0,107.0,0.8991596638655462,0.0172340122489673,-0.3299595282588799
voat,technology,2015-04,104,250.0,0,0.07688946780965465,0.0018247373712559543,0.21414812183107107,0.07632043341807765,0.018783333333333346,0.4440000847463641,0.0785459617743305,0.034166666666666665,0.2364494935986017,0.38486226406151847,0.41000000000000003,0.2605135183475393,,,,85.0,88.0,2.070588235294118,1.0,2.785114494073456,1.345083704524112,0.0066666666666666,0.0246498599439775,0.2704545454545454,3.9129951869677897,9.0,74.0,0.8705882352941177,0.0246498599439775,-0.3646004603748768
voat,technology,2015-05,182,382.0,0,0.04943614140473823,0.0014344921946758404,0.15631302035013722,0.15425487246351532,0.10283,0.4000796703505233,0.08872049987441723,0.034545454545454546,0.24653951606268323,0.37347704952608846,0.39984243697478994,0.2691125290609923,,,,163.0,162.0,1.987730061349693,1.0,4.429123216833463,2.22823174180202,0.0,0.0122699386503067,0.0,4.198108908635224,9.0,133.0,0.8159509202453987,0.0122699386503067,-0.3241752125236816
voat,technology,2015-06,729,1460.0,0,0.09206500699139952,0.002002607099711895,0.21635123979247758,0.12062372377771646,0.0516,0.42343844224421134,0.08716429436451208,0.05000000000000001,0.21955095190220125,0.4076901249461367,0.4309523809523809,0.25664201736669384,,,,665.0,725.0,2.180451127819549,1.0,8.332721993458895,3.821558707344941,0.0146551669822327,0.0032838119394872,4.462852091499785,4.312678883822306,11.0,591.0,0.8887218045112782,0.0032838119394872,-0.224335965186487
voat,technology,2015-07,1913,4364.0,0,0.07507447964184208,0.0019026524387300014,0.1963787362075067,0.10229213552787605,0.025599999999999998,0.40365233432106173,0.08176999992811299,0.05074074074074073,0.22363305099951797,0.391437988389889,0.4,0.26015350538906845,,,,1726.0,2100.0,2.433371958285052,1.0,6.851376156072707,2.8155893441384507,0.0066739959508809,0.0014106504106,4.731148058179866,4.881677932928735,12.0,1560.0,0.9038238702201622,0.0014106504106,-0.127970216310155
voat,technology,2015-08,1279,2964.0,0,0.08716383798205302,0.0019421838223934174,0.20756455795377024,0.07307833540869359,0.0,0.421783142342064,0.07806750986666265,0.03409090909090909,0.2306928193017149,0.3890628313463026,0.41090909090909095,0.26402124309728997,,,,1161.0,1401.0,2.41343669250646,1.0,9.118451849258111,3.778202211630503,0.0267839499462385,0.0020805488728503,12.873501937757409,3.934946559258674,11.0,975.0,0.8397932816537468,0.0020805488728503,-0.1706128351834916
voat,technology,2015-09,1110,2517.0,0,0.09867649238532875,0.002091334667056799,0.22997176316491968,0.07840168700168794,0.0,0.42664406602428184,0.0762355560844637,0.026682524651274648,0.23282295461228852,0.380782594230937,0.4100401978973408,0.26409325167918446,,,,1012.0,1296.0,2.561264822134387,1.0,6.936279255623703,2.708146067396292,0.0212396040247607,0.0025333974501823,8.383842031273744,4.350106376276394,10.0,909.0,0.8982213438735178,0.0025333974501823,-0.1532516710514618
voat,technology,2015-10,833,2031.0,0,0.1233764607314547,0.0025606674083974213,0.25140289900346463,0.0393719712247795,0.0,0.42079378749992424,0.060914025645160304,0.0013976499690785404,0.22803606140168522,0.373008560936715,0.39911816578483245,0.2649716198132128,,,,746.0,973.0,2.60857908847185,1.0,6.710275111518164,2.572387067416521,0.0239592420161049,0.0035014484409018,6.842665948248016,4.132072465453168,10.0,682.0,0.9142091152815014,0.0035014484409018,-0.1974790859980796
voat,technology,2015-11,716,1799.0,0,0.11521239552548301,0.0026335114089306444,0.24441961589234168,0.05750176658533911,0.0,0.4221196800762897,0.06627228881689366,0.009865201437171133,0.23120752541195902,0.38744979537815777,0.4025950727513228,0.2744311731544842,,,,637.0,864.0,2.7127158555729984,1.0,8.116528191085285,2.99203035747762,0.0417887852882547,0.0042652765024732,9.797438750810898,3.749201962664261,8.0,596.0,0.93563579277865,0.0042652765024732,-0.2276545118946195
voat,technology,2015-12,735,1831.0,0,0.11710163921162511,0.0024466514587402344,0.2448829281084406,0.04169229898546003,0.0,0.4198213697493299,0.06801806918068251,0.01751443001443001,0.21864511086578073,0.3808124706270613,0.39999999999999997,0.27049445008449985,,,,641.0,853.0,2.6614664586583463,1.0,7.1216591094448525,2.6758402632791034,0.0362229269965203,0.0041585413416536,8.710488611402418,3.94891906378417,10.0,580.0,0.904836193447738,0.0041585413416536,-0.1870153531496587
voat,technology,2016-01,958,2480.0,0,0.09570179500524931,0.0022166031412780285,0.22427333594916526,0.04802638412246151,0.0,0.41075368843963855,0.05684223202292427,0.013888888888888888,0.21786876854657317,0.37566082520571303,0.4,0.27242068649235424,,,,843.0,1183.0,2.8066429418742587,1.0,7.327386788554305,2.610729950444328,0.0220001170455789,0.0033333051566202,6.600090904333997,3.978540303859716,11.0,754.0,0.8944246737841044,0.0033333051566202,-0.171387155880717
voat,technology,2016-02,886,2222.0,0,0.10548916488429158,0.0022882369812577963,0.23097818107967816,0.06749963691187384,0.0,0.39026155407849183,0.05819323512920011,0.0,0.2317865691900171,0.35303874044373784,0.3666666666666667,0.2697577372374021,,,,769.0,1063.0,2.764629388816645,1.0,7.977703133788191,2.8856320366336403,0.0418419583436543,0.0035997778500216,11.623483472293278,3.952721323853269,10.0,691.0,0.8985695708712613,0.0035997778500216,-0.1654008208565943
voat,technology,2016-03,796,1998.0,0,0.10924419170608975,0.00271612626966089,0.22716867210801928,0.03595168296534931,0.0,0.39505350855928284,0.06701516440339235,0.01061965811965812,0.2156572753993093,0.34775299832517675,0.3655408249158249,0.2668297103087801,,,,685.0,926.0,2.703649635036496,1.0,8.36038074449091,3.092257456790645,0.0287269586710052,0.0039527041447901,7.267672362695904,3.9805951752069024,10.0,631.0,0.9211678832116788,0.0039527041447901,-0.1687856558460706
voat,technology,2016-04,940,2174.0,0,0.11096105045722504,0.002316452795639634,0.23629006428710195,0.03262735913947707,0.0,0.3909085465250022,0.0675532536117754,0.0,0.2240181792146809,0.35896008636594384,0.38229166666666664,0.2803818612840742,,,,816.0,1085.0,2.659313725490196,1.0,7.209680712082,2.711105742423462,0.0256445837745387,0.0032629616263683,7.859296771160947,4.0521924823253785,10.0,695.0,0.8517156862745098,0.0032629616263683,-0.184890057537925
voat,technology,2016-05,859,1944.0,0,0.11282860155853751,0.0019735260866582394,0.24720622937291886,0.03878233962573849,0.0,0.4110763185630896,0.06707395504020586,0.012500000000000011,0.2308007962089875,0.35428788253812216,0.3666666666666667,0.272373589271249,,,,731.0,952.0,2.604651162790698,1.0,8.773929641315153,3.3685622730049247,0.0357827444429977,0.0035680152914941,10.028753107729468,3.816100919639848,11.0,645.0,0.8823529411764706,0.0035680152914941,-0.1829631445271436
voat,technology,2016-06,922,1893.0,0,0.10805912396682749,0.0022499266342492774,0.23680347849522462,0.03019318403367595,0.0,0.4129502390548974,0.05998615736379949,0.0,0.23433293705873692,0.36824769637606103,0.3833333333333333,0.2794336453192041,,,,778.0,921.0,2.367609254498715,1.0,7.425725203088274,3.136381220414048,0.0142678245122908,0.003047116157656,4.6824025649440175,4.1429650936037445,10.0,641.0,0.8239074550128535,0.003047116157656,-0.1596568932187254
voat,technology,2016-07,766,1528.0,0,0.08967591319374313,0.001532595866592601,0.21919098197972478,0.013741045707386108,0.0,0.39395209377606155,0.06033069081106527,0.0,0.24170343816352377,0.347607703727204,0.35444533222853536,0.2846905148192809,,,,602.0,698.0,2.318936877076412,1.0,5.023201430527096,2.166165659869135,0.0073058391124257,0.0038584640217577,1.893457881485582,4.538101729573145,10.0,485.0,0.8056478405315615,0.0038584640217577,-0.1295734283310027
voat,technology,2016-08,879,1802.0,0,0.10959447039540084,0.0022268369793891907,0.23847863362186753,0.013526873264539111,0.0,0.4044760810827198,0.05151601585123253,0.0,0.2279068295593085,0.3456490786724929,0.35555555555555557,0.28329187738236244,,,,672.0,807.0,2.4017857142857144,1.0,5.983524057340562,2.4912813919038768,0.0125462960667994,0.0035794123908878,3.505127293725322,4.122735552243749,10.0,550.0,0.8184523809523809,0.0035794123908878,-0.1688349275976502
voat,technology,2016-09,750,1715.0,0,0.11484213916585755,0.0020716897658227635,0.2440246014731689,0.0357589818736911,0.0,0.39004240056544875,0.05276214510335681,0.0,0.2249481248585084,0.34670828371678725,0.378677130574452,0.2779048703358997,,,,597.0,775.0,2.596314907872697,1.0,6.255965192619814,2.409555625802599,0.0169817574484571,0.0043562330669004,3.898266504032547,3.990675095958456,10.0,516.0,0.864321608040201,0.0043562330669004,-0.190377012686993
voat,technology,2016-10,645,1295.0,0,0.11789755058631535,0.0022789400827605277,0.2562494771342407,-0.003400074066855562,0.0,0.41553989230119515,0.042636569670162036,0.0,0.2544112836211547,0.36518021810953427,0.4,0.2962005883764577,,,,450.0,500.0,2.2222222222222223,1.0,5.218559004139289,2.34835155186268,0.0107391527295879,0.0049492699826775,2.169845809013241,4.239977897499655,10.0,381.0,0.8466666666666667,0.0049492699826775,-0.2049004306126881
voat,technology,2016-11,601,1145.0,0,0.09176690665033428,0.0014938275562599301,0.2287495392119624,0.04588587653587484,0.0,0.39869191205805793,0.07524018013499807,0.0,0.23121650505396835,0.354400016082114,0.375,0.29600020783392816,,,,434.0,452.0,2.08294930875576,1.0,5.3671255385986685,2.576695225389184,0.0080762153368573,0.0048105064867338,1.6788700647487818,4.162309272558074,11.0,338.0,0.7788018433179723,0.0048105064867338,-0.1804732907657666
voat,technology,2016-12,656,1395.0,0,0.13227022127671542,0.0023412476837760413,0.2667528370323516,0.018074076522760964,0.0,0.41321202739395685,0.05145348168892292,0.0,0.2455273901003487,0.35680875839551374,0.375,0.290155229922007,,,,505.0,578.0,2.289108910891089,1.0,6.288656659207958,2.747207277595172,0.013609475627644,0.0045418827597045,2.9964392186400968,4.02098908653433,9.0,432.0,0.8554455445544554,0.0045418827597045,-0.1904108318077282
voat,technology,2017-01,691,1467.0,0,0.12269215330248377,0.001737341284751892,0.265314357286291,0.015123198229748088,0.0,0.42864032229642385,0.049954767029268224,0.0,0.23014450345974052,0.35675286137597534,0.36995670995670993,0.2833050931300332,,,,544.0,611.0,2.2463235294117645,1.0,6.219288099913172,2.768651985558728,0.0098283774234227,0.004136875744773,2.375797106268151,4.158548436076526,10.0,445.0,0.8180147058823529,0.004136875744773,-0.1699628227564969
voat,technology,2017-02,672,1491.0,0,0.1024359343674243,0.0017789346748031676,0.2345297111786817,0.016630973600415065,0.0,0.40165234459798077,0.06728741278109188,0.0,0.21979928393882425,0.3554937436154181,0.375,0.2855881306418712,,,,479.0,556.0,2.3215031315240084,1.0,4.189668633541486,1.804722370023716,0.0103700859703452,0.0048567011119749,2.135211892034335,4.420572759770254,11.0,387.0,0.8079331941544885,0.0048567011119749,-0.1947051467739335
voat,technology,2017-03,789,1751.0,0,0.1218295612469559,0.0024767678696662188,0.2561719799960004,0.004663943590073352,0.0,0.41295655274885495,0.05583747886958916,0.0,0.22011168194482955,0.3527865775376555,0.3666666666666667,0.2744719965647109,,,,601.0,714.0,2.37603993344426,1.0,6.206047450543918,2.611928934017433,0.0124491226274737,0.0039600665557404,3.143664999626787,4.011476955003049,10.0,503.0,0.8369384359400999,0.0039600665557404,-0.2684819021722322
voat,technology,2017-04,527,1192.0,0,0.1452896042314859,0.0026831079740077257,0.2901287696120572,-0.012279772428654554,0.0,0.4018037036799562,0.04466892279544181,0.0,0.25643190416234063,0.3704654707937965,0.3796875,0.28377044756373115,,,,402.0,452.0,2.2487562189054726,1.0,4.552033438389167,2.0242449582217312,0.011936021922089,0.0056078708700884,2.1284409357130483,4.470243388334486,10.0,349.0,0.8681592039800995,0.0056078708700884,-0.2331641907519679
voat,technology,2017-05,567,1327.0,0,0.14609549476260256,0.0030624994542449713,0.28564647959859085,-0.010953551089655185,0.0,0.4046243960007838,0.046579665718674425,0.0,0.24692853989560196,0.35146281967897397,0.3833333333333333,0.27500556436149026,,,,453.0,534.0,2.357615894039735,1.0,5.786401939099009,2.4543446427077256,0.0224601883466133,0.0052159643673445,4.306047120879365,4.095269065857301,11.0,408.0,0.9006622516556292,0.0052159643673445,-0.2248800464245106
voat,technology,2017-06,580,1266.0,0,0.1417328821900875,0.002680269331904128,0.27997311354979704,0.014287358998282084,0.0,0.4036044683291407,0.06006088590887075,0.01885446729196729,0.22532355077629634,0.3704744186989635,0.3823818542568542,0.27425792532944204,,,,446.0,515.0,2.309417040358744,1.0,5.9927485109567336,2.5949182872686443,0.0053679660267631,0.0051897012142893,1.0343497255647456,3.926715443939094,9.0,390.0,0.874439461883408,0.0051897012142893,-0.2674387511125304
voat,technology,2017-07,514,1129.0,0,0.1520167859410589,0.0028028948581777513,0.2874033290068227,0.019220751642817273,0.0,0.409156465573031,0.06257114143299107,0.0,0.23351480158788357,0.35214830849451106,0.3704861111111111,0.2832974077842249,,,,420.0,463.0,2.204761904761905,1.0,5.648492412165173,2.561951202061957,0.0101036847463426,0.0052619615865439,1.9201365460706048,4.274273671533946,10.0,365.0,0.8690476190476191,0.0052619615865439,-0.3185729325368332
voat,technology,2017-08,602,1348.0,0,0.12915857842225087,0.0022138396743685007,0.26227219264500273,0.018903936825593833,0.0,0.4266864885253565,0.06131766603815761,0.0,0.23328088283175893,0.35509806104409847,0.3625509123492994,0.2798393952507299,,,,457.0,552.0,2.4157549234135667,1.0,5.216582568520479,2.159400574106756,0.0123104793964832,0.0052977081653806,2.3237367956448702,4.22693424208002,9.0,418.0,0.9146608315098468,0.0052977081653806,-0.3163283430498225
voat,technology,2017-09,540,1216.0,0,0.15590651755820195,0.002361006219871342,0.29750555383936705,0.027497201597460608,0.0,0.39746216144475666,0.05294591034592345,0.0,0.23994152078101752,0.37556667575123914,0.4,0.2822961763267256,,,,401.0,481.0,2.399002493765586,1.0,5.504125634693831,2.294339271842231,0.0130410059753368,0.0059975062344139,2.1744047385073024,4.329956543823015,10.0,377.0,0.940149625935162,0.0059975062344139,-0.2705376228786385
voat,technology,2017-10,393,900.0,0,0.15773223120775376,0.003390340832993388,0.2875423896398758,0.006294798454513516,0.0,0.4018341208097706,0.04603113868760108,0.0,0.2245710470542328,0.35219414858906384,0.375,0.2793599223714288,,,,289.0,318.0,2.2006920415224918,1.0,6.746490821775755,3.065622401718857,0.0112273060385818,0.0076412918108419,1.4692942393132804,3.5437432383699963,9.0,236.0,0.8166089965397924,0.0076412918108419,-0.2784660602656055
voat,technology,2017-11,420,976.0,0,0.15124086952934448,0.0046397010203994195,0.28537472920018986,0.0003141820324212875,0.0,0.4333403789886161,0.049734386857071565,0.0,0.24446842309045705,0.37287005042348603,0.3918650793650794,0.2780497875577554,,,,355.0,416.0,2.343661971830986,1.0,5.94182561481121,2.535274150550456,0.0106520902282223,0.0066205140447203,1.6089521381979617,4.013987875808962,9.0,313.0,0.8816901408450705,0.0066205140447203,-0.3118568072099777
voat,technology,2017-12,427,1057.0,0,0.17313611573838053,0.0045025283470749855,0.30652286626243513,0.017269835364856122,0.0,0.4152683133340587,0.049005969203649156,0.0,0.22113120107578466,0.36269051611342146,0.37222222222222223,0.2756306031518359,,,,378.0,461.0,2.439153439153439,1.0,5.660862080428682,2.320830657702865,0.0174733118274026,0.0064699030216271,2.700706914615877,4.004305939515791,9.0,346.0,0.9153439153439152,0.0064699030216271,-0.2947846512273465
voat,technology,2018-01,526,1348.0,0,0.13339060689964422,0.0035445225657895207,0.2544884193324998,0.03886045965864441,0.0,0.39945700245434707,0.05950362501565048,0.0,0.22363595375954035,0.3603161953449729,0.3752525252525253,0.2744677107414018,,,,440.0,571.0,2.595454545454545,1.0,5.837197292389167,2.2490077133548456,0.0170301174162503,0.0059121971422654,2.8805056743633304,4.076761667589006,8.0,417.0,0.9477272727272728,0.0059121971422654,-0.3759178966453874
voat,technology,2018-02,417,1001.0,0,0.19558517189696217,0.003661738708615303,0.3181630175621796,-0.03724137256197416,0.0,0.39806120937489825,0.05187768553877883,0.0,0.2353952816215132,0.35341227557608834,0.3509090909090909,0.28383701425711166,,,,339.0,410.0,2.4188790560471976,1.0,6.555299399650415,2.710056703026208,0.0344449747519371,0.0071564469113822,4.813139142715202,3.703619956436055,8.0,311.0,0.9174041297935104,0.0071564469113822,-0.3136530990834908
voat,technology,2018-03,584,1253.0,0,0.1633143019841419,0.003444107249379158,0.2988043759175317,-0.03351028810312551,0.0,0.41513233604633026,0.03711803227161521,0.0,0.22714854575850305,0.3614675619253476,0.39388888888888896,0.2785892910044076,,,,477.0,578.0,2.4234800838574424,1.0,5.348850701782548,2.2070949695071587,0.0099315188452631,0.0050913447139862,1.9506671426078617,4.149308646371135,10.0,411.0,0.8616352201257862,0.0050913447139862,-0.2467058750046589
voat,technology,2018-04,422,868.0,0,0.18405180203729815,0.003770210314542055,0.3149441941853559,-0.05438949305613386,0.0,0.43029770019093716,0.0384574944999838,0.0,0.22782920310632798,0.3733228570032158,0.39618312757201646,0.29464764409470023,,,,322.0,361.0,2.2422360248447206,1.0,5.565555392108087,2.4821452025745208,0.0297667508302114,0.0069851589559025,4.26142783838271,3.804270462633452,8.0,282.0,0.8757763975155279,0.0069851589559025,-0.3461675742076824
voat,technology,2018-05,442,987.0,0,0.1812566087444482,0.003691003774292767,0.3135816441537129,-0.01464144329846331,0.0,0.3994990659972548,0.049784804589980254,0.0,0.22612863164126754,0.3801893597190297,0.4,0.27858925360960773,,,,361.0,427.0,2.365650969529086,1.0,5.825645904108965,2.462597390378614,0.0265502200846521,0.0065712526931363,4.040359018971185,3.9615203761755486,9.0,320.0,0.8864265927977839,0.0065712526931363,-0.3148818293011505
voat,technology,2018-06,387,823.0,0,0.1383311643845339,0.0034098299220204353,0.2706908758752657,0.005233208994565589,0.0,0.41704523846334174,0.04673444177034305,0.0,0.21489757286651134,0.3618800147657582,0.375,0.274002328025579,,,,315.0,333.0,2.1142857142857143,1.0,5.692739177659465,2.6925117732173147,0.0111582221379224,0.0067333939945404,1.6571467742671382,4.229110291102911,11.0,271.0,0.8603174603174604,0.0067333939945404,-0.2916452089280553
voat,technology,2018-07,367,767.0,0,0.17411431559541324,0.005230154376477003,0.30267378760005703,-0.005243055205808132,0.0,0.4284345841613071,0.050346416884254314,0.0,0.21171615367007351,0.3702511191158062,0.375,0.2770863176113883,,,,317.0,362.0,2.2839116719242902,1.0,6.008024156963292,2.630585162648292,0.0139591908255085,0.0072275685820388,1.9313813030011635,3.988475384543457,11.0,293.0,0.9242902208201892,0.0072275685820388,-0.3203102811444897
voat,technology,2018-08,379,878.0,0,0.18965427081525718,0.00503609476921459,0.3084151741630809,0.0018550876527459695,0.0,0.3744842154666945,0.06255784008504704,0.0,0.24066734190852856,0.36052129649109216,0.35714285714285715,0.2848088366373603,,,,328.0,398.0,2.426829268292683,1.0,5.878547507893921,2.422316058529153,0.0198560548851377,0.0074214962333109,2.675478671809463,3.893967641701489,9.0,306.0,0.9329268292682928,0.0074214962333109,-0.2681931709433505
voat,technology,2018-09,448,992.0,0,0.1984108153277367,0.008228386286646128,0.318124175739622,0.03948638903553692,0.0,0.4371803005327459,0.05840297116533716,0.0,0.24283661921575636,0.36599397060138106,0.38402777777777775,0.2838688699287381,,,,397.0,457.0,2.302267002518892,1.0,4.839266984650841,2.101957322654687,0.0170314122444346,0.0058138055619163,2.92947744176374,4.576018066584104,11.0,371.0,0.9345088161209067,0.0058138055619163,-0.2931112253316456
voat,technology,2018-10,545,1120.0,0,0.17118508267547514,0.003013033652678132,0.29345306095630724,0.0308872397775517,0.0,0.40060000479602764,0.05744533747624592,0.0,0.22677226215402002,0.3593921163917687,0.37666666666666665,0.2796865422697818,,,,464.0,502.0,2.163793103448276,1.0,4.628662632199166,2.139142889781288,0.0056348409956228,0.0046734192299098,1.2057212756689772,4.421777724223802,11.0,387.0,0.834051724137931,0.0046734192299098,-0.3082113123139629
voat,technology,2018-11,424,862.0,0,0.14474790523136494,0.0030208814423531294,0.2769808136230565,0.018238099286405275,0.0,0.40588392823815916,0.04461876468988674,0.0,0.25019136460462205,0.3715084450166631,0.39955246913580245,0.28710500484576046,,,,346.0,399.0,2.30635838150289,1.0,4.779038170030734,2.0721142942739776,0.0089095922638293,0.0066850967579793,1.332754421720942,4.380327868852459,11.0,306.0,0.884393063583815,0.0066850967579793,-0.2828854878554326
voat,technology,2018-12,395,850.0,0,0.19790174807473956,0.005217301659286022,0.32697281117427607,-0.029004882804045243,0.0,0.4111310548269382,0.030709205978223162,0.0,0.2362869308182036,0.3428035734083176,0.3333333333333333,0.2926794478991988,,,,345.0,390.0,2.260869565217391,1.0,4.728230942573491,2.091332916907506,0.0102265387341573,0.0065722952477249,1.556007201243324,4.440552200172562,11.0,305.0,0.8840579710144928,0.0065722952477249,-0.2497747207799752
voat,technology,2019-01,429,931.0,0,0.2265462795912894,0.007470366545021534,0.33637622217231095,-0.023279481791727674,0.0,0.42469653434041194,0.04629802845277087,0.0,0.2601126012142928,0.3955541911066107,0.4,0.28324678180201684,,,,378.0,445.0,2.3544973544973544,1.0,5.246319248939841,2.228211995617146,0.0049846808275488,0.0062453510729372,0.7981426134951447,4.564834922733138,12.0,357.0,0.9444444444444444,0.0062453510729372,-0.3096640642936713
voat,technology,2019-02,356,708.0,0,0.15908505820798763,0.003564744481991511,0.2969522351468032,-0.00962793725979781,0.0,0.4163361339304147,0.04972324647505029,0.0,0.23592552529742772,0.36615812507316825,0.4,0.27170597901909105,,,,299.0,313.0,2.0936454849498327,1.0,4.174618869563076,1.993947351436677,0.0,0.0070256559897645,0.0,4.924040788109229,11.0,264.0,0.882943143812709,0.0070256559897645,-0.2626082997064518
voat,technology,2019-03,411,834.0,0,0.16953964416947206,0.0028996183536946774,0.2979439249175993,-0.05102842119104817,0.0,0.40681527866988854,0.05546752464470729,0.0,0.21975717606983924,0.3540043471796536,0.375,0.27646683829624297,,,,320.0,348.0,2.175,1.0,4.807322001653957,2.210262989266188,0.0011830357142857,0.0068181818181818,0.1735119047619047,4.458566344687341,10.0,281.0,0.878125,0.0068181818181818,-0.3175663294991706
voat,technology,2019-04,436,871.0,0,0.20456692365451665,0.005195985781028867,0.33243202203462796,-0.020553351588329837,0.0,0.4223052550496665,0.052020674845419244,0.0,0.24678659666359576,0.3826042241623322,0.4,0.2761382065002087,,,,371.0,425.0,2.2911051212938007,1.0,6.263700798595432,2.7339211720928294,0.0016263864684822,0.0061921760034967,0.262651847680653,4.192443662561783,10.0,346.0,0.9326145552560648,0.0061921760034967,-0.3310898929038212
voat,technology,2019-05,441,1047.0,0,0.18593169312676597,0.0041699911234900355,0.3072690760684729,-0.015078496546705141,0.0,0.38903714293037084,0.05454734536561146,0.0,0.21310738818852515,0.3397591699392066,0.3541666666666667,0.2686810361265509,,,,379.0,460.0,2.4274406332453826,1.0,6.168437029749495,2.541127863342455,0.0126976265840149,0.0064218006170512,1.977268890955592,4.290089912064025,12.0,349.0,0.920844327176781,0.0064218006170512,-0.2716417001762509
voat,technology,2019-06,440,921.0,0,0.19454612260431048,0.004096916847629473,0.32919470596177897,0.03315421914149399,0.0,0.4256364541444756,0.059862694083112476,0.0,0.22913462768257103,0.3592960797968621,0.3809895833333333,0.27436772665066633,,,,378.0,439.0,2.322751322751323,1.0,5.447269371325241,2.345179752119523,0.0178043066108526,0.0061611440921785,2.8897727994147737,4.100399097692174,10.0,340.0,0.8994708994708994,0.0061611440921785,-0.3576259829762188
voat,technology,2019-07,324,634.0,0,0.14367329011739152,0.002818872041713733,0.2859322710418221,0.007222950465600931,0.0,0.4124813550591077,0.045779671683652774,0.0,0.2214527890561094,0.34707841384526006,0.3766111111111111,0.2766597376838969,,,,258.0,271.0,2.10077519379845,1.0,3.856057867319133,1.8355404608271884,0.0017165005537098,0.0081742225439628,0.2099894570374275,4.449785601444369,10.0,211.0,0.8178294573643411,0.0081742225439628,-0.3671558994622558
voat,technology,2019-08,350,646.0,0,0.17013340941533678,0.003002710937289521,0.3103352711805517,0.0017481833127190275,0.0,0.4253968877407187,0.04810488339284451,0.0,0.23049975141999582,0.3441145365075204,0.3598214285714286,0.2818183744537622,,,,285.0,314.0,2.2035087719298247,1.0,4.021157290510832,1.8248882608209984,0.0050922053896882,0.0077588337039782,0.6563106755435749,4.861220789096546,12.0,262.0,0.9192982456140352,0.0077588337039782,-0.4170985659261703
voat,technology,2019-09,280,551.0,0,0.15703914179217912,0.003946465963963419,0.27395064738607816,0.03158475045863471,0.0,0.41428897764058586,0.07718718936882057,0.02855300453514739,0.24179754640564846,0.3631552948041706,0.375,0.27332675770564757,,,,242.0,257.0,2.12396694214876,1.0,4.137813177394411,1.948153285854956,0.0014729011585878,0.0088131408387915,0.1671255668699579,4.456496467852992,10.0,212.0,0.8760330578512396,0.0088131408387915,-0.316008000873511
voat,technology,2019-10,250,525.0,0,0.19220970859700595,0.004605563590303063,0.3213443724454591,0.020054982540792545,0.0,0.4259003291917369,0.0656600277685613,0.008563411896745225,0.23113470454357893,0.3711738475028918,0.3688988095238095,0.276872744114847,,,,208.0,216.0,2.076923076923077,1.0,5.307350308619366,2.55539088933525,0.0118483179224867,0.0100334448160535,1.1808823529411765,3.9795995229426895,10.0,179.0,0.8605769230769231,0.0100334448160535,-0.3205367767794545
voat,technology,2019-11,284,578.0,0,0.1251144834610726,0.00175739053520374,0.24849754092087656,0.05900138387053604,0.0,0.38547874072692684,0.0627668198149868,0.0,0.20489941205781634,0.3218758098914846,0.34972009637188206,0.25257278780584913,,,,231.0,246.0,2.1298701298701297,1.0,5.8309906295749485,2.737721210227263,0.0166660668943773,0.0092603049124788,1.7997319798745346,3.982637966161751,10.0,213.0,0.922077922077922,0.0092603049124788,-0.4094696225642243
voat,technology,2019-12,220,430.0,0,0.2051430291502448,0.004750941365879649,0.33441794000510044,0.02811631127602556,0.0,0.40635714080892,0.06280646787378794,0.0,0.2601563955069001,0.35230035825728867,0.3612912157287157,0.2741979373613652,,,,169.0,172.0,2.035502958579882,1.0,4.592817232639644,2.2563549776630807,0.0034808145224579,0.0121160890391659,0.2872886218651905,4.12914501653283,11.0,146.0,0.863905325443787,0.0121160890391659,-0.3418044176012965
voat,technology,2020-01,262,574.0,0,0.17933010389130405,0.0068311678707167235,0.2918202097848045,0.023882511669310335,0.0,0.42516657734393387,0.08969060097613434,0.026388888888888892,0.26334124608788256,0.36852341502564506,0.37862948683261183,0.28083488117099753,,,,212.0,247.0,2.330188679245283,1.0,6.203074758305144,2.662048276843503,0.0015737829023992,0.0110435482428686,0.1425069975508572,3.512926249008723,8.0,195.0,0.9198113207547168,0.0110435482428686,-0.3562886295726051
voat,technology,2020-02,329,705.0,0,0.21126067677239016,0.006220444105565548,0.3303033195209817,0.04784092516933703,0.0,0.425093838711169,0.08975176004746435,0.024255430242272346,0.2544970351849629,0.38274337943725506,0.3976190476190476,0.25893836788497776,,,,289.0,333.0,2.3044982698961936,1.0,5.886426285746872,2.5543201149862558,0.0219036670483257,0.0080017301038062,2.737366390039408,3.762818297038829,8.0,264.0,0.9134948096885812,0.0080017301038062,-0.4301977058234456
voat,technology,2020-03,275,572.0,0,0.1939504939241697,0.0044171009212732315,0.32663598238718433,-0.005591475607091309,0.0,0.41764829943073506,0.04801695479050154,0.0,0.2080885022126933,0.35399466612264474,0.35530303030303034,0.28001141261672363,,,,234.0,258.0,2.2051282051282053,1.0,5.550452885730297,2.5170658435288558,0.0185936949094843,0.0094640695499064,1.964661693517263,3.883603238866397,10.0,209.0,0.8931623931623932,0.0094640695499064,-0.3171918799473858
voat,technology,2020-04,326,732.0,0,0.21063220235129287,0.0069100525496261465,0.3398452725755542,0.01405085045790949,0.0,0.4293800067593156,0.05002722557381884,0.0,0.21732807834186,0.3479564740962887,0.3760416666666666,0.2705324538070606,,,,274.0,322.0,2.3503649635036497,1.0,7.870370309206719,3.348573702985468,0.0054198397097295,0.0086093954707093,0.6295261645453283,3.446586345381526,8.0,250.0,0.9124087591240876,0.0086093954707093,-0.3274108117822407
voat,technology,2020-05,372,936.0,0,0.1832984766539934,0.005387891316786408,0.3095136740133954,0.003418064098012705,0.0,0.40107672239123365,0.064903812439059,0.0,0.228962692505475,0.3429424201687523,0.3333333333333333,0.2754205753398475,,,,334.0,370.0,2.215568862275449,1.0,11.75379039775948,5.305089179529278,0.010579236419881,0.0066533599467731,1.5900592339081216,3.040693573667712,7.0,320.0,0.9580838323353292,0.0066533599467731,-0.4355528953606086
voat,technology,2020-06,295,723.0,0,0.2409946195316263,0.023964539170265198,0.332106269312474,-0.04601860598120685,0.0,0.41135906538513967,0.040443669549393324,0.0,0.2261404293777331,0.35166180877586073,0.35,0.2637863302987948,,,,266.0,287.0,2.1578947368421053,1.0,8.672091088833696,4.018773919215615,0.0,0.0081429990069513,0.0,3.3559316409490627,8.0,246.0,0.924812030075188,0.0081429990069513,-0.4339806199948183
voat,technology,2020-07,266,668.0,0,0.2641561508574863,0.02531920187175274,0.36071243110489,-0.03802063791828583,0.0,0.44105560914479913,0.06266160680460386,0.0,0.22748120238446506,0.3519815361208855,0.3647542150831625,0.2731624525822785,,,,236.0,253.0,2.1440677966101696,1.0,7.970985068176089,3.717692640493196,0.0167002098057615,0.0091236927515326,1.8304222051927608,3.390986344226948,8.0,218.0,0.923728813559322,0.0091236927515326,-0.373397826109413
voat,technology,2020-08,235,604.0,0,0.21561354048688253,0.009662989366916008,0.34214083734656264,0.009135610800770392,0.0,0.45771692820802334,0.05506601953248346,0.012499999999999997,0.23654585194322716,0.3956011409828861,0.41111111111111115,0.2794233466855403,,,,206.0,225.0,2.184466019417476,1.0,6.0328330485371975,2.761696906663695,0.02152741161556,0.0106559318020364,2.020227983389109,3.447062279670975,8.0,185.0,0.8980582524271845,0.0106559318020364,-0.3848831797834431
voat,technology,2020-09,181,444.0,0,0.17899001478112772,0.004277519416064024,0.31317763479287986,0.018373514679917994,0.0,0.4025222006123672,0.052954254463343724,0.0,0.21848453351190958,0.3367625935738012,0.35544871794871796,0.2808121952749286,,,,155.0,152.0,1.961290322580645,1.0,5.029631510304824,2.564450276635684,0.0204369310201691,0.0127356514453288,1.6047024455639365,4.474315710536183,12.0,127.0,0.8193548387096774,0.0127356514453288,-0.3174516459446825
voat,technology,2020-10,234,571.0,0,0.1963479010993551,0.005332244792953134,0.32761908119678973,-0.007248487970896648,0.0,0.41548915651140106,0.06364542532407257,0.0,0.2358998566677357,0.3525818692423443,0.4,0.26073059596397663,,,,203.0,233.0,2.2955665024630543,1.0,6.559803339335224,2.857596733658906,0.0317421275431947,0.0113641906062527,2.793170991494081,3.397485493230174,8.0,188.0,0.9261083743842364,0.0113641906062527,-0.3400306506848931
voat,technology,2020-11,229,560.0,0,0.15810538335080854,0.007097651716321707,0.27804844263055645,0.02333484626011007,0.0,0.4268333956231194,0.0636710741985013,0.00761904761904762,0.25169143425613083,0.3675852771150949,0.38860398860398854,0.2761141552799518,,,,199.0,217.0,2.180904522613065,1.0,6.350649150461091,2.9119335966399937,0.0,0.0110146693061265,0.0,3.6174715749183832,8.0,189.0,0.949748743718593,0.0110146693061265,-0.3777379995503779
voat,technology,2020-12,165,395.0,0,0.25534263311463484,0.006673307158052921,0.372678026808768,0.011296273396561722,0.0,0.41142732642597835,0.06974281403208149,0.0,0.23713211655040256,0.35880943398597925,0.35,0.2762783538904382,,,,138.0,135.0,1.9565217391304348,1.0,4.768922455863055,2.4374492552188944,0.0174064959134688,0.0142811805775944,1.2188415249631182,4.055212677231026,10.0,110.0,0.7971014492753623,0.0142811805775944,-0.3515075763081109
