month,n_newcomers,n_existing,assortativity,ei_index
2014-05,,,,
2014-06,0.0,5.0,,
2014-07,0.0,7.0,,
2014-08,,,,
2014-09,0.0,2.0,,
2014-10,,,,
2014-11,,,,
2014-12,,,,
2015-01,0.0,2.0,,
2015-02,0.0,17.0,,
2015-03,0.0,19.0,,
2015-04,0.0,19.0,,
2015-05,0.0,55.0,,
2015-06,0.0,265.0,,
2015-07,1118.0,88.0,-0.0548012375732801,-0.3016949152542373
2015-08,424.0,34.0,-0.1382028376248029,-0.1666666666666666
2015-09,328.0,26.0,-0.0751589825119237,-0.2545931758530184
2015-10,364.0,34.0,-0.1267851425916978,-0.1175166297117516
2015-11,269.0,23.0,-0.1750689651018516,-0.0650154798761609
2015-12,190.0,17.0,-0.2040730564085988,0.0104166666666666
2016-01,299.0,18.0,-0.244571563520907,-0.0129032258064516
2016-02,190.0,19.0,-0.4697936633216825,0.4366197183098591
2016-03,190.0,15.0,-0.2028776978417266,0.0717703349282296
2016-04,161.0,10.0,-0.2907407407407411,0.0718954248366013
2016-05,175.0,8.0,-0.4049955396966994,0.2342857142857143
2016-06,200.0,10.0,-0.1939223057644103,-0.2815533980582524
2016-07,197.0,14.0,-0.0989076761933262,-0.2941176470588235
2016-08,219.0,14.0,-0.142551674982181,-0.2663755458515284
2016-09,215.0,15.0,-0.3266201597411787,0.1779661016949152
2016-10,220.0,15.0,-0.4996820911338751,0.4262295081967213
2016-11,201.0,16.0,-0.1772902152438393,-0.081081081081081
2016-12,185.0,8.0,-0.208818126148194,-0.1063829787234042
2017-01,220.0,10.0,-0.1882659511339308,-0.1140350877192982
2017-02,246.0,9.0,-0.193009708737864,-0.25
2017-03,122.0,8.0,-0.0252100840336131,-0.5081967213114754
2017-04,152.0,6.0,-0.1164120806305367,-0.2980132450331126
2017-05,215.0,5.0,-0.1393161116918027,-0.3577981651376147
2017-06,147.0,4.0,-0.0334101382488477,-0.6231884057971014
2017-07,162.0,5.0,-0.0219910575782464,-0.5625
2017-08,164.0,2.0,-0.0606060606060613,-0.7714285714285715
2017-09,264.0,5.0,-0.0961771971695353,-0.5378151260504201
2017-10,215.0,8.0,-0.0749128372648174,-0.4107883817427386
2017-11,213.0,7.0,0.0076226089457784,-0.6086956521739131
2017-12,219.0,4.0,-0.1000474158368901,-0.5258620689655172
2018-01,255.0,8.0,0.0318181818181813,-0.7464788732394366
2018-02,241.0,5.0,0.0455364033959342,-0.8415094339622642
2018-03,176.0,3.0,-0.0184131235353201,-0.6804733727810651
2018-04,217.0,7.0,0.0409996622762573,-0.7292576419213974
2018-05,258.0,8.0,0.0165762507534647,-0.7928286852589641
2018-06,168.0,4.0,-0.0942249240121575,-0.5061728395061729
2018-07,193.0,3.0,-0.0721153846153852,-0.7309417040358744
2018-08,259.0,3.0,-0.060377358490566,-0.7722419928825622
2018-09,199.0,3.0,-0.0639386189258312,-0.7596153846153846
2018-10,97.0,136.0,0.0508589511754067,-0.1740890688259109
2018-11,77.0,99.0,0.0833333333333334,-0.2189349112426035
2018-12,82.0,95.0,0.0893246187363833,-0.1363636363636363
2019-01,118.0,110.0,0.0171814061347105,-0.054054054054054
2019-02,132.0,87.0,-0.0945148343432753,0.0701754385964912
2019-03,125.0,116.0,-0.0972149238045191,-0.0191570881226053
2019-04,112.0,91.0,-0.0374664705373367,0.0091743119266055
2019-05,150.0,128.0,-0.1052631578947369,0.0266666666666666
2019-06,70.0,60.0,-0.0788220772350557,0.037593984962406
2019-07,78.0,59.0,0.0058080808080806,-0.0236220472440944
2019-08,139.0,77.0,-0.1395651167346358,0.1392405063291139
2019-09,178.0,125.0,-0.0136612021857924,0.013477088948787
2019-10,102.0,69.0,-0.0673854447439354,0.0227272727272727
2019-11,158.0,95.0,-0.0682911271289148,0.0604982206405693
2019-12,135.0,84.0,-0.0941916446653206,0.0562770562770562
2020-01,173.0,105.0,-0.1133056133056132,0.0793650793650793
2020-02,115.0,69.0,-0.1225340372325646,0.1222222222222222
2020-03,145.0,70.0,-0.3409790209790211,0.3021276595744681
2020-04,129.0,68.0,-0.0506566604127578,0.05
2020-05,136.0,94.0,-0.0650969316489892,0.0505836575875486
2020-06,200.0,86.0,-0.3540114298798814,0.327217125382263
2020-07,62.0,189.0,-0.0157781550650821,-0.4436619718309859
2020-08,100.0,199.0,-0.0772003901379062,-0.2836676217765043
2020-09,77.0,119.0,-0.1330759330759329,-0.1267605633802817
2020-10,50.0,107.0,-0.0067473373111027,-0.2287581699346405
2020-11,70.0,100.0,0.0101237345331832,-0.2045454545454545
2020-12,57.0,61.0,-0.2716468590831916,0.0467289719626168
