event,platform,metric,pre_mean,post_mean,jump
A,reddit,toxicity_mean,0.1287422980473786,0.13468861354676706,0.005946315499388455
A,voat,toxicity_mean,0.049184924345545965,0.104449708917099,0.05526478457155303
A,reddit,vader_mean,0.07692016458928004,0.07052946517848206,-0.006390699410797979
A,voat,vader_mean,0.14491350112886628,0.09252536626571906,-0.05238813486314722
A,reddit,textblob_mean,0.0727709594699416,0.07175238394684853,-0.0010185755230930627
A,voat,textblob_mean,0.11907603106138426,0.08699028216666656,-0.0320857488947177
A,reddit,subjectivity_mean,0.348413659123807,0.35095312794135936,0.0025394688175523483
A,voat,subjectivity_mean,0.3299513960865977,0.34849038841373076,0.018538992327133075
A,reddit,reputation_mean,4.861282542072622,4.810864676249504,-0.05041786582311758
A,voat,reputation_mean,,,
A,reddit,mean_clustering,0.0013142905697144998,0.0016330845980880668,0.000318794028373567
A,voat,mean_clustering,0.0,0.010249685088978167,0.010249685088978167
A,reddit,mean_degree,3.13151098554145,3.172131345298309,0.04062035975685907
A,voat,mean_degree,1.5828593782913545,2.033563667938975,0.4507042896476203
B,reddit,toxicity_mean,0.11667113069440987,0.11220486578559356,-0.0044662649088163114
B,voat,toxicity_mean,0.248534716836169,0.2558540546999908,0.007319337863821773
B,reddit,vader_mean,0.10590161087876916,0.11386905654747607,0.007967445668706913
B,voat,vader_mean,-0.002863351051040067,-0.016042392438258234,-0.013179041387218168
B,reddit,textblob_mean,0.09611224791779843,0.0973882853665371,0.001276037448738665
B,voat,textblob_mean,0.04000915793727067,0.04435858713352544,0.004349429196254771
B,reddit,subjectivity_mean,0.3586579325331994,0.3553189714822511,-0.0033389610509482748
B,voat,subjectivity_mean,0.3311430782815159,0.3232211200993272,-0.007921958182188715
B,reddit,reputation_mean,4.715544995105984,4.5436583588020945,-0.17188663630388934
B,voat,reputation_mean,,,
B,reddit,mean_clustering,0.0012462097112573333,0.0009772676641962,-0.0002689420470611333
B,voat,mean_clustering,0.013648150432657801,0.0005106981840661333,-0.013137452248591669
B,reddit,mean_degree,3.08752677631227,3.063914998019717,-0.0236117782925529
B,voat,mean_degree,2.159984770871541,2.0097755947486795,-0.15020917612286144
C,reddit,toxicity_mean,0.14423001118608655,0.13514375418626348,-0.009086256999823072
C,voat,toxicity_mean,0.2469926863655415,0.249028871467688,0.0020361851021465094
C,reddit,vader_mean,0.07339489897967214,0.100658266320775,0.027263367341102865
C,voat,vader_mean,-0.025892923631948405,-0.008230557119397734,0.01766236651255067
C,reddit,textblob_mean,0.08878857445842282,0.10031872617038301,0.011530151711960188
C,voat,textblob_mean,0.0419842759405644,0.06375353254324133,0.02176925660267693
C,reddit,subjectivity_mean,0.37041348648022304,0.3746024163211618,0.004188929840938771
C,voat,subjectivity_mean,0.3200606322094287,0.3404356780642694,0.02037504585484068
C,reddit,reputation_mean,4.728030273362159,5.028095642604854,0.3000653692426951
C,voat,reputation_mean,,,
C,reddit,mean_clustering,0.0015719390374757333,0.0012869617623524666,-0.0002849772751232667
C,voat,mean_clustering,0.0093589756653885,0.018560485165912934,0.009201509500524434
C,reddit,mean_degree,3.10706077098568,3.089065569182459,-0.017995201803220784
C,voat,mean_degree,2.183984249400272,2.256955251820511,0.07297100242023902
