month,n_nodes,n_edges,n_newcomers,n_existing,newcomer_gini,existing_gini,hub_threshold_p90,newcomer_hub_rate,newcomer_degree_share,newcomer_pop_share,degree_share_ratio,mean_newcomer_degree,mean_existing_degree
2014-05,3,2,0,3,,0.16666666666666666,,,0.0,0.0,,,1.3333333333333333
2014-06,5,3,0,5,,0.13333333333333333,,,0.0,0.0,,,1.2
2014-09,4,2,0,4,,0.0,,,0.0,0.0,,,1.0
2014-12,2,1,0,2,,0.0,,,0.0,0.0,,,1.0
2015-01,2,1,0,2,,0.0,,,0.0,0.0,,,1.0
2015-02,39,30,0,39,,0.26837606837606837,,,0.0,0.0,,,1.5384615384615385
2015-03,28,20,0,28,,0.24107142857142858,,,0.0,0.0,,,1.4285714285714286
2015-04,24,17,0,24,,0.2622549019607843,,,0.0,0.0,,,1.4166666666666667
2015-05,69,59,0,69,,0.36845983787767134,,,0.0,0.0,,,1.710144927536232
2015-06,260,229,0,260,,0.388562311051394,,,0.0,0.0,,,1.7615384615384615
2015-07,829,776,765,64,0.3702283796401443,0.6470695525291829,7.700000000000003,0.02483660130718954,0.8344072164948454,0.9227985524728589,0.9042138332996429,1.6928104575163399,4.015625
2015-08,368,384,338,30,0.3816065741754654,0.7186219739292365,11.600000000000009,0.011834319526627219,0.7669270833333334,0.9184782608695652,0.8349975345167654,1.742603550295858,5.966666666666667
2015-09,316,346,284,32,0.4375906172328086,0.6452702702702703,9.900000000000002,0.02464788732394366,0.7861271676300579,0.8987341772151899,0.8747048766587967,1.9154929577464788,4.625
2015-10,401,502,365,36,0.4797217687557669,0.7112068965517241,17.5,0.01643835616438356,0.7689243027888446,0.9102244389027432,0.8447634121050046,2.115068493150685,6.444444444444445
2015-11,242,248,214,28,0.4363776174139359,0.5710749646393211,9.800000000000004,0.014018691588785047,0.7963709677419355,0.8842975206611571,0.9005690382876093,1.8457943925233644,3.607142857142857
2015-12,234,256,211,23,0.4638570226336537,0.6242236024844721,4.0,0.05687203791469194,0.8359375,0.9017094017094017,0.9270586492890995,2.028436018957346,3.652173913043478
2016-01,240,269,220,20,0.4011390757214146,0.6802521008403362,13.100000000000001,0.00909090909090909,0.7788104089219331,0.9166666666666666,0.8496113551875634,1.9045454545454545,5.95
2016-02,218,229,201,17,0.40470723306544204,0.6120150187734669,9.400000000000002,0.014925373134328358,0.7947598253275109,0.9220183486238532,0.8619783180169023,1.8109452736318408,5.529411764705882
2016-03,206,229,192,14,0.35914784527518173,0.6991657977059437,17.70000000000001,0.010416666666666666,0.7008733624454149,0.9320388349514563,0.751978711790393,1.671875,9.785714285714286
2016-04,218,261,201,17,0.4091292882844264,0.7820567075751164,5.400000000000002,0.04975124378109453,0.7337164750957854,0.9220183486238532,0.7957720973675683,1.9054726368159205,8.176470588235293
2016-05,204,219,190,14,0.3456477732793522,0.7437641723356009,29.60000000000003,0.0,0.7123287671232876,0.9313725490196079,0.7648161499639509,1.6421052631578947,9.0
2016-06,169,168,159,10,0.3564586357039187,0.718421052631579,22.59999999999999,0.006289308176100629,0.7738095238095238,0.9408284023668639,0.8224767894579216,1.6352201257861636,7.6
2016-07,165,171,158,7,0.3334651898734177,0.6378737541528239,37.800000000000004,0.0,0.7485380116959064,0.9575757575757575,0.7817010881634466,1.620253164556962,12.285714285714286
2016-08,226,256,213,13,0.3901930099113198,0.722158438576349,26.000000000000018,0.0,0.73828125,0.9424778761061947,0.7833406690140845,1.7746478873239437,10.307692307692308
2016-09,162,164,155,7,0.27131647776809065,0.7331536388140162,41.800000000000026,0.0,0.676829268292683,0.9567901234567902,0.7073957513768686,1.4322580645161291,15.142857142857142
2016-10,131,129,121,10,0.2654294137547726,0.7459770114942529,14.69999999999998,0.0,0.6627906976744186,0.9236641221374046,0.7175667883913127,1.4132231404958677,8.7
2016-11,196,206,188,8,0.29309281529448045,0.7169117647058824,51.79999999999999,0.0,0.6699029126213593,0.9591836734693877,0.6984094195414171,1.4680851063829787,17.0
2016-12,185,183,176,9,0.36044153657790023,0.6473429951690821,20.6,0.0,0.8114754098360656,0.9513513513513514,0.8529713114754098,1.6875,7.666666666666667
2017-01,174,182,165,9,0.38886739737803566,0.7696476964769647,17.600000000000012,0.012121212121212121,0.7747252747252747,0.9482758620689655,0.816983016983017,1.709090909090909,9.11111111111111
2017-02,222,239,218,4,0.4553305915849415,0.5174418604651163,23.100000000000005,0.009174311926605505,0.9100418410041841,0.9819819819819819,0.9267398564354535,1.9954128440366972,10.75
2017-03,189,213,180,9,0.4985967926689576,0.5789473684210527,10.000000000000002,0.03333333333333333,0.9107981220657277,0.9523809523809523,0.9563380281690141,2.1555555555555554,4.222222222222222
2017-04,188,192,179,9,0.42734143936904373,0.5404040404040404,9.600000000000001,0.027932960893854747,0.8854166666666666,0.9521276595744681,0.9299348230912476,1.899441340782123,4.888888888888889
2017-05,154,149,150,4,0.39977528089887643,0.5080645161290323,16.400000000000002,0.006666666666666667,0.8959731543624161,0.974025974025974,0.9198657718120805,1.78,7.75
2017-06,124,121,118,6,0.45927801012546776,0.3181818181818182,3.5,0.059322033898305086,0.9545454545454546,0.9516129032258065,1.0030816640986133,1.9576271186440677,1.8333333333333333
2017-07,147,173,141,6,0.47306624919945917,0.5425531914893617,19.0,0.0070921985815602835,0.8641618497109826,0.9591836734693877,0.9009346943795351,2.120567375886525,7.833333333333333
2017-08,171,188,163,8,0.47542316505284943,0.6363636363636364,14.799999999999997,0.012269938650306749,0.8829787234042553,0.9532163742690059,0.9263151024670409,2.03680981595092,5.5
2017-09,221,245,214,7,0.47048580497266795,0.683982683982684,23.200000000000017,0.009345794392523364,0.8653061224489796,0.9683257918552036,0.893610528323479,1.9813084112149533,9.428571428571429
2017-10,188,196,182,6,0.4421598231796532,0.6196581196581197,16.0,0.005494505494505495,0.9005102040816326,0.9680851063829787,0.9301973536667414,1.9395604395604396,6.5
2017-11,106,99,103,3,0.3697363129775378,0.5287356321839081,20.400000000000002,0.009708737864077669,0.8535353535353535,0.9716981132075472,0.8783956065509463,1.6407766990291262,9.666666666666666
2017-12,87,88,85,2,0.45017717930545714,0.1,5.8,0.058823529411764705,0.9431818181818182,0.9770114942528736,0.9653743315508022,1.9529411764705882,5.0
2018-01,186,215,182,4,0.5123730174108008,0.6136363636363636,20.200000000000003,0.016483516483516484,0.9232558139534883,0.978494623655914,0.9435471505238946,2.181318681318681,8.25
2018-02,167,179,164,3,0.4702046626144495,0.4878048780487805,27.400000000000002,0.006097560975609756,0.8854748603351955,0.9820359281437125,0.9016725711949857,1.9329268292682926,13.666666666666666
2018-03,140,147,135,5,0.4904178199551865,0.4,5.2,0.05925925925925926,0.95578231292517,0.9642857142857143,0.9911816578483245,2.0814814814814815,2.6
2018-04,112,115,110,2,0.474512987012987,0.16666666666666666,3.8,0.08181818181818182,0.9739130434782609,0.9821428571428571,0.9916205533596839,2.036363636363636,3.0
2018-05,122,127,117,5,0.4717385951953853,0.36363636363636365,4.2,0.06837606837606838,0.9566929133858267,0.9590163934426229,0.9975772259236826,2.076923076923077,2.2
2018-06,124,129,119,5,0.40799497369041077,0.7090909090909091,24.400000000000006,0.008403361344537815,0.8294573643410853,0.9596774193548387,0.8643085141033158,1.7983193277310925,8.8
2018-07,143,161,138,5,0.4744030862266708,0.6818181818181818,23.6,0.014492753623188406,0.8633540372670807,0.965034965034965,0.8946349806463229,2.0144927536231885,8.8
2018-08,105,109,99,6,0.40859461668710223,0.7148148148148148,20.5,0.010101010101010102,0.7935779816513762,0.9428571428571428,0.8416736169029747,1.7474747474747474,7.5
2018-09,129,134,125,4,0.33796923076923074,0.6952054794520548,48.500000000000014,0.0,0.7276119402985075,0.9689922480620154,0.7508955223880598,1.56,18.25
2018-10,111,114,40,71,0.02378048780487805,0.5822098365594638,3.0,0.0,0.17982456140350878,0.36036036036036034,0.4990131578947369,1.025,2.6338028169014085
2018-11,110,106,48,62,0.0915880503144654,0.5568066544938122,3.0,0.020833333333333332,0.25,0.43636363636363634,0.5729166666666667,1.1041666666666667,2.564516129032258
2018-12,72,64,34,38,0.2767106842737095,0.4460359760159893,5.0,0.029411764705882353,0.3828125,0.4722222222222222,0.8106617647058824,1.4411764705882353,2.0789473684210527
2019-01,64,63,27,37,0.21604938271604937,0.4996996996996997,4.399999999999999,0.0,0.2857142857142857,0.421875,0.6772486772486772,1.3333333333333333,2.4324324324324325
2019-02,64,58,26,38,0.09151193633952255,0.5133091349062311,3.3000000000000043,0.0,0.25,0.40625,0.6153846153846154,1.1153846153846154,2.289473684210526
2019-03,96,96,45,51,0.22372881355932203,0.5590446704997789,4.0,0.022222222222222223,0.3072916666666667,0.46875,0.6555555555555556,1.3111111111111111,2.607843137254902
2019-04,62,55,31,31,0.15518744551002617,0.4931506849315068,5.0,0.03225806451612903,0.33636363636363636,0.5,0.6727272727272727,1.1935483870967742,2.3548387096774195
2019-05,58,54,27,31,0.24074074074074073,0.48118279569892475,8.0,0.037037037037037035,0.3333333333333333,0.46551724137931033,0.7160493827160493,1.3333333333333333,2.3225806451612905
2019-06,69,63,40,29,0.08863636363636364,0.5651808242220353,7.399999999999999,0.0,0.3492063492063492,0.5797101449275363,0.6023809523809524,1.1,2.8275862068965516
2019-07,64,59,37,27,0.025604551920341393,0.5648148148148148,7.800000000000004,0.0,0.3220338983050847,0.578125,0.5570316078790655,1.027027027027027,2.962962962962963
2019-08,93,100,54,39,0.33017163504968383,0.615819209039548,3.0,0.018518518518518517,0.41,0.5806451612903226,0.706111111111111,1.5185185185185186,3.0256410256410255
2019-09,59,57,25,34,0.13241379310344828,0.5505190311418685,2.0,0.04,0.2543859649122807,0.423728813559322,0.6003508771929825,1.16,2.5
2019-10,62,57,29,33,0.060066740823136816,0.5213581599123768,8.200000000000003,0.0,0.2719298245614035,0.46774193548387094,0.5813672111312765,1.0689655172413792,2.515151515151515
2019-11,57,55,31,26,0.07969639468690702,0.5263157894736842,9.0,0.0,0.3090909090909091,0.543859649122807,0.5683284457478005,1.096774193548387,2.923076923076923
2019-12,42,39,23,19,0.07304347826086957,0.49652432969215493,7.0,0.0,0.32051282051282054,0.5476190476190477,0.5852842809364548,1.0869565217391304,2.789473684210526
2020-01,61,63,32,29,0.09722222222222222,0.5386973180076629,7.399999999999995,0.0,0.2857142857142857,0.5245901639344263,0.5446428571428571,1.125,3.103448275862069
2020-02,63,59,39,24,0.02435897435897436,0.6047008547008547,7.799999999999997,0.0,0.3389830508474576,0.6190476190476191,0.5475880052151239,1.0256410256410255,3.25
2020-03,69,69,44,25,0.059477756286266927,0.632087912087912,5.800000000000004,0.0,0.34057971014492755,0.6376811594202898,0.5340909090909092,1.0681818181818181,3.64
2020-04,108,108,63,45,0.15322751322751324,0.5985815602836879,8.200000000000003,0.015873015873015872,0.3472222222222222,0.5833333333333334,0.5952380952380952,1.1904761904761905,3.1333333333333333
2020-05,62,58,39,23,0.11282051282051282,0.5658297611757501,9.000000000000004,0.0,0.3879310344827586,0.6290322580645161,0.616710875331565,1.1538461538461537,3.0869565217391304
2020-06,100,98,68,32,0.17381289865343727,0.6507190265486725,3.8000000000000043,0.029411764705882353,0.42346938775510207,0.68,0.6227490996398559,1.2205882352941178,3.53125
2020-07,35,30,9,26,0.0,0.4291101055806938,4.0,0.0,0.15,0.2571428571428571,0.5833333333333334,1.0,1.9615384615384615
2020-08,37,32,9,28,0.08888888888888889,0.4166666666666667,4.900000000000002,0.0,0.15625,0.24324324324324326,0.642361111111111,1.1111111111111112,1.9285714285714286
2020-09,31,22,10,21,0.19230769230769232,0.2857142857142857,2.0,0.1,0.29545454545454547,0.3225806451612903,0.915909090909091,1.3,1.4761904761904763
2020-10,43,38,19,24,0.16018306636155608,0.49292452830188677,3.3999999999999986,0.05263157894736842,0.3026315789473684,0.4418604651162791,0.6849030470914127,1.2105263157894737,2.2083333333333335
2020-11,48,46,23,25,0.13848631239935588,0.56,2.6000000000000014,0.043478260869565216,0.29347826086956524,0.4791666666666667,0.612476370510397,1.173913043478261,2.6
2020-12,9,5,4,5,0.0,0.13333333333333333,1.6,0.0,0.4,0.4444444444444444,0.9000000000000001,1.0,1.2
