month,mean_toxicity_existing,mean_toxicity_newcomer,mean_vader_existing,mean_vader_newcomer,mean_textblob_existing,mean_textblob_newcomer,mean_subjectivity_existing,mean_subjectivity_newcomer,mean_reputation_existing,mean_reputation_newcomer,user_id_existing,user_id_newcomer,n_newcomers,n_existing,modularity,assortativity,ei_index,density_newcomer,density_existing
2014-04,0.0014637043932452798,,0.8225,,0.0,,0.0,,1.4437912260005814,,1.0,,,,,,,,
2014-05,0.15970174917747498,,0.08510125,,0.21104166666666668,,0.24458333333333332,,2.3743804190312776,,8.0,,0.0,3.0,,,,,
2014-06,0.0311944825060147,,0.0851875,,0.02317167207792208,,0.24075426887926887,,3.2776406981546042,,11.0,,0.0,5.0,,,,,
2014-07,0.001329074199020397,,0.10249791666666667,,0.11994877754820937,,0.2668221036118763,,4.233279968756693,,8.0,,,,,,,,
2014-08,0.0025140380021184683,,0.0,,0.0,,0.0,,1.6559238888784378,,1.0,,,,,,,,
2014-09,0.07379678683168354,,0.050272500000000005,,0.01403769841269841,,0.20423280423280424,,4.211937885965336,,7.0,,0.0,4.0,,,,,
2014-10,0.0007272927032317966,,0.0537,,-0.3,,0.45,,6.903390802192776,,1.0,,,,,,,,
2014-11,0.19031167030334473,,0.0,,0.0,,0.0,,1.8559528975568267,,1.0,,,,,,,,
2014-12,0.0013187853716469058,,0.22796666666666668,,-0.12411616161616161,,0.439520202020202,,3.135224351133946,,4.0,,0.0,2.0,,,,,
2015-01,0.18642140614489713,,-0.13547499999999998,,0.01388888888888889,,0.13888888888888887,,2.351370891030269,,6.0,,0.0,2.0,,,,,
2015-02,0.09403576942377831,,0.05028838678328474,,0.008363260888771096,,0.32912699639740456,,2.653927736925213,,49.0,,0.0,39.0,,,,,
2015-03,0.08362724654712739,,0.0729483943089431,,0.05836644554632359,,0.4138453410861947,,3.538299097362713,,41.0,,0.0,28.0,,,,,
2015-04,0.03647382196617805,,0.03498472222222223,,0.007386814574314576,,0.3894586499919833,,2.9744855625458277,,30.0,,0.0,24.0,,,,,
2015-05,0.07654851850807211,,0.07098226817042608,,0.06295590711479354,,0.2968541125943248,,3.376192378399278,,76.0,,0.0,69.0,,,,,
2015-06,0.10653257745030933,,0.09742875690322166,,0.053524387351244276,,0.3397894294681965,,2.9879703917190223,,329.0,,0.0,260.0,,,,,
2015-07,0.0765626268964656,0.08672253487051412,0.013604671916044381,0.10335918369483557,0.05651719228217294,0.07263831630656549,0.31124421378763634,0.337764895229631,9.446023040597403,2.4639058281186728,68.0,986.0,765.0,64.0,-0.008450187320650528,-0.030578549644697754,-0.43041237113402064,0.0018375936762139412,0.008928571428571428
2015-08,0.07412655026922,0.10415965507199279,0.04078211363148863,0.10279866633342878,0.0010378002038158324,0.08070011174155828,0.33235808879670486,0.3541647391787962,11.764799399411865,2.773676764809485,32.0,387.0,338.0,30.0,-0.025312635633680455,-0.07080460206201253,-0.234375,0.0038803926044282126,0.0367816091954023
2015-09,0.15555583592320316,0.11517629717190611,0.05850141414141414,0.06621421860019175,0.06737085065007142,0.053132764010707524,0.322991013115472,0.3552819232781571,9.506579602650417,2.939073934550105,33.0,298.0,284.0,32.0,-0.010558321360553215,-0.03139904610492858,-0.3063583815028902,0.0052754690688299405,0.028225806451612902
2015-10,0.08151496223325151,0.09433087445639798,-0.03128331633490672,0.08351048809790833,0.0271664651896822,0.05822709645618707,0.30595870102472883,0.34101289749614394,8.98044011993925,2.8875083436340803,39.0,383.0,365.0,36.0,-0.019142553292804884,-0.053868143648383125,-0.250996015936255,0.004395604395604396,0.03492063492063492
2015-11,0.14499997535334794,0.15656365394011243,0.055728860544217676,0.035470000185915077,0.06973224829408563,0.05778349032471461,0.26558762046485257,0.32419799894855794,11.171175573139525,3.534437877235772,28.0,226.0,214.0,28.0,-0.026477952653485962,-0.08163930317082344,-0.29838709677419356,0.006757053222763372,0.018518518518518517
2015-12,0.13939157165245095,0.12839765364249467,0.0027370255348516236,0.07877040793864323,0.07141374182523251,0.06001121595980201,0.3064828370961911,0.3530977995885003,9.72265798761086,3.41459327320028,23.0,221.0,211.0,23.0,-0.0225830078125,-0.08233199821984868,-0.40625,0.007944030692845858,0.015810276679841896
2016-01,0.1448814618103944,0.13873956599868104,0.07049042297979798,0.04921533224530364,-0.025882673460798464,0.08058292018774128,0.320299172278339,0.350092366896472,9.141908584705488,3.135054790722772,22.0,253.0,220.0,20.0,-0.023500228023382724,-0.06820962275124862,-0.26394052044609667,0.006641760066417601,0.05263157894736842
2016-02,0.10842863500982096,0.1295955778798661,0.026600171667413044,0.004582167589763177,0.06706148043416199,0.05943170106037753,0.23938673129765084,0.3529584191767375,13.99417510878423,3.074855579447779,18.0,220.0,201.0,17.0,-0.06677980969089081,-0.20469955576338547,-0.21397379912663755,0.00681592039800995,0.014705882352941176
2016-03,0.06761725118839247,0.13108825071882477,0.09980108919303016,0.06551061530574688,0.03517526789384797,0.0688729793068558,0.18472584856134966,0.31948375305475957,13.253889485688472,2.9269795614880505,17.0,209.0,192.0,14.0,-0.08288362159379113,-0.19767151010755615,0.004366812227074236,0.005617364746945899,0.12087912087912088
2016-04,0.12590123206236734,0.1666379595915216,0.086923268921095,0.03196619539200485,0.034364012094990355,0.056332958075620304,0.30947304507087114,0.3612086462723184,14.14108195884749,3.075997394936535,18.0,215.0,201.0,17.0,-0.09583681977657407,-0.24526175404324047,-0.02681992337164751,0.006368159203980099,0.04411764705882353
2016-05,0.18837108814174855,0.17023645289731815,-0.0856981391723356,-0.0004455860677783773,0.06985455640589569,0.0486131310824458,0.27747307256235826,0.3604959527380773,16.823511919475397,2.5843155595803893,14.0,195.0,190.0,14.0,-0.10158253581034592,-0.24786324786324776,0.0228310502283105,0.00556947925368978,0.07692307692307693
2016-06,0.11841940447154321,0.15926501339001897,0.14439052536231886,0.03231914558091482,0.08823907382246376,0.03388099980503827,0.1894555152979066,0.3159296814296814,12.962986914283585,2.6567258823878235,12.0,169.0,159.0,10.0,-0.06660997732426302,-0.19028340080971684,-0.16666666666666666,0.0075630921105007565,0.06666666666666667
2016-07,0.21257242253163788,0.2078661018172625,0.1107536645962733,0.0017541960784313749,0.034684674775707386,0.04753570400479539,0.2747958937198067,0.32271413059137144,12.629784886419674,2.713116693586073,10.0,170.0,158.0,7.0,-0.0913785438254506,-0.24273255813953476,-0.06432748538011696,0.007095057647343385,0.14285714285714285
2016-08,0.15496793514502252,0.1694889702406366,-0.11210037938252225,0.036003262886871584,0.012357364796686957,0.017769058804879844,0.3652407151178106,0.27915564905785206,12.212343319829104,2.2454262019821036,13.0,230.0,213.0,13.0,-0.090118408203125,-0.2331990839453526,-0.046875,0.005669235539020285,0.07692307692307693
2016-09,0.0842109439142015,0.1592502852449124,-0.09298578231292516,0.035322063492063495,0.005462686878503209,0.05375256366459017,0.2021561541884671,0.3066271367591443,24.327967179340508,2.458763266743832,7.0,165.0,155.0,7.0,-0.1600981558596074,-0.365969743328234,0.1951219512195122,0.005194805194805195,0.19047619047619047
2016-10,0.08633738920629244,0.1887213629863615,-0.015244844583987427,-0.021448473282442745,0.0714674427613203,0.04342851385432492,0.2400688856494979,0.3300268926954678,20.16909370347792,2.1574763379019397,10.0,131.0,121.0,10.0,-0.11889309536686497,-0.26598104456543625,0.13178294573643412,0.00674931129476584,0.15555555555555556
2016-11,0.1324417868942493,0.15176656004549594,-0.12588847515236756,0.05670884464241261,0.019660487643412217,0.05849732568400445,0.29691584677563937,0.3325425972337015,27.858567602082523,2.349221069105601,9.0,206.0,188.0,8.0,-0.14025827127910262,-0.31713554987212306,0.1650485436893204,0.004437364887928092,0.2857142857142857
2016-12,0.030624749379483267,0.1516700481604702,-0.1683334245014245,0.0028766626602564093,-0.001938649313649314,0.043336539334462194,0.3285367132867133,0.33427193150695755,23.237267937805044,2.527242812111791,9.0,192.0,176.0,9.0,-0.04922511869569113,-0.16088420436246528,-0.2896174863387978,0.007532467532467533,0.05555555555555555
2017-01,0.09280067140576209,0.17724454158570932,-0.052484439655172396,0.004858545299840365,-0.026422525231792466,0.03483139063962801,0.2107804232804233,0.36844592229796563,11.459037878592207,2.5837566367492464,10.0,186.0,165.0,9.0,-0.06853037072817286,-0.1963328143919737,-0.16483516483516483,0.007612712490761272,0.08333333333333333
2017-02,0.19462755240280585,0.1958872322933187,-0.1509786549707602,0.011771647897413855,0.0278930257932451,0.07734000532277349,0.2365738359269061,0.35220435858672783,22.263026286647857,2.668470834271949,6.0,235.0,218.0,4.0,0.0005514609338072452,0.003368083400160512,-0.6736401673640168,0.008371031158838202,0.3333333333333333
2017-03,0.10018787244114277,0.1615260085440682,0.013263752587991718,-0.03207725719000471,0.024952956341737397,0.038737358737326234,0.2789470286442336,0.3383714889384558,11.351435502365423,3.026397122069435,10.0,202.0,180.0,9.0,0.002865392669003137,0.017634291915354934,-0.6807511737089202,0.010986964618249535,0.05555555555555555
2017-04,0.2659664516549649,0.2004812985355389,0.08839062678062677,0.03643104238258877,0.011244105688550131,0.037820429324364344,0.2034487117820451,0.3422663114240802,10.036884254242967,2.67432473965019,9.0,194.0,179.0,9.0,0.004991319444444545,0.024598930481282776,-0.6041666666666666,0.009478375494319251,0.08333333333333333
2017-05,0.46291785960622495,0.15471308151371957,-0.01097222222222222,-0.019548571044340275,-0.06597222222222222,0.05606473381503639,0.38744212962962965,0.28311009500829293,14.123365268898759,2.7627562875354803,4.0,169.0,150.0,4.0,0.005202468357281156,0.027908662558898227,-0.6375838926174496,0.010738255033557046,0.3333333333333333
2017-06,0.27153724567255094,0.13985981991381666,-0.06841156462585034,0.04605741511516887,-0.006681075207860918,0.03672704481433691,0.23792517006802721,0.32731795425825955,7.2011911238833965,2.761657931470514,7.0,133.0,118.0,6.0,-0.004132231404958615,-0.04761904761904884,-0.8181818181818182,0.015935100680863394,0.0
2017-07,0.22372762374718494,0.18619389420261234,0.03440464285714285,-0.030763538824045155,-0.04864415842094414,0.07554174691112417,0.3313375535399345,0.34233797273255345,12.281871904902369,2.7876393954454888,6.0,158.0,141.0,6.0,-0.03690400614788334,-0.15719063545150463,-0.45664739884393063,0.01276595744680851,0.0
2017-08,0.1565836779746037,0.23683458260622045,0.07385619047619048,-0.0301615091072661,0.08802000661375661,0.03472603092892024,0.23712632275132275,0.337294359188325,7.7785815402844465,2.8419431729048403,8.0,168.0,163.0,8.0,-0.0061113626075147975,-0.029572836801752184,-0.574468085106383,0.01105809285768386,0.07142857142857142
2017-09,0.13684493293915342,0.20285852354610776,0.04843641289744738,0.0452364149558086,0.04946505875077304,0.03890860018574318,0.21155701441415728,0.3327116204164974,12.320700057205585,2.6380445180704837,7.0,227.0,214.0,7.0,-0.028121615993336034,-0.12064036592338463,-0.4775510204081633,0.007897854416216928,0.047619047619047616
2017-10,0.07693127439054537,0.1744777677485719,0.00854225774225774,0.025398470052523613,0.056903984903984905,0.05993476970219882,0.25029532812866145,0.3019250951861022,14.941068773236056,2.9696348176336533,6.0,186.0,182.0,6.0,-0.009592357351103788,-0.0535338127406119,-0.6224489795918368,0.009592617327423957,0.06666666666666667
2017-11,0.06209180417624679,0.16972662631388535,0.08463131313131313,0.0023696521739130457,0.004629629629629634,0.037956749730792175,0.28885327635327634,0.32809459289081444,14.92043866361611,3.1930980610887945,3.0,115.0,103.0,3.0,-0.022701765126007536,-0.09079779636808852,-0.45454545454545453,0.013516086046068913,0.3333333333333333
2017-12,0.2391813295398606,0.2356013220914056,0.14304999999999998,-0.054331320105820105,-0.015616861979166667,0.01074955862140621,0.28739583333333335,0.31649934457970824,11.411683762379297,2.823677413935835,2.0,90.0,85.0,2.0,-0.006456611570247975,-0.06024096385542256,-0.7727272727272727,0.021848739495798318,0.0
2018-01,0.1193732836880372,0.2829609283187448,-0.06250875,5.582383217557959e-05,0.05750000000000001,0.04359034311457944,0.21375,0.3487508625797251,5.9889029491168015,2.7352228738846183,4.0,192.0,182.0,4.0,0.006825310978907557,0.04816426227005552,-0.7302325581395349,0.011171149292696254,0.3333333333333333
2018-02,0.11612110198009536,0.21233925234526388,0.03715021645021646,-0.021878021879187234,0.0545873099444528,0.06919279036246706,0.21439224474938764,0.3424052041836797,13.678416045788728,3.0731833550611,3.0,181.0,164.0,3.0,-0.003885646515402191,-0.019158267292451486,-0.5865921787709497,0.010474337872213078,0.6666666666666666
2018-03,0.2448648430306801,0.213702185461034,0.14620833333333333,-0.03834144676760394,0.029861111111111116,0.017600686954859737,0.08524305555555556,0.35314493079786696,6.318575529638646,3.0975394279774524,6.0,146.0,135.0,5.0,-0.0039104077004951925,-0.04626334519573026,-0.8231292517006803,0.014814814814814815,0.0
2018-04,0.08213545274485674,0.21611923777105777,0.1858858585858586,0.020375413105413107,0.18377074314574315,0.11176899926786805,0.4135792448292448,0.31156913411337744,8.029000617894669,2.7709789941503136,3.0,117.0,110.0,2.0,-0.0013610586011341642,-0.026785714285712258,-0.8956521739130435,0.01818181818181818,0.0
2018-05,0.14579289524560973,0.2701535596972919,-0.19877999999999998,0.011900944554021482,0.03555555555555556,0.04743202382981586,0.18222222222222223,0.3561379918563476,4.907853833623059,2.7002529523103664,5.0,117.0,117.0,5.0,-0.003751007502015037,-0.045267489711935,-0.8267716535433071,0.017094017094017096,0.0
2018-06,0.013056143183660296,0.2532391729214592,0.012647142857142846,0.018891779152605922,0.004545454545454545,0.03718782032969322,0.04967532467532468,0.3140186794728415,6.081250595289467,2.5213207370449275,5.0,127.0,119.0,5.0,-0.04266570518598643,-0.1508071367884453,-0.3488372093023256,0.012248967383563595,0.1
2018-07,0.09364769815001636,0.2716403964524999,-0.10017000000000001,-0.017053486938349006,0.037055555555555564,0.00123749860794196,0.24233333333333335,0.34400066931335405,5.945548379274778,2.770881329153749,5.0,145.0,138.0,5.0,-0.02492187801396551,-0.10562459123610254,-0.4782608695652174,0.012482809690045489,0.1
2018-08,0.04856456271873968,0.21889573589942302,0.02070833333333334,-0.013915206386292834,0.03421474358974359,0.04818381703749695,0.2078525641025641,0.3323148872155881,7.432871979139983,2.9816332852920953,6.0,107.0,99.0,6.0,-0.011825603905395193,-0.03609505459216459,-0.3211009174311927,0.014017728303442589,0.26666666666666666
2018-09,0.2932207886023238,0.2687322580708233,-0.06221655172413795,-0.0822907724867725,0.023935185185185184,-0.00219484098353146,0.2603296615581098,0.3252657759886596,14.357375926200268,2.5754646629770725,4.0,135.0,125.0,4.0,-0.10361439073290267,-0.2613979627678255,0.0,0.008258064516129033,0.5
2018-10,0.19498687419305413,0.26758048460686806,-0.010940570175438593,-0.0037722826086956556,0.06852567102731577,-0.004653999884978147,0.30549254871184695,0.37119390887393605,3.6992778604954797,1.873113831131385,76.0,46.0,40.0,71.0,-0.06467374576792854,-0.21925133689839535,-0.2807017543859649,0.0,0.02937625754527163
2018-11,0.2970243943741695,0.2152919671543014,-0.02769996807795699,-0.01839711538461538,0.006424514118037754,0.06929133366633367,0.3400066466158596,0.4227174908424909,4.154277723808839,1.57712617829324,64.0,52.0,48.0,62.0,-0.01179245283018869,-0.031446540880503214,-0.22641509433962265,0.005319148936170213,0.03120042305658382
2018-12,0.25465198871197725,0.273436946758981,-0.0358953488372093,0.04919127450980392,0.06823894698552702,-0.006139136462665874,0.23877936688128207,0.30500782333135273,3.60294520613624,2.422494342968141,43.0,34.0,34.0,38.0,-0.1368408203125,-0.28958925342288816,0.21875,0.008912655971479501,0.02844950213371266
2019-01,0.1729950961335183,0.229302049719865,-0.06791521464646465,-0.07816034482758621,-0.005037695714779044,0.028673713738368915,0.22170499831958165,0.3104361658456486,3.48435223585913,1.838505573899421,44.0,29.0,27.0,37.0,-0.06802721088435379,-0.1666666666666669,-0.047619047619047616,0.008547008547008548,0.04504504504504504
2019-02,0.20945903178307204,0.29007964520628204,-0.0157863354037267,-0.07749172413793103,0.06777897766484724,0.021825241329551673,0.3238521864608821,0.3369002006933042,3.02203714482543,2.22332004014572,46.0,29.0,26.0,38.0,-0.0905172413793103,-0.2413793103448274,-0.06896551724137931,0.003076923076923077,0.04267425320056899
2019-03,0.2024535716024506,0.39715395386782704,-0.032209271538918595,-0.03510451388888888,0.0284059780707508,0.04988134802532124,0.308913349178055,0.3991503330498866,3.042219745229688,1.8698650688522547,55.0,48.0,45.0,51.0,-0.04302300347222221,-0.10105772906843376,-0.0625,0.007070707070707071,0.034509803921568626
2019-04,0.24146438112169047,0.3375953377321518,0.04287348484848485,-0.11892277777777778,0.08251785251785253,-0.020505070546737215,0.3922600129147748,0.3487048059964727,3.7182212789908613,2.1474707377892486,33.0,30.0,31.0,31.0,-0.18991735537190088,-0.4253980007404664,0.2727272727272727,0.002150537634408602,0.04086021505376344
2019-05,0.16304569545709197,0.312185245360979,0.1511639523809524,-0.11125234375,0.173013290859273,0.1296198593073593,0.34961497199890057,0.47028707837301587,3.6039455491237082,1.7198146513380097,35.0,32.0,27.0,31.0,0.0,0.0,-0.1111111111111111,0.017094017094017096,0.05161290322580645
2019-06,0.2846666961079028,0.24400348846808942,-0.048476262626262624,-0.035229166666666666,0.05422867063492064,0.0415542328042328,0.2618351771685105,0.36232804232804233,3.5334103117321463,1.8260138052849915,33.0,42.0,40.0,29.0,-0.14865205341395824,-0.32705099778270535,0.20634920634920634,0.0038461538461538464,0.054187192118226604
2019-07,0.19098444632304476,0.3946811362938322,-0.01423427302477793,-0.1445612393162393,0.031521758693362475,0.025002272418939084,0.30733517553365725,0.36502672636005973,4.474965299597073,1.8914500629808049,31.0,39.0,37.0,27.0,-0.1735133582303936,-0.39736842105263154,0.22033898305084745,0.0015015015015015015,0.06267806267806268
2019-08,0.19155081008837255,0.3749041428098629,-0.01276075207860923,-0.2004728947368421,0.016808704963466866,-0.008020495050758206,0.23289971235407744,0.36750800278112306,3.6297687746963865,2.7739267810192016,42.0,57.0,54.0,39.0,-0.07620000000000002,-0.15750310045473334,0.12,0.009084556254367574,0.04183535762483131
2019-09,0.4167612128686441,0.28195951632612076,-0.15281022448979592,0.1154037037037037,0.02024352296733249,0.08020282186948853,0.3681050919098538,0.382685524352191,4.050030092048729,2.6899528130482064,35.0,27.0,25.0,34.0,-0.05924899969221298,-0.15618661257606486,-0.12280701754385964,0.006666666666666667,0.053475935828877004
2019-10,0.2932060995250053,0.36420287668297535,-0.14803761904761906,-0.12838999999999998,-0.07488107263107262,0.04030935846560846,0.2561512746512747,0.2880866402116402,3.076473019698043,1.7528856323800956,35.0,30.0,29.0,33.0,-0.1478916589719914,-0.37349397590361416,0.08771929824561403,0.0,0.04924242424242424
2019-11,0.303617377270499,0.263059323518731,-0.09248488906926407,0.09639500000000001,0.019336758851267778,0.08039087301587303,0.32704292722229583,0.32197134038800707,3.825616850514461,1.678142599329368,28.0,30.0,31.0,26.0,-0.15471074380165292,-0.3622291021671825,0.16363636363636364,0.002150537634408602,0.06769230769230769
2019-12,0.2412855936476042,0.16713897342889963,0.028828825757575754,0.1001,0.06768952240536091,0.03628643471277399,0.29851696058858324,0.3983189247921391,3.661029016732452,2.065167658034258,20.0,28.0,23.0,19.0,-0.205456936226167,-0.4716981132075474,0.28205128205128205,0.0,0.08187134502923976
2020-01,0.2990012805535042,0.24621891742197996,-0.0673022037037037,0.11977499999999999,0.047140106421356416,0.010376301980847435,0.25973190235690236,0.40912959417926953,3.5404464575703867,2.0279566786502903,30.0,35.0,32.0,29.0,-0.16326530612244902,-0.4,0.14285714285714285,0.0,0.0665024630541872
2020-02,0.3870271542741865,0.4345119810307149,-0.27798950892857144,-0.2628395348837209,-0.11663691531192366,-0.042219222960502026,0.44589135070063374,0.2955015688445921,3.6998351731524246,1.9104098160372256,24.0,43.0,39.0,24.0,-0.19592071243895437,-0.4371794871794871,0.288135593220339,0.001349527665317139,0.07246376811594203
2020-03,0.23593219093748505,0.3213503654671109,-0.04734360119047619,-0.14530243961352657,-0.020818255095598846,-0.01824494557374992,0.27195353835978836,0.34695017854528726,3.412580426147051,2.116589597398481,28.0,46.0,44.0,25.0,-0.2030035706784289,-0.45195230301613276,0.30434782608695654,0.0010570824524312897,0.07666666666666666
2020-04,0.31113140824995794,0.2733195091389813,-0.10390628747795413,-0.04872847222222222,0.05285215594979904,0.0413619418133307,0.2992015086951956,0.37176207569436737,3.434023506564261,1.9068787882945044,45.0,72.0,63.0,45.0,-0.05594135802469136,-0.1234042553191492,0.018518518518518517,0.005120327700972862,0.043434343434343436
2020-05,0.1468009594502089,0.3067678388185052,0.029519861111111104,-0.04223706349206349,0.10671119678932178,0.01314078282828283,0.35934372244268076,0.33069067947044134,3.773094354519662,2.141756412985767,24.0,42.0,39.0,23.0,-0.2664982164090368,-0.561189358372457,0.4827586206896552,0.001349527665317139,0.05533596837944664
2020-06,0.21540124744815628,0.33899114362905325,0.0450140522875817,-0.0012410798122065659,-0.013470966669496084,-0.0017761213747129248,0.3008039427892369,0.3483501564945227,3.4015963792376755,2.0034356449812223,34.0,71.0,68.0,32.0,-0.17497917534360685,-0.35835376905853494,0.32653061224489793,0.003950834064969272,0.04838709677419355
2020-07,0.21694272725976754,0.25224737922609264,-0.0015696078431372542,0.2145222222222222,0.00480677456167652,0.16569865319865318,0.35829887047411557,0.36820185986852655,3.392057884147675,1.6068604973138068,34.0,9.0,9.0,26.0,-0.045000000000000075,-0.17647058823529377,-0.4,0.0,0.06461538461538462
2020-08,0.342391896807651,0.20836466651073554,0.004918568181818181,-0.013727777777777783,0.043120061546197914,0.07199074074074074,0.38134085478214264,0.36597222222222225,2.998335038668057,1.7992576296766158,30.0,9.0,9.0,28.0,-0.048828125,-0.18518518518518517,-0.375,0.0,0.0582010582010582
2020-09,0.14728730587015926,0.14782400336601617,0.10018813131313133,0.20585,-0.017620763346852357,0.15945538720538718,0.35965616117888843,0.4357003367003367,3.9058398883570784,2.1802174807933326,22.0,12.0,10.0,21.0,-0.08367768595041324,-0.20099255583126527,0.0,0.022222222222222223,0.047619047619047616
2020-10,0.2927144305114052,0.23916928379504387,-0.145468,0.0288780701754386,0.0238016810966811,0.10258458646616542,0.2782037301587302,0.39364661654135336,2.733689242125239,2.2271762800295942,25.0,19.0,19.0,24.0,-0.07790858725761773,-0.184577522559475,0.0,0.011695906432748537,0.06159420289855073
2020-11,0.32411759165560033,0.26008196002270173,0.05177913978494624,-0.03337458333333333,0.05619177659116215,0.02578971009700176,0.25946167475353343,0.3676792879188713,3.0682087446982202,1.9210701649310027,31.0,24.0,23.0,25.0,-0.08530245746691875,-0.2056980056980059,0.0,0.007905138339920948,0.07
2020-12,0.18084781233504016,0.47606670189027983,0.021311428571428568,-0.2374333333333333,-0.11357142857142857,0.07628968253968253,0.2757936507936508,0.22351190476190477,7.572950624012074,3.6763419804634463,7.0,3.0,4.0,5.0,0.08000000000000004,0.16666666666666663,-0.2,0.16666666666666666,0.2
