community,cohort,n_months,mean_equal_user_probability,mean_activity_weighted_probability,mean_activity_minus_equal,median_abs_difference,max_abs_difference,activity_weighted_higher_share,pearson_correlation
funny,all,82,0.2045034937357582,0.18783208371432775,-0.01667141002143048,0.01847933580836189,0.08347696740141447,0.08536585365853659,0.9775253373324548
funny,existing,82,0.19098139309911247,0.1568077064397676,-0.03417368665934488,0.02705341647289889,0.17501041208744084,0.08536585365853659,0.8903979049152098
funny,newcomer,67,0.2367752385694599,0.23270740859107505,-0.004067829978384793,0.007736954247697186,0.04198955215127906,0.31343283582089554,0.9632493938322971
gaming,all,80,0.1351516785054169,0.10424056169281211,-0.030911116812604788,0.028589902601972972,0.08401042647300311,0.0625,0.9687239069844226
gaming,existing,80,0.13326179197195237,0.09384907135222795,-0.03941272061972443,0.03893989368929507,0.117417633536879,0.075,0.9061492144387522
gaming,newcomer,67,0.1578499501083949,0.13056672696760005,-0.02728322314079481,0.02463127028466562,0.09713049854418757,0.04477611940298507,0.9489670593242158
gifs,all,81,0.1900054244751903,0.1618558152180516,-0.028149609257138712,0.027344755356445594,0.08792020092700403,0.07407407407407407,0.9764380679498369
gifs,existing,81,0.1710328086846819,0.135190044907845,-0.03584276377683688,0.029729494579763677,0.2114024564480267,0.18518518518518517,0.8935467423272362
gifs,newcomer,66,0.22528626740973492,0.20632974372506033,-0.01895652368467457,0.020326508671613785,0.08791323529903577,0.21212121212121213,0.9550366838325061
global,all,85,0.16841308870980248,0.14592752018990535,-0.022485568519897137,0.025356513830513946,0.04256608789521604,0.058823529411764705,0.9929243464421511
global,existing,85,0.16288669769287306,0.12608045519869873,-0.03680624249417433,0.038246068898229874,0.12263390338962575,0.058823529411764705,0.952354531491193
global,newcomer,67,0.2041580434722307,0.19166793192286144,-0.012490111549369295,0.01430367488719042,0.03858648815805865,0.11940298507462686,0.9818292979438895
pics,all,80,0.17267924650098285,0.14065052004064574,-0.03202872646033715,0.0341077810015252,0.06529560289642075,0.05,0.9884314375219474
pics,existing,80,0.1585422802497429,0.11636033968194073,-0.04218194056780217,0.03837077458366061,0.13107094734827718,0.1125,0.9414706661497314
pics,newcomer,67,0.20598626236257725,0.184633480956806,-0.02135278140577122,0.02144378423888607,0.061749554542467,0.13432835820895522,0.9654018596611932
technology,all,84,0.13092025536991447,0.10715518388692809,-0.023765071482986407,0.02181285953552021,0.09802870008581324,0.05952380952380952,0.9720472876798966
technology,existing,84,0.13660786599526306,0.09065494478128026,-0.04595292121398277,0.051135953991767534,0.17069513969477204,0.047619047619047616,0.9228131232251467
technology,newcomer,67,0.15348196246194834,0.14580039135919018,-0.007681571102758135,0.010531371388669025,0.07962787611410332,0.23880597014925373,0.9559468166375666
videos,all,84,0.18864228606295896,0.15616644064573748,-0.0324758454172215,0.03373208191860523,0.082103533729699,0.05952380952380952,0.9790797410191516
videos,existing,84,0.18416149654980382,0.13276814641892415,-0.051393350130879686,0.051720790780182574,0.1763315314422237,0.07142857142857142,0.8950767023897968
videos,newcomer,67,0.22632414857540592,0.20616569536443338,-0.020158453210972496,0.01838162122322831,0.07743136817356822,0.13432835820895522,0.947142896475194
